departement,siret,statut,motif,date
77,13001779100489,ajoute,,2026-10-08T10:36:00.124510+00:00
77,13001779100513,ajoute,,2026-10-08T10:36:00.251683+00:00
77,13001779100588,ajoute,,2026-10-08T10:36:00.346988+00:00
77,13002591900551,ajoute,,2026-10-08T10:36:00.558243+00:00
77,30431845400572,ajoute,,2026-10-08T10:36:00.761150+00:00
77,30449785204028,ajoute,,2026-10-08T10:36:00.963648+00:00
77,30536216203700,ajoute,,2026-10-08T10:36:01.173146+00:00
77,30536216203833,ajoute,,2026-10-08T10:36:01.391732+00:00
77,30889577001738,ajoute,,2026-10-08T10:36:01.601342+00:00
77,31778006200491,ajoute,,2026-10-08T10:36:01.778714+00:00
77,31890644300326,ajoute,,2026-10-08T10:36:01.983772+00:00
77,31890644300425,ajoute,,2026-10-08T10:36:02.187797+00:00
77,32077251001574,ajoute,,2026-10-08T10:36:02.402664+00:00
77,33888018001072,ajoute,,2026-10-08T10:36:02.600703+00:00
77,33888018001387,ajoute,,2026-10-08T10:36:02.816043+00:00
77,34200649101751,ajoute,,2026-10-08T10:36:03.004317+00:00
77,34200649102007,ajoute,,2026-10-08T10:36:03.209547+00:00
77,34738457000680,ajoute,,2026-10-08T10:36:03.417340+00:00
77,34792671900738,ajoute,,2026-10-08T10:36:03.624530+00:00
77,34867416902502,ajoute,,2026-10-08T10:36:03.822465+00:00
77,34867416902791,ajoute,,2026-10-08T10:36:04.023640+00:00
77,34949617402084,ajoute,,2026-10-08T10:36:04.360852+00:00
77,34997493101288,ajoute,,2026-10-08T10:36:04.424453+00:00
77,34997493101510,ajoute,,2026-10-08T10:36:04.631229+00:00
77,34997493101668,ajoute,,2026-10-08T10:36:04.832212+00:00
77,35144208200134,ajoute,,2026-10-08T10:36:05.037979+00:00
77,35144208200159,ajoute,,2026-10-08T10:36:05.246496+00:00
77,37804750001622,ajoute,,2026-10-08T10:36:05.441730+00:00
77,37804750001747,ajoute,,2026-10-08T10:36:05.649075+00:00
77,37958790001628,ajoute,,2026-10-08T10:36:05.860150+00:00
77,38012986611714,ajoute,,2026-10-08T10:36:06.055569+00:00
77,38012986611722,ajoute,,2026-10-08T10:36:06.276480+00:00
77,38012986611748,ajoute,,2026-10-08T10:36:06.476819+00:00
77,38012986611821,ajoute,,2026-10-08T10:36:06.660875+00:00
77,38012986612100,ajoute,,2026-10-08T10:36:06.860071+00:00
77,38240186700900,ajoute,,2026-10-08T10:36:07.064396+00:00
77,38290094200543,ajoute,,2026-10-08T10:36:07.256198+00:00
77,38290094200600,ajoute,,2026-10-08T10:36:07.495491+00:00
77,38290094200618,ajoute,,2026-10-08T10:36:07.657600+00:00
77,38290094200634,ajoute,,2026-10-08T10:36:07.869477+00:00
77,38290094200642,ajoute,,2026-10-08T10:36:08.068800+00:00
77,38290094200659,ajoute,,2026-10-08T10:36:08.259862+00:00
77,38290094200675,ajoute,,2026-10-08T10:36:08.541204+00:00
77,38290094200683,ajoute,,2026-10-08T10:36:08.678477+00:00
77,38290094200709,ajoute,,2026-10-08T10:36:08.880142+00:00
77,38290094200717,ajoute,,2026-10-08T10:36:09.086606+00:00
77,38290094200725,ajoute,,2026-10-08T10:36:09.292607+00:00
77,38290094200741,ajoute,,2026-10-08T10:36:09.511659+00:00
77,38290094200758,ajoute,,2026-10-08T10:36:09.686702+00:00
77,38290094200923,ajoute,,2026-10-08T10:36:09.899722+00:00
77,38290094200949,ajoute,,2026-10-08T10:36:10.096942+00:00
77,38290094200964,ajoute,,2026-10-08T10:36:10.304406+00:00
77,38290094200972,ajoute,,2026-10-08T10:36:10.500589+00:00
77,38290094200980,ajoute,,2026-10-08T10:36:10.702171+00:00
77,38290094200998,ajoute,,2026-10-08T10:36:10.923842+00:00
77,38370639700932,ajoute,,2026-10-08T10:36:11.138527+00:00
77,38521863100765,ajoute,,2026-10-08T10:36:11.315181+00:00
77,38521863100955,ajoute,,2026-10-08T10:36:11.612971+00:00
77,38943521501228,ajoute,,2026-10-08T10:36:11.733447+00:00
77,38943521501293,ajoute,,2026-10-08T10:36:11.938234+00:00
77,38943521501574,ajoute,,2026-10-08T10:36:12.148343+00:00
77,38943521501798,ajoute,,2026-10-08T10:36:12.587044+00:00
77,38943521501863,ajoute,,2026-10-08T10:36:12.577173+00:00
77,38943521501921,ajoute,,2026-10-08T10:36:12.769289+00:00
77,39371228601910,ajoute,,2026-10-08T10:36:12.989917+00:00
77,39748093000288,ajoute,,2026-10-08T10:36:13.178907+00:00
77,39811044501273,ajoute,,2026-10-08T10:36:13.386178+00:00
77,39811044501349,ajoute,,2026-10-08T10:36:13.949725+00:00
77,39897290101421,ajoute,,2026-10-08T10:36:13.796896+00:00
77,39897290101439,ajoute,,2026-10-08T10:36:14.004028+00:00
77,39897931000255,ajoute,,2026-10-08T10:36:14.216971+00:00
77,39897931000453,ajoute,,2026-10-08T10:36:14.403384+00:00
77,39931561300832,ajoute,,2026-10-08T10:36:14.615502+00:00
77,40046195001933,ajoute,,2026-10-08T10:36:14.814164+00:00
77,40046195001958,ajoute,,2026-10-08T10:36:15.062231+00:00
77,40125156601038,ajoute,,2026-10-08T10:36:15.275948+00:00
77,40125156601582,ajoute,,2026-10-08T10:36:15.498411+00:00
77,40125156601616,ajoute,,2026-10-08T10:36:15.631217+00:00
77,40370185700068,non_ajoute,unite_non_active,2026-10-08T10:36:15.893047+00:00
77,41003460703080,ajoute,,2026-10-08T10:36:16.044831+00:00
77,41003460703924,ajoute,,2026-10-08T10:36:16.299929+00:00
77,41014646800211,ajoute,,2026-10-08T10:36:16.544044+00:00
77,41035886502266,ajoute,,2026-10-08T10:36:16.651674+00:00
77,41035886502274,ajoute,,2026-10-08T10:36:16.846296+00:00
77,41035886502324,ajoute,,2026-10-08T10:36:17.060053+00:00
77,41035886502985,ajoute,,2026-10-08T10:36:17.265874+00:00
77,41481940902367,ajoute,,2026-10-08T10:36:17.463581+00:00
77,41481940902664,ajoute,,2026-10-08T10:36:17.670224+00:00
77,41481940902714,ajoute,,2026-10-08T10:36:17.891728+00:00
77,41481940902763,ajoute,,2026-10-08T10:36:18.232943+00:00
77,41481940902797,ajoute,,2026-10-08T10:36:18.314112+00:00
77,41809639200257,ajoute,,2026-10-08T10:36:18.542663+00:00
77,41809639200265,ajoute,,2026-10-08T10:36:18.719797+00:00
77,41809639200364,ajoute,,2026-10-08T10:36:18.939661+00:00
77,41809639200968,ajoute,,2026-10-08T10:36:19.126881+00:00
77,41809639201008,ajoute,,2026-10-08T10:36:19.331819+00:00
77,42203690500046,ajoute,,2026-10-08T10:36:19.529085+00:00
77,42203690500483,ajoute,,2026-10-08T10:36:19.743672+00:00
77,42203690500848,ajoute,,2026-10-08T10:36:19.949792+00:00
77,42303259800934,ajoute,,2026-10-08T10:36:20.208875+00:00
77,42855996702392,ajoute,,2026-10-08T10:36:20.365183+00:00
77,42855996702541,ajoute,,2026-10-08T10:36:20.559274+00:00
77,42995529700883,ajoute,,2026-10-08T10:36:20.790889+00:00
77,42995529700925,ajoute,,2026-10-08T10:36:20.997133+00:00
77,42995529700982,ajoute,,2026-10-08T10:36:21.341659+00:00
77,43198246100011,ajoute,,2026-10-08T10:36:21.401820+00:00
77,43198246100029,ajoute,,2026-10-08T10:36:21.609898+00:00
77,43198246100490,ajoute,,2026-10-08T10:36:21.822860+00:00
77,43198246100722,ajoute,,2026-10-08T10:36:22.010299+00:00
77,43198246100730,ajoute,,2026-10-08T10:36:22.216100+00:00
77,43198246100888,ajoute,,2026-10-08T10:36:22.426383+00:00
77,43198246100896,ajoute,,2026-10-08T10:36:22.632675+00:00
77,43400419801403,ajoute,,2026-10-08T10:36:22.832360+00:00
77,44028375200259,ajoute,,2026-10-08T10:36:23.031632+00:00
77,44028375200267,ajoute,,2026-10-08T10:36:23.241901+00:00
77,44094857800487,ajoute,,2026-10-08T10:36:23.457155+00:00
77,44094857800636,ajoute,,2026-10-08T10:36:23.654522+00:00
77,44094857800669,ajoute,,2026-10-08T10:36:23.864790+00:00
77,44094857800842,ajoute,,2026-10-08T10:36:24.064240+00:00
77,44094857800925,ajoute,,2026-10-08T10:36:24.328614+00:00
77,44442083001182,ajoute,,2026-10-08T10:36:24.532357+00:00
77,44533010300539,ajoute,,2026-10-08T10:36:24.736462+00:00
77,44533010300927,ajoute,,2026-10-08T10:36:24.941232+00:00
77,44886840601512,ajoute,,2026-10-08T10:36:25.145739+00:00
77,45132133501039,ajoute,,2026-10-08T10:36:25.352486+00:00
77,45132133501047,ajoute,,2026-10-08T10:36:25.556690+00:00
77,45132133501765,ajoute,,2026-10-08T10:36:25.904178+00:00
77,45164790301460,ajoute,,2026-10-08T10:36:26.068078+00:00
77,47050094301405,ajoute,,2026-10-08T10:36:26.171372+00:00
77,47718101000299,ajoute,,2026-10-08T10:36:26.375529+00:00
77,47835575301258,ajoute,,2026-10-08T10:36:26.581616+00:00
77,47835575301266,ajoute,,2026-10-08T10:36:26.783784+00:00
77,47835575301340,ajoute,,2026-10-08T10:36:26.989798+00:00
77,47845579304216,ajoute,,2026-10-08T10:36:27.190340+00:00
77,47845579304224,ajoute,,2026-10-08T10:36:27.402571+00:00
77,47918275000204,ajoute,,2026-10-08T10:36:27.603096+00:00
77,47918275000824,ajoute,,2026-10-08T10:36:27.809252+00:00
77,49278795702526,ajoute,,2026-10-08T10:36:28.033868+00:00
77,49278795702542,ajoute,,2026-10-08T10:36:28.221444+00:00
77,49278795702971,ajoute,,2026-10-08T10:36:28.416786+00:00
77,49278795702989,ajoute,,2026-10-08T10:36:28.627373+00:00
77,49278795702997,ajoute,,2026-10-08T10:36:28.832163+00:00
77,49398343100849,ajoute,,2026-10-08T10:36:29.047621+00:00
77,50056940501928,ajoute,,2026-10-08T10:36:29.248308+00:00
77,50369866404047,ajoute,,2026-10-08T10:36:29.441371+00:00
77,50369866404286,ajoute,,2026-10-08T10:36:29.747935+00:00
77,50369866404831,ajoute,,2026-10-08T10:36:29.856337+00:00
77,51509956200321,ajoute,,2026-10-08T10:36:30.061539+00:00
77,51509956200347,ajoute,,2026-10-08T10:36:30.266928+00:00
77,51509956200388,ajoute,,2026-10-08T10:36:30.466501+00:00
77,52388562200051,ajoute,,2026-10-08T10:36:30.807609+00:00
77,52388562200622,ajoute,,2026-10-08T10:36:30.893804+00:00
77,52503152201406,ajoute,,2026-10-08T10:36:31.078955+00:00
77,52503152201604,ajoute,,2026-10-08T10:36:31.296498+00:00
77,52864889206328,ajoute,,2026-10-08T10:36:31.597979+00:00
77,52864889206427,ajoute,,2026-10-08T10:36:31.702690+00:00
77,52864889206435,ajoute,,2026-10-08T10:36:31.898343+00:00
77,52864889206443,ajoute,,2026-10-08T10:36:32.109642+00:00
77,52864889206484,ajoute,,2026-10-08T10:36:32.276249+00:00
77,52881537602039,ajoute,,2026-10-08T10:36:32.499463+00:00
77,52881537602120,ajoute,,2026-10-08T10:36:32.690576+00:00
77,52881537602328,ajoute,,2026-10-08T10:36:32.902089+00:00
77,52881537602393,ajoute,,2026-10-08T10:36:33.117411+00:00
77,53116270900657,ajoute,,2026-10-08T10:36:33.335568+00:00
77,53116270900699,ajoute,,2026-10-08T10:36:33.524028+00:00
77,54206623806328,ajoute,,2026-10-08T10:36:33.731927+00:00
77,54207358003214,ajoute,,2026-10-08T10:36:33.934031+00:00
77,54207358003222,ajoute,,2026-10-08T10:36:34.152243+00:00
77,54207358003255,ajoute,,2026-10-08T10:36:34.332729+00:00
77,54207358003271,ajoute,,2026-10-08T10:36:34.550172+00:00
77,54209533601854,ajoute,,2026-10-08T10:36:34.736429+00:00
77,55208131703921,ajoute,,2026-10-08T10:36:34.954406+00:00
77,56207750300935,ajoute,,2026-10-08T10:36:35.131745+00:00
77,57202552600615,ajoute,,2026-10-08T10:36:35.357914+00:00
77,57214188500143,ajoute,,2026-10-08T10:36:35.562691+00:00
77,58212026704892,ajoute,,2026-10-08T10:36:35.772537+00:00
77,75033730500015,non_ajoute,ferme_ou_autre_departement,2026-10-08T10:36:35.961661+00:00
77,75480071200335,ajoute,,2026-10-08T10:36:36.184375+00:00
77,75480071200343,ajoute,,2026-10-08T10:36:36.475819+00:00
77,75480071200350,ajoute,,2026-10-08T10:36:36.583698+00:00
77,75480071200376,ajoute,,2026-10-08T10:36:36.859388+00:00
77,75480071200392,ajoute,,2026-10-08T10:36:37.003100+00:00
77,75480071200400,ajoute,,2026-10-08T10:36:37.333751+00:00
77,75480071200418,ajoute,,2026-10-08T10:36:37.405132+00:00
77,75480071200434,ajoute,,2026-10-08T10:36:37.645889+00:00
77,75480071200442,ajoute,,2026-10-08T10:36:37.807200+00:00
77,75480071200459,ajoute,,2026-10-08T10:36:38.024429+00:00
77,77566343801096,ajoute,,2026-10-08T10:36:38.209116+00:00
77,77566343801161,ajoute,,2026-10-08T10:36:38.419189+00:00
77,77566343801179,ajoute,,2026-10-08T10:36:38.637865+00:00
77,77567227231103,ajoute,,2026-10-08T10:36:38.839553+00:00
77,77567227231392,ajoute,,2026-10-08T10:36:39.029278+00:00
77,77567618202887,ajoute,,2026-10-08T10:36:39.227565+00:00
77,77568873203230,ajoute,,2026-10-08T10:36:39.434513+00:00
77,77568907801751,ajoute,,2026-10-08T10:36:39.643461+00:00
77,78493968802177,ajoute,,2026-10-08T10:36:39.850016+00:00
77,78493968802243,ajoute,,2026-10-08T10:36:40.055894+00:00
77,78493968802623,ajoute,,2026-10-08T10:36:40.265238+00:00
77,78493968802672,ajoute,,2026-10-08T10:36:40.472079+00:00
77,78493968802912,ajoute,,2026-10-08T10:36:40.681792+00:00
77,78493968802979,ajoute,,2026-10-08T10:36:40.890639+00:00
77,78493968803043,ajoute,,2026-10-08T10:36:41.080254+00:00
77,78493968803100,ajoute,,2026-10-08T10:36:41.287769+00:00
77,78692030600804,ajoute,,2026-10-08T10:36:41.514769+00:00
77,79823301103272,ajoute,,2026-10-08T10:36:41.779194+00:00
77,79823301103280,ajoute,,2026-10-08T10:36:41.930367+00:00
77,79823301103322,ajoute,,2026-10-08T10:36:42.129638+00:00
77,79823301103355,ajoute,,2026-10-08T10:36:42.332824+00:00
77,79823301103744,ajoute,,2026-10-08T10:36:42.537697+00:00
77,82887942900029,non_ajoute,ferme_ou_autre_departement,2026-10-08T10:36:42.742972+00:00
77,84410485100028,ajoute,,2026-10-08T10:36:43.110675+00:00
77,84410485100036,ajoute,,2026-10-08T10:36:43.166133+00:00
77,87978511100011,non_ajoute,unite_non_active,2026-10-08T10:36:43.352959+00:00
77,88280858701066,ajoute,,2026-10-08T10:36:43.566343+00:00
77,88280858701314,ajoute,,2026-10-08T10:36:43.780440+00:00
77,88362887701299,ajoute,,2026-10-08T10:36:43.990310+00:00
77,88461423100014,non_ajoute,unite_non_active,2026-10-08T10:36:44.159728+00:00
77,90160934700033,non_ajoute,ferme_ou_autre_departement,2026-10-08T10:36:44.377756+00:00
77,90271669500090,ajoute,,2026-10-08T10:36:44.583113+00:00
77,90271669500363,ajoute,,2026-10-08T10:36:44.788324+00:00
77,90271669500496,ajoute,,2026-10-08T10:36:44.983845+00:00
77,90271669500611,ajoute,,2026-10-08T10:36:45.194851+00:00
77,90271669500975,ajoute,,2026-10-08T10:36:45.392630+00:00
77,90523904200013,non_ajoute,unite_non_active,2026-10-08T10:36:45.587388+00:00
77,91820119500024,non_ajoute,ferme_ou_autre_departement,2026-10-08T10:36:45.855227+00:00
77,92910326500021,non_ajoute,ferme_ou_autre_departement,2026-10-08T10:36:46.039729+00:00
77,93537335700026,non_ajoute,ferme_ou_autre_departement,2026-10-08T10:36:46.234422+00:00
77,95354095200025,non_ajoute,non_diffusible,2026-10-08T10:36:46.442465+00:00
77,95354095200033,non_ajoute,non_diffusible,2026-10-08T10:36:46.647439+00:00
77,98007862000021,non_ajoute,unite_non_active,2026-10-08T10:36:46.849881+00:00
77,99882350402106,ajoute,,2026-10-08T10:36:47.053840+00:00
93,06880305500224,ajoute,,2026-10-08T10:36:47.258807+00:00
93,06880305500935,non_ajoute,ferme_ou_autre_departement,2026-10-08T10:36:47.466027+00:00
93,13002065401011,ajoute,,2026-10-08T10:36:47.673323+00:00
93,13002065401029,ajoute,,2026-10-08T10:36:47.904800+00:00
93,13002065401037,ajoute,,2026-10-08T10:36:48.079398+00:00
93,13002065401045,ajoute,,2026-10-08T10:36:48.249122+00:00
93,13002065401052,ajoute,,2026-10-08T10:36:48.523836+00:00
93,13002065401060,ajoute,,2026-10-08T10:36:48.676595+00:00
93,13002065401078,ajoute,,2026-10-08T10:36:48.875703+00:00
93,13002065401086,ajoute,,2026-10-08T10:36:49.073244+00:00
93,13002065401094,ajoute,,2026-10-08T10:36:49.314592+00:00
93,13002065401102,ajoute,,2026-10-08T10:36:49.486304+00:00
93,13002065401110,ajoute,,2026-10-08T10:36:49.703459+00:00
93,13002065401128,ajoute,,2026-10-08T10:36:49.905101+00:00
93,13002065401136,ajoute,,2026-10-08T10:36:50.158079+00:00
93,13002065401144,ajoute,,2026-10-08T10:36:50.313643+00:00
93,13002065401151,ajoute,,2026-10-08T10:36:50.517710+00:00
93,13002065401169,ajoute,,2026-10-08T10:36:50.719723+00:00
93,13002065401177,ajoute,,2026-10-08T10:36:50.928873+00:00
93,13002065401185,ajoute,,2026-10-08T10:36:51.135645+00:00
93,13002065401193,ajoute,,2026-10-08T10:36:51.331168+00:00
93,13002065401201,ajoute,,2026-10-08T10:36:51.530677+00:00
93,13002065401219,ajoute,,2026-10-08T10:36:51.742602+00:00
93,13002065401227,ajoute,,2026-10-08T10:36:51.955100+00:00
93,13002065401235,ajoute,,2026-10-08T10:36:52.164713+00:00
93,13002065401243,ajoute,,2026-10-08T10:36:52.365239+00:00
93,13002065401250,ajoute,,2026-10-08T10:36:52.575849+00:00
93,13002065401268,ajoute,,2026-10-08T10:36:52.781519+00:00
93,13002065401276,ajoute,,2026-10-08T10:36:52.986898+00:00
93,13002065401284,ajoute,,2026-10-08T10:36:53.200585+00:00
93,13002065401292,ajoute,,2026-10-08T10:36:53.410617+00:00
93,13002065401300,ajoute,,2026-10-08T10:36:53.617095+00:00
93,13002065401318,ajoute,,2026-10-08T10:36:53.835067+00:00
93,13002065401326,ajoute,,2026-10-08T10:36:54.019876+00:00
93,13002065401334,ajoute,,2026-10-08T10:36:54.238794+00:00
93,13002065401342,ajoute,,2026-10-08T10:36:54.444896+00:00
93,13002065401359,ajoute,,2026-10-08T10:36:54.654734+00:00
93,13002065401367,ajoute,,2026-10-08T10:36:54.856345+00:00
93,13002065401375,ajoute,,2026-10-08T10:36:55.073879+00:00
93,13002065401383,ajoute,,2026-10-08T10:36:55.264898+00:00
93,13002065401391,ajoute,,2026-10-08T10:36:55.470561+00:00
93,13002065401409,ajoute,,2026-10-08T10:36:55.684314+00:00
93,13002065401417,ajoute,,2026-10-08T10:36:55.877590+00:00
93,13002065401425,ajoute,,2026-10-08T10:36:56.166554+00:00
93,13002065401433,ajoute,,2026-10-08T10:36:56.295872+00:00
93,13002065401441,ajoute,,2026-10-08T10:36:56.524339+00:00
93,13002065401458,ajoute,,2026-10-08T10:36:56.717777+00:00
93,13002065401466,ajoute,,2026-10-08T10:36:56.936098+00:00
93,30438137900201,ajoute,,2026-10-08T10:36:57.136947+00:00
93,30652266504093,ajoute,,2026-10-08T10:36:57.337132+00:00
93,31587164000431,ajoute,,2026-10-08T10:36:57.630749+00:00
93,32044110802089,ajoute,,2026-10-08T10:36:57.745597+00:00
93,32044110802097,ajoute,,2026-10-08T10:36:57.960217+00:00
93,32077251001491,ajoute,,2026-10-08T10:36:58.163321+00:00
93,32933888302126,ajoute,,2026-10-08T10:36:58.364410+00:00
93,32933888302233,ajoute,,2026-10-08T10:36:58.576595+00:00
93,33415947207800,ajoute,,2026-10-08T10:36:58.769411+00:00
93,33825308102236,ajoute,,2026-10-08T10:36:58.990788+00:00
93,33825308102244,ajoute,,2026-10-08T10:36:59.183684+00:00
93,33825313106529,ajoute,,2026-10-08T10:36:59.392628+00:00
93,34106769201794,ajoute,,2026-10-08T10:36:59.614967+00:00
93,34408028800295,ajoute,,2026-10-08T10:36:59.995955+00:00
93,34408028800873,ajoute,,2026-10-08T10:37:00.031982+00:00
93,34408028800923,ajoute,,2026-10-08T10:37:00.229477+00:00
93,34899155502037,ajoute,,2026-10-08T10:37:00.420194+00:00
93,34997493101312,ajoute,,2026-10-08T10:37:00.641269+00:00
93,34997493101635,ajoute,,2026-10-08T10:37:00.853084+00:00
93,35144208200290,ajoute,,2026-10-08T10:37:01.053931+00:00
93,35144208200688,ajoute,,2026-10-08T10:37:01.256117+00:00
93,35183740600906,ajoute,,2026-10-08T10:37:01.527655+00:00
93,35221687301896,ajoute,,2026-10-08T10:37:01.668014+00:00
93,37958790001115,ajoute,,2026-10-08T10:37:01.879440+00:00
93,38062233200043,ajoute,,2026-10-08T10:37:02.066326+00:00
93,38319665602611,ajoute,,2026-10-08T10:37:02.296320+00:00
93,38332444906716,ajoute,,2026-10-08T10:37:02.496064+00:00
93,38396013500580,ajoute,,2026-10-08T10:37:02.692865+00:00
93,38396013500978,ajoute,,2026-10-08T10:37:02.903560+00:00
93,39371228602009,ajoute,,2026-10-08T10:37:03.104294+00:00
93,39811044501430,ajoute,,2026-10-08T10:37:03.353064+00:00
93,39897290101215,ajoute,,2026-10-08T10:37:03.510315+00:00
93,39897290101553,ajoute,,2026-10-08T10:37:03.745668+00:00
93,39897931000123,ajoute,,2026-10-08T10:37:03.923005+00:00
93,39897931000230,ajoute,,2026-10-08T10:37:04.133875+00:00
93,39897931000420,ajoute,,2026-10-08T10:37:04.329313+00:00
93,40047429200028,non_ajoute,ferme_ou_autre_departement,2026-10-08T10:37:04.534454+00:00
93,40125156601806,ajoute,,2026-10-08T10:37:04.741436+00:00
93,40370185700092,non_ajoute,unite_non_active,2026-10-08T10:37:04.948700+00:00
93,41015167400513,ajoute,,2026-10-08T10:37:05.158085+00:00
93,41035886502084,ajoute,,2026-10-08T10:37:05.367125+00:00
93,41035886502167,ajoute,,2026-10-08T10:37:05.576789+00:00
93,41035886502175,ajoute,,2026-10-08T10:37:05.769817+00:00
93,41040901500105,ajoute,,2026-10-08T10:37:05.992513+00:00
93,41040901500139,ajoute,,2026-10-08T10:37:06.203383+00:00
93,41040901500147,ajoute,,2026-10-08T10:37:06.385319+00:00
93,41481940902110,ajoute,,2026-10-08T10:37:06.618272+00:00
93,41481940902672,ajoute,,2026-10-08T10:37:06.815469+00:00
93,41809639200075,ajoute,,2026-10-08T10:37:07.020708+00:00
93,41809639200349,ajoute,,2026-10-08T10:37:07.266565+00:00
93,41809639200414,ajoute,,2026-10-08T10:37:07.498664+00:00
93,41809639200539,ajoute,,2026-10-08T10:37:07.634077+00:00
93,42303259800298,ajoute,,2026-10-08T10:37:07.932642+00:00
93,42855996702244,ajoute,,2026-10-08T10:37:08.059946+00:00
93,44478651103943,ajoute,,2026-10-08T10:37:08.258709+00:00
93,44478651103950,ajoute,,2026-10-08T10:37:08.595065+00:00
93,44533010300794,ajoute,,2026-10-08T10:37:08.664678+00:00
93,44533010300885,ajoute,,2026-10-08T10:37:08.876199+00:00
93,44533010300935,ajoute,,2026-10-08T10:37:09.080690+00:00
93,44886840601967,ajoute,,2026-10-08T10:37:09.343672+00:00
93,45132133501013,ajoute,,2026-10-08T10:37:09.601460+00:00
93,45132133501021,ajoute,,2026-10-08T10:37:09.734994+00:00
93,45132133501153,ajoute,,2026-10-08T10:37:09.947500+00:00
93,45132133501179,ajoute,,2026-10-08T10:37:10.144497+00:00
93,45132133501385,ajoute,,2026-10-08T10:37:10.346229+00:00
93,45132133501393,ajoute,,2026-10-08T10:37:10.550137+00:00
93,45132990800144,ajoute,,2026-10-08T10:37:10.818647+00:00
93,47050094302890,ajoute,,2026-10-08T10:37:10.916152+00:00
93,47050094302965,ajoute,,2026-10-08T10:37:11.111457+00:00
93,47835575302496,ajoute,,2026-10-08T10:37:11.313096+00:00
93,47835575302561,ajoute,,2026-10-08T10:37:11.513598+00:00
93,47835611600051,ajoute,,2026-10-08T10:37:11.727227+00:00
93,47835611600093,ajoute,,2026-10-08T10:37:12.111317+00:00
93,47835611600929,ajoute,,2026-10-08T10:37:12.275877+00:00
93,49074867001388,ajoute,,2026-10-08T10:37:12.386723+00:00
93,49278795702021,ajoute,,2026-10-08T10:37:12.562345+00:00
93,49278795702047,ajoute,,2026-10-08T10:37:12.774333+00:00
93,49278795702054,ajoute,,2026-10-08T10:37:12.992557+00:00
93,49313901800011,non_ajoute,ferme_ou_autre_departement,2026-10-08T10:37:13.175367+00:00
93,49398343100161,ajoute,,2026-10-08T10:37:13.388763+00:00
93,50056940502074,ajoute,,2026-10-08T10:37:13.588459+00:00
93,50056940502082,ajoute,,2026-10-08T10:37:13.815391+00:00
93,50369821900014,non_ajoute,ferme_ou_autre_departement,2026-10-08T10:37:14.028193+00:00
93,50369866401712,ajoute,,2026-10-08T10:37:14.207937+00:00
93,50406266200029,non_ajoute,ferme_ou_autre_departement,2026-10-08T10:37:14.500456+00:00
93,51509956200230,ajoute,,2026-10-08T10:37:14.617646+00:00
93,51509956200669,ajoute,,2026-10-08T10:37:14.827762+00:00
93,51509956200685,ajoute,,2026-10-08T10:37:15.058370+00:00
93,51942834600018,non_ajoute,ferme_ou_autre_departement,2026-10-08T10:37:15.240260+00:00
93,52104269700016,non_ajoute,ferme_ou_autre_departement,2026-10-08T10:37:15.444639+00:00
93,52388562200143,ajoute,,2026-10-08T10:37:15.655631+00:00
93,52388562200747,ajoute,,2026-10-08T10:37:15.887736+00:00
93,52388562200762,ajoute,,2026-10-08T10:37:16.080110+00:00
93,52857022900336,ajoute,,2026-10-08T10:37:16.348929+00:00
93,52857022900344,ajoute,,2026-10-08T10:37:16.552839+00:00
93,52857022900351,ajoute,,2026-10-08T10:37:16.758566+00:00
93,52857022900815,ajoute,,2026-10-08T10:37:16.962467+00:00
93,52881537600181,ajoute,,2026-10-08T10:37:17.374383+00:00
93,52881537600413,ajoute,,2026-10-08T10:37:17.374775+00:00
93,53116270900145,ajoute,,2026-10-08T10:37:17.584909+00:00
93,53116270900954,ajoute,,2026-10-08T10:37:17.784550+00:00
93,54201638105543,ajoute,,2026-10-08T10:37:18.922916+00:00
93,54207358003909,ajoute,,2026-10-08T10:37:19.136618+00:00
93,54207358003917,ajoute,,2026-10-08T10:37:18.345983+00:00
93,54207358003925,ajoute,,2026-10-08T10:37:18.553344+00:00
93,55204695501405,ajoute,,2026-10-08T10:37:18.748733+00:00
93,55212022216126,ajoute,,2026-10-08T10:37:18.954997+00:00
93,55212022216134,ajoute,,2026-10-08T10:37:19.165734+00:00
93,56207750300125,ajoute,,2026-10-08T10:37:19.352468+00:00
93,56210021400377,ajoute,,2026-10-08T10:37:19.584888+00:00
93,56210021400492,ajoute,,2026-10-08T10:37:19.800263+00:00
93,56210021400773,ajoute,,2026-10-08T10:37:20.063067+00:00
93,57210217603759,ajoute,,2026-10-08T10:37:20.216224+00:00
93,57214188500291,ajoute,,2026-10-08T10:37:20.435636+00:00
93,61204205100047,non_ajoute,ferme_ou_autre_departement,2026-10-08T10:37:20.604964+00:00
93,66202519604006,ajoute,,2026-10-08T10:37:20.832656+00:00
93,66204244911011,ajoute,,2026-10-08T10:37:21.078635+00:00
93,66204244911029,ajoute,,2026-10-08T10:37:21.242221+00:00
93,66204244911060,ajoute,,2026-10-08T10:37:21.444646+00:00
93,66204244911110,ajoute,,2026-10-08T10:37:21.678268+00:00
93,66204244911128,ajoute,,2026-10-08T10:37:21.864291+00:00
93,66204244911136,ajoute,,2026-10-08T10:37:22.072666+00:00
93,66204244911169,ajoute,,2026-10-08T10:37:22.274369+00:00
93,66204244911219,ajoute,,2026-10-08T10:37:22.529028+00:00
93,66204244911227,ajoute,,2026-10-08T10:37:22.690317+00:00
93,66204244911235,ajoute,,2026-10-08T10:37:22.906438+00:00
93,66204244911334,ajoute,,2026-10-08T10:37:23.110716+00:00
93,66204244911342,ajoute,,2026-10-08T10:37:23.328747+00:00
93,66204244911359,ajoute,,2026-10-08T10:37:23.539972+00:00
93,77566343800056,ajoute,,2026-10-08T10:37:23.754491+00:00
93,77566343800064,ajoute,,2026-10-08T10:37:23.927623+00:00
93,77566343800072,ajoute,,2026-10-08T10:37:24.188896+00:00
93,77566343800114,ajoute,,2026-10-08T10:37:24.345632+00:00
93,77566343800148,ajoute,,2026-10-08T10:37:24.541339+00:00
93,77566343800155,ajoute,,2026-10-08T10:37:24.744836+00:00
93,77566343800536,ajoute,,2026-10-08T10:37:25.079808+00:00
93,77566343800841,ajoute,,2026-10-08T10:37:25.186517+00:00
93,77566343800916,ajoute,,2026-10-08T10:37:25.413484+00:00
93,77566343801039,ajoute,,2026-10-08T10:37:25.699596+00:00
93,77566343801120,ajoute,,2026-10-08T10:37:25.768786+00:00
93,77566343801146,ajoute,,2026-10-08T10:37:25.985073+00:00
93,77566561502319,ajoute,,2026-10-08T10:37:26.183572+00:00
93,77567223101953,ajoute,,2026-10-08T10:37:26.407885+00:00
93,77567223102001,ajoute,,2026-10-08T10:37:26.635109+00:00
93,77567227229891,ajoute,,2026-10-08T10:37:26.856990+00:00
93,77567227230162,ajoute,,2026-10-08T10:37:27.018456+00:00
93,77567227230170,ajoute,,2026-10-08T10:37:27.220055+00:00
93,77567227230188,ajoute,,2026-10-08T10:37:27.436464+00:00
93,77567227230345,ajoute,,2026-10-08T10:37:27.639072+00:00
93,77567559800665,ajoute,,2026-10-08T10:37:27.885490+00:00
93,77567618205526,ajoute,,2026-10-08T10:37:28.047115+00:00
93,77568873203180,ajoute,,2026-10-08T10:37:28.253341+00:00
93,77734609900313,ajoute,,2026-10-08T10:37:28.469073+00:00
93,78145251105599,ajoute,,2026-10-08T10:37:28.661201+00:00
93,78493968802235,ajoute,,2026-10-08T10:37:28.871272+00:00
93,78692030600374,ajoute,,2026-10-08T10:37:29.081414+00:00
93,79032619300048,non_ajoute,ferme_ou_autre_departement,2026-10-08T10:37:29.271452+00:00
93,79823301100450,ajoute,,2026-10-08T10:37:29.478320+00:00
93,79823301100468,ajoute,,2026-10-08T10:37:29.689074+00:00
93,80244611200046,non_ajoute,unite_non_active,2026-10-08T10:37:29.904250+00:00
93,80505377400016,non_ajoute,unite_non_active,2026-10-08T10:37:30.093559+00:00
93,80806906600013,non_ajoute,unite_non_active,2026-10-08T10:37:30.278758+00:00
93,80869309700038,non_ajoute,ferme_ou_autre_departement,2026-10-08T10:37:30.496549+00:00
93,81267483601099,ajoute,,2026-10-08T10:37:30.700325+00:00
93,81746926500018,non_ajoute,unite_non_active,2026-10-08T10:37:30.969309+00:00
93,82912099700012,non_ajoute,unite_non_active,2026-10-08T10:37:31.108419+00:00
93,82945320800045,non_ajoute,ferme_ou_autre_departement,2026-10-08T10:37:31.475349+00:00
93,83457438600027,non_ajoute,unite_non_active,2026-10-08T10:37:31.521930+00:00
93,84022046100015,non_ajoute,ferme_ou_autre_departement,2026-10-08T10:37:31.780407+00:00
93,84056183100024,non_ajoute,ferme_ou_autre_departement,2026-10-08T10:37:31.921525+00:00
93,84079308700031,non_ajoute,unite_non_active,2026-10-08T10:37:32.133333+00:00
93,85106601900023,non_ajoute,ferme_ou_autre_departement,2026-10-08T10:37:32.332228+00:00
93,85171102800015,non_ajoute,ferme_ou_autre_departement,2026-10-08T10:37:32.527070+00:00
93,88280858701025,ajoute,,2026-10-08T10:37:32.742480+00:00
93,88280858701074,ajoute,,2026-10-08T10:37:32.969765+00:00
93,89390451600018,non_ajoute,unite_non_active,2026-10-08T10:37:33.155482+00:00
93,90271669500322,ajoute,,2026-10-08T10:37:33.368311+00:00
93,90271669500819,ajoute,,2026-10-08T10:37:33.563959+00:00
93,92087544000017,non_ajoute,ferme_ou_autre_departement,2026-10-08T10:37:33.756424+00:00
93,92202686900029,non_ajoute,ferme_ou_autre_departement,2026-10-08T10:37:33.975312+00:00
93,93264336400015,non_ajoute,ferme_ou_autre_departement,2026-10-08T10:37:34.172194+00:00
93,93838689300078,ajoute,,2026-10-08T10:37:35.492545+00:00
93,93838689300540,ajoute,,2026-10-08T10:37:34.680371+00:00
93,94779198400018,non_ajoute,ferme_ou_autre_departement,2026-10-08T10:37:34.876679+00:00
93,95375803400011,non_ajoute,unite_non_active,2026-10-08T10:37:35.089882+00:00
93,95450974104757,ajoute,,2026-10-08T10:37:35.294868+00:00
93,95450974104773,ajoute,,2026-10-08T10:37:35.527329+00:00
93,95450974104781,ajoute,,2026-10-08T10:37:35.698871+00:00
93,95450974104799,ajoute,,2026-10-08T10:37:36.010304+00:00
93,95450974104807,ajoute,,2026-10-08T10:37:37.129970+00:00
93,95450974104823,ajoute,,2026-10-08T10:37:37.472752+00:00
93,95450974104831,ajoute,,2026-10-08T10:37:36.525589+00:00
93,95450974104856,ajoute,,2026-10-08T10:37:36.719536+00:00
93,95450974104872,ajoute,,2026-10-08T10:37:37.955110+00:00
93,95450974104880,ajoute,,2026-10-08T10:37:37.130338+00:00
93,95450974104898,ajoute,,2026-10-08T10:37:37.473186+00:00
93,95450974104906,ajoute,,2026-10-08T10:37:38.567564+00:00
93,97120405200676,ajoute,,2026-10-08T10:37:37.751144+00:00
93,97963166000011,non_ajoute,ferme_ou_autre_departement,2026-10-08T10:37:38.972666+00:00
93,98100504400012,non_ajoute,unite_non_active,2026-10-08T10:37:39.184567+00:00
94,06780042503541,ajoute,,2026-10-08T10:37:39.389170+00:00
94,13001779100505,ajoute,,2026-10-08T10:37:39.590434+00:00
94,13002591900015,ajoute,,2026-10-08T10:37:39.794219+00:00
94,22940028801059,ajoute,,2026-10-08T10:37:39.081954+00:00
94,22940028801067,ajoute,,2026-10-08T10:37:40.305924+00:00
94,22940028801075,ajoute,,2026-10-08T10:37:39.491967+00:00
94,22940028801083,ajoute,,2026-10-08T10:37:39.700216+00:00
94,22940028801109,ajoute,,2026-10-08T10:37:39.918627+00:00
94,22940028801117,ajoute,,2026-10-08T10:37:40.105313+00:00
94,22940028801133,ajoute,,2026-10-08T10:37:40.330470+00:00
94,22940028801141,ajoute,,2026-10-08T10:37:40.514750+00:00
94,22940028801174,ajoute,,2026-10-08T10:37:40.819213+00:00
94,22940028801182,ajoute,,2026-10-08T10:37:40.924628+00:00
94,22940028801208,ajoute,,2026-10-08T10:37:41.225867+00:00
94,22940028801216,ajoute,,2026-10-08T10:37:41.366679+00:00
94,22940028801232,ajoute,,2026-10-08T10:37:41.532963+00:00
94,22940028801240,ajoute,,2026-10-08T10:37:41.882908+00:00
94,22940028801265,ajoute,,2026-10-08T10:37:42.161698+00:00
94,22940028801281,ajoute,,2026-10-08T10:37:42.198288+00:00
94,22940028801299,ajoute,,2026-10-08T10:37:42.363813+00:00
94,22940028801307,ajoute,,2026-10-08T10:37:42.569850+00:00
94,22940028801315,ajoute,,2026-10-08T10:37:43.842581+00:00
94,22940028801323,ajoute,,2026-10-08T10:37:42.973726+00:00
94,22940028801331,ajoute,,2026-10-08T10:37:43.260331+00:00
94,22940028801349,ajoute,,2026-10-08T10:37:43.385377+00:00
94,22940028801356,ajoute,,2026-10-08T10:37:43.589339+00:00
94,22940028801372,ajoute,,2026-10-08T10:37:43.830420+00:00
94,22940028801398,ajoute,,2026-10-08T10:37:44.058594+00:00
94,22940028801414,ajoute,,2026-10-08T10:37:44.312151+00:00
94,22940028801422,ajoute,,2026-10-08T10:37:44.477525+00:00
94,22940028801430,ajoute,,2026-10-08T10:37:44.627108+00:00
94,22940028801448,ajoute,,2026-10-08T10:37:44.831306+00:00
94,22940028801455,ajoute,,2026-10-08T10:37:45.031377+00:00
94,22940028801471,ajoute,,2026-10-08T10:37:45.279604+00:00
94,22940028801489,ajoute,,2026-10-08T10:37:45.468415+00:00
94,22940028801505,ajoute,,2026-10-08T10:37:45.657107+00:00
94,22940028801562,ajoute,,2026-10-08T10:37:45.868762+00:00
94,22940028801570,ajoute,,2026-10-08T10:37:46.069146+00:00
94,22940028801588,ajoute,,2026-10-08T10:37:46.388950+00:00
94,22940028801596,ajoute,,2026-10-08T10:37:46.477359+00:00
94,22940028801646,ajoute,,2026-10-08T10:37:46.685853+00:00
94,22940028801653,ajoute,,2026-10-08T10:37:46.891003+00:00
94,22940028801661,ajoute,,2026-10-08T10:37:47.083013+00:00
94,22940028801679,ajoute,,2026-10-08T10:37:47.296372+00:00
94,22940028801687,ajoute,,2026-10-08T10:37:47.527392+00:00
94,22940028801695,ajoute,,2026-10-08T10:37:47.705590+00:00
94,22940028801703,ajoute,,2026-10-08T10:37:47.917331+00:00
94,22940028801711,ajoute,,2026-10-08T10:37:48.132419+00:00
94,22940028801737,ajoute,,2026-10-08T10:37:48.349022+00:00
94,22940028801745,ajoute,,2026-10-08T10:37:48.530219+00:00
94,22940028801752,ajoute,,2026-10-08T10:37:48.745669+00:00
94,22940028801760,ajoute,,2026-10-08T10:37:48.957070+00:00
94,22940028801778,ajoute,,2026-10-08T10:37:49.151142+00:00
94,22940028801786,ajoute,,2026-10-08T10:37:49.363098+00:00
94,22940028801794,ajoute,,2026-10-08T10:37:49.567232+00:00
94,22940028801802,ajoute,,2026-10-08T10:37:49.778650+00:00
94,22940028801810,ajoute,,2026-10-08T10:37:49.991891+00:00
94,22940028801828,ajoute,,2026-10-08T10:37:50.182544+00:00
94,22940028801836,ajoute,,2026-10-08T10:37:50.390855+00:00
94,22940028801844,ajoute,,2026-10-08T10:37:50.610277+00:00
94,22940028801851,ajoute,,2026-10-08T10:37:50.804050+00:00
94,22940028801869,ajoute,,2026-10-08T10:37:51.022425+00:00
94,22940028801877,ajoute,,2026-10-08T10:37:51.233026+00:00
94,22940028801885,ajoute,,2026-10-08T10:37:51.448462+00:00
94,22940028801893,ajoute,,2026-10-08T10:37:51.651544+00:00
94,22940028801901,ajoute,,2026-10-08T10:37:51.836261+00:00
94,22940028801919,ajoute,,2026-10-08T10:37:52.049962+00:00
94,22940028801927,ajoute,,2026-10-08T10:37:52.291249+00:00
94,22940028801935,ajoute,,2026-10-08T10:37:52.532430+00:00
94,22940028801943,ajoute,,2026-10-08T10:37:52.701062+00:00
94,22940028801968,ajoute,,2026-10-08T10:37:53.031246+00:00
94,22940028801976,ajoute,,2026-10-08T10:37:53.103614+00:00
94,22940028801984,ajoute,,2026-10-08T10:37:53.315736+00:00
94,22940028801992,ajoute,,2026-10-08T10:37:53.544854+00:00
94,22940028802008,ajoute,,2026-10-08T10:37:53.724957+00:00
94,22940028802016,ajoute,,2026-10-08T10:37:53.929444+00:00
94,22940028802024,ajoute,,2026-10-08T10:37:54.134847+00:00
94,26750004904454,ajoute,,2026-10-08T10:37:54.313056+00:00
94,30449785204069,ajoute,,2026-10-08T10:37:54.529579+00:00
94,30449785204077,ajoute,,2026-10-08T10:37:54.719280+00:00
94,30449785204184,ajoute,,2026-10-08T10:37:54.930202+00:00
94,30536216203080,ajoute,,2026-10-08T10:37:55.144412+00:00
94,30652266501636,ajoute,,2026-10-08T10:37:55.338963+00:00
94,30889577001282,ajoute,,2026-10-08T10:37:55.564614+00:00
94,30889577001563,ajoute,,2026-10-08T10:37:55.827912+00:00
94,30889577001746,ajoute,,2026-10-08T10:37:55.971693+00:00
94,31269439100110,non_ajoute,ferme_ou_autre_departement,2026-10-08T10:37:56.159267+00:00
94,32077251001517,ajoute,,2026-10-08T10:37:56.371281+00:00
94,32305708300145,ajoute,,2026-10-08T10:37:56.654741+00:00
94,32601977500658,ajoute,,2026-10-08T10:37:56.785695+00:00
94,32735998000247,ajoute,,2026-10-08T10:37:57.003218+00:00
94,32735998000536,ajoute,,2026-10-08T10:37:57.205255+00:00
94,33762184101414,ajoute,,2026-10-08T10:37:57.401763+00:00
94,33762184101422,ajoute,,2026-10-08T10:37:57.610257+00:00
94,33825308101592,ajoute,,2026-10-08T10:37:57.833167+00:00
94,34106769203121,ajoute,,2026-10-08T10:37:58.019542+00:00
94,34386265200546,ajoute,,2026-10-08T10:37:58.229564+00:00
94,34408028800261,ajoute,,2026-10-08T10:37:58.428876+00:00
94,34792671900894,ajoute,,2026-10-08T10:37:58.726470+00:00
94,34899155502136,ajoute,,2026-10-08T10:37:58.854068+00:00
94,34949617402316,ajoute,,2026-10-08T10:37:59.049837+00:00
94,34997493101445,ajoute,,2026-10-08T10:37:59.277970+00:00
94,35144208200167,ajoute,,2026-10-08T10:37:59.473182+00:00
94,35144208200340,ajoute,,2026-10-08T10:37:59.669873+00:00
94,35144208200472,ajoute,,2026-10-08T10:37:59.959445+00:00
94,35144208200787,ajoute,,2026-10-08T10:38:00.103082+00:00
94,35221687301474,ajoute,,2026-10-08T10:38:00.291769+00:00
94,37804750001630,ajoute,,2026-10-08T10:38:00.504532+00:00
94,37804750001648,ajoute,,2026-10-08T10:38:00.715732+00:00
94,37958790001057,ajoute,,2026-10-08T10:38:00.912488+00:00
94,37958790001065,ajoute,,2026-10-08T10:38:01.128178+00:00
94,37958790001669,ajoute,,2026-10-08T10:38:01.328289+00:00
94,37958790001974,ajoute,,2026-10-08T10:38:01.585601+00:00
94,38012986611391,ajoute,,2026-10-08T10:38:01.761248+00:00
94,38240186700488,ajoute,,2026-10-08T10:38:01.953843+00:00
94,38254431001139,ajoute,,2026-10-08T10:38:02.141531+00:00
94,38290094200816,ajoute,,2026-10-08T10:38:02.439496+00:00
94,38290094200824,ajoute,,2026-10-08T10:38:02.635448+00:00
94,38290094200832,ajoute,,2026-10-08T10:38:02.935266+00:00
94,38290094200840,ajoute,,2026-10-08T10:38:04.069063+00:00
94,38290094200857,ajoute,,2026-10-08T10:38:03.249866+00:00
94,38290094200865,ajoute,,2026-10-08T10:38:04.478246+00:00
94,38290094200881,ajoute,,2026-10-08T10:38:03.657486+00:00
94,38290094200899,ajoute,,2026-10-08T10:38:03.862718+00:00
94,38319665600847,ajoute,,2026-10-08T10:38:04.068684+00:00
94,38332444906120,ajoute,,2026-10-08T10:38:04.269239+00:00
94,38370639700221,ajoute,,2026-10-08T10:38:04.478656+00:00
94,39371228602488,ajoute,,2026-10-08T10:38:04.682015+00:00
94,39371228602959,ajoute,,2026-10-08T10:38:04.887053+00:00
94,39748093000932,ajoute,,2026-10-08T10:38:05.092093+00:00
94,39811044501612,ajoute,,2026-10-08T10:38:05.293421+00:00
94,39811044501836,ajoute,,2026-10-08T10:38:05.495481+00:00
94,39897931000909,ajoute,,2026-10-08T10:38:05.706226+00:00
94,40125156601467,ajoute,,2026-10-08T10:38:05.921216+00:00
94,41014646800443,ajoute,,2026-10-08T10:38:06.197331+00:00
94,41809639200463,ajoute,,2026-10-08T10:38:06.262347+00:00
94,41809639200471,ajoute,,2026-10-08T10:38:06.473828+00:00
94,42203690500756,ajoute,,2026-10-08T10:38:06.678368+00:00
94,42303259800165,ajoute,,2026-10-08T10:38:06.889249+00:00
94,42303259800330,ajoute,,2026-10-08T10:38:07.092554+00:00
94,42855996702723,ajoute,,2026-10-08T10:38:07.309210+00:00
94,42995529702665,ajoute,,2026-10-08T10:38:07.502346+00:00
94,43198246100573,ajoute,,2026-10-08T10:38:07.730353+00:00
94,43198246100979,ajoute,,2026-10-08T10:38:08.064635+00:00
94,43198246100987,ajoute,,2026-10-08T10:38:08.151654+00:00
94,43772384405851,ajoute,,2026-10-08T10:38:08.333374+00:00
94,43997564001408,ajoute,,2026-10-08T10:38:08.521006+00:00
94,44028375201448,ajoute,,2026-10-08T10:38:08.734126+00:00
94,44442083001554,ajoute,,2026-10-08T10:38:08.931437+00:00
94,44478651103133,ajoute,,2026-10-08T10:38:09.137595+00:00
94,44478651103158,ajoute,,2026-10-08T10:38:09.362526+00:00
94,44478651103166,ajoute,,2026-10-08T10:38:09.623288+00:00
94,44886840601942,ajoute,,2026-10-08T10:38:09.766109+00:00
94,45055609700035,non_ajoute,ferme_ou_autre_departement,2026-10-08T10:38:09.991422+00:00
94,45105338300985,ajoute,,2026-10-08T10:38:10.163944+00:00
94,45132133501112,ajoute,,2026-10-08T10:38:10.387867+00:00
94,47718101000802,ajoute,,2026-10-08T10:38:10.583610+00:00
94,47835611600317,ajoute,,2026-10-08T10:38:10.828699+00:00
94,47835611600564,ajoute,,2026-10-08T10:38:10.997114+00:00
94,47918275000931,ajoute,,2026-10-08T10:38:11.202172+00:00
94,49278795701148,ajoute,,2026-10-08T10:38:11.413496+00:00
94,49278795701205,ajoute,,2026-10-08T10:38:11.604726+00:00
94,49398343100971,ajoute,,2026-10-08T10:38:11.828546+00:00
94,50056940501613,ajoute,,2026-10-08T10:38:12.052320+00:00
94,50369866406414,ajoute,,2026-10-08T10:38:12.227748+00:00
94,50471236500049,non_ajoute,ferme_ou_autre_departement,2026-10-08T10:38:12.420797+00:00
94,51509956200222,ajoute,,2026-10-08T10:38:12.644830+00:00
94,52388562202032,ajoute,,2026-10-08T10:38:12.850876+00:00
94,52857022900401,ajoute,,2026-10-08T10:38:13.166441+00:00
94,52857022900427,ajoute,,2026-10-08T10:38:13.283659+00:00
94,52857022900724,ajoute,,2026-10-08T10:38:13.470256+00:00
94,52857022900922,ajoute,,2026-10-08T10:38:13.693688+00:00
94,52864889206195,ajoute,,2026-10-08T10:38:13.892305+00:00
94,52881537602336,ajoute,,2026-10-08T10:38:14.099873+00:00
94,53116270900475,ajoute,,2026-10-08T10:38:14.313915+00:00
94,54201638102375,ajoute,,2026-10-08T10:38:14.518009+00:00
94,54201638102391,ajoute,,2026-10-08T10:38:14.727548+00:00
94,54201638102409,ajoute,,2026-10-08T10:38:14.938973+00:00
94,54201638102417,ajoute,,2026-10-08T10:38:15.151575+00:00
94,54201638102425,ajoute,,2026-10-08T10:38:15.354561+00:00
94,54201638102441,ajoute,,2026-10-08T10:38:15.555477+00:00
94,54201638102466,ajoute,,2026-10-08T10:38:15.768589+00:00
94,54201638102474,ajoute,,2026-10-08T10:38:15.961670+00:00
94,54201638102896,ajoute,,2026-10-08T10:38:16.189118+00:00
94,54201638103001,ajoute,,2026-10-08T10:38:16.372157+00:00
94,54201638103076,ajoute,,2026-10-08T10:38:16.581705+00:00
94,54201638103142,ajoute,,2026-10-08T10:38:16.782326+00:00
94,54201638103241,ajoute,,2026-10-08T10:38:16.996763+00:00
94,54207358003933,ajoute,,2026-10-08T10:38:17.280500+00:00
94,54207358003958,ajoute,,2026-10-08T10:38:17.405220+00:00
94,54207358003974,ajoute,,2026-10-08T10:38:17.627084+00:00
94,54207358003982,ajoute,,2026-10-08T10:38:17.823488+00:00
94,54207358003990,ajoute,,2026-10-08T10:38:18.042750+00:00
94,54209533602043,ajoute,,2026-10-08T10:38:18.235426+00:00
94,54209533602217,ajoute,,2026-10-08T10:38:18.439972+00:00
94,54209533602233,ajoute,,2026-10-08T10:38:18.657641+00:00
94,54209533602274,ajoute,,2026-10-08T10:38:18.884033+00:00
94,55200231300278,ajoute,,2026-10-08T10:38:19.069688+00:00
94,55200231300336,ajoute,,2026-10-08T10:38:19.284657+00:00
94,55200231300559,ajoute,,2026-10-08T10:38:19.483094+00:00
94,55200231300807,ajoute,,2026-10-08T10:38:19.690987+00:00
94,55200231300856,ajoute,,2026-10-08T10:38:19.909922+00:00
94,55200231301110,ajoute,,2026-10-08T10:38:20.098549+00:00
94,55200231301193,ajoute,,2026-10-08T10:38:20.319964+00:00
94,55200231301219,ajoute,,2026-10-08T10:38:20.508507+00:00
94,55200231301276,ajoute,,2026-10-08T10:38:20.713427+00:00
94,55204695501728,ajoute,,2026-10-08T10:38:20.921385+00:00
94,55209628102213,ajoute,,2026-10-08T10:38:21.137648+00:00
94,55209628102619,ajoute,,2026-10-08T10:38:21.338139+00:00
94,57202552600896,ajoute,,2026-10-08T10:38:21.549199+00:00
94,57214188500481,ajoute,,2026-10-08T10:38:21.736553+00:00
94,58850535402415,ajoute,,2026-10-08T10:38:21.942757+00:00
94,66204244910815,ajoute,,2026-10-08T10:38:22.161317+00:00
94,66204244910823,ajoute,,2026-10-08T10:38:22.371919+00:00
94,66204244910831,ajoute,,2026-10-08T10:38:22.575246+00:00
94,66204244910856,ajoute,,2026-10-08T10:38:22.785960+00:00
94,66204244910906,ajoute,,2026-10-08T10:38:22.992498+00:00
94,66204244910914,ajoute,,2026-10-08T10:38:23.208419+00:00
94,66204244910922,ajoute,,2026-10-08T10:38:23.414752+00:00
94,66204244910955,ajoute,,2026-10-08T10:38:23.621959+00:00
94,66204244910963,ajoute,,2026-10-08T10:38:23.813844+00:00
94,66204244910997,ajoute,,2026-10-08T10:38:24.064871+00:00
94,66204244911003,ajoute,,2026-10-08T10:38:24.232146+00:00
94,70204250800029,non_ajoute,ferme_ou_autre_departement,2026-10-08T10:38:24.434828+00:00
94,72820653300800,ajoute,,2026-10-08T10:38:24.639857+00:00
94,77566343800031,ajoute,,2026-10-08T10:38:24.843509+00:00
94,77566343800049,ajoute,,2026-10-08T10:38:25.047637+00:00
94,77566343800445,ajoute,,2026-10-08T10:38:25.260563+00:00
94,77566343800460,ajoute,,2026-10-08T10:38:25.543492+00:00
94,77566343800478,ajoute,,2026-10-08T10:38:25.667779+00:00
94,77566343800486,ajoute,,2026-10-08T10:38:25.871191+00:00
94,77566343800502,ajoute,,2026-10-08T10:38:26.078420+00:00
94,77566343800767,ajoute,,2026-10-08T10:38:26.325400+00:00
94,77566561501915,ajoute,,2026-10-08T10:38:26.701027+00:00
94,77566561502343,ajoute,,2026-10-08T10:38:26.726976+00:00
94,77566561502368,ajoute,,2026-10-08T10:38:26.907760+00:00
94,77566561502467,ajoute,,2026-10-08T10:38:27.211825+00:00
94,77567223101326,ajoute,,2026-10-08T10:38:27.313521+00:00
94,77567227230329,ajoute,,2026-10-08T10:38:27.512677+00:00
94,77567618205252,ajoute,,2026-10-08T10:38:27.725451+00:00
94,77568907801801,ajoute,,2026-10-08T10:38:28.028652+00:00
94,77570147701791,ajoute,,2026-10-08T10:38:28.169170+00:00
94,78145251108239,ajoute,,2026-10-08T10:38:28.310716+00:00
94,78493968802292,ajoute,,2026-10-08T10:38:28.527268+00:00
94,78493968802565,ajoute,,2026-10-08T10:38:28.741327+00:00
94,78493968802748,ajoute,,2026-10-08T10:38:28.937548+00:00
94,78493968802755,ajoute,,2026-10-08T10:38:29.141164+00:00
94,78493968803027,ajoute,,2026-10-08T10:38:29.359559+00:00
94,78493968803092,ajoute,,2026-10-08T10:38:29.593014+00:00
94,78692030601026,ajoute,,2026-10-08T10:38:29.773844+00:00
94,79148134400731,ajoute,,2026-10-08T10:38:29.987204+00:00
94,79823301100062,ajoute,,2026-10-08T10:38:30.380743+00:00
94,80089508800378,ajoute,,2026-10-08T10:38:30.393420+00:00
94,80089508800410,ajoute,,2026-10-08T10:38:30.605085+00:00
94,80089508800501,ajoute,,2026-10-08T10:38:30.805117+00:00
94,80089508800642,ajoute,,2026-10-08T10:38:31.198504+00:00
94,80089508800667,ajoute,,2026-10-08T10:38:31.198889+00:00
94,80089508800766,ajoute,,2026-10-08T10:38:31.409838+00:00
94,80089508800774,ajoute,,2026-10-08T10:38:31.605390+00:00
94,80089508800782,ajoute,,2026-10-08T10:38:31.915536+00:00
94,80089508800824,ajoute,,2026-10-08T10:38:32.030162+00:00
94,80361217500130,non_ajoute,ferme_ou_autre_departement,2026-10-08T10:38:32.330532+00:00
94,81267483601024,ajoute,,2026-10-08T10:38:32.536039+00:00
94,81267483601032,ajoute,,2026-10-08T10:38:32.735634+00:00
94,82355565100012,non_ajoute,ferme_ou_autre_departement,2026-10-08T10:38:32.945214+00:00
94,82407340700010,non_ajoute,ferme_ou_autre_departement,2026-10-08T10:38:33.151131+00:00
94,83183098900016,non_ajoute,ferme_ou_autre_departement,2026-10-08T10:38:33.356108+00:00
94,83489593001519,ajoute,,2026-10-08T10:38:33.559610+00:00
94,83489593001535,ajoute,,2026-10-08T10:38:33.760064+00:00
94,83489593001550,ajoute,,2026-10-08T10:38:34.992958+00:00
94,83489593001568,ajoute,,2026-10-08T10:38:35.200854+00:00
94,84070362300024,non_ajoute,ferme_ou_autre_departement,2026-10-08T10:38:34.483568+00:00
94,84410485100614,ajoute,,2026-10-08T10:38:34.584618+00:00
94,88055524800017,non_ajoute,ferme_ou_autre_departement,2026-10-08T10:38:34.790000+00:00
94,88255797800021,non_ajoute,ferme_ou_autre_departement,2026-10-08T10:38:34.992569+00:00
94,88279844000013,non_ajoute,unite_non_active,2026-10-08T10:38:35.200495+00:00
94,88280858701017,ajoute,,2026-10-08T10:38:35.529208+00:00
94,88280858701033,ajoute,,2026-10-08T10:38:35.607672+00:00
94,88898338400023,non_ajoute,ferme_ou_autre_departement,2026-10-08T10:38:35.812556+00:00
94,90894323600012,non_ajoute,ferme_ou_autre_departement,2026-10-08T10:38:36.012195+00:00
94,90926056400036,non_ajoute,unite_non_active,2026-10-08T10:38:36.190388+00:00
94,91087446000017,non_ajoute,unite_non_active,2026-10-08T10:38:36.384490+00:00
94,91087446000025,non_ajoute,unite_non_active,2026-10-08T10:38:36.594583+00:00
94,91259261500013,non_ajoute,ferme_ou_autre_departement,2026-10-08T10:38:36.835494+00:00
94,91820119500016,non_ajoute,ferme_ou_autre_departement,2026-10-08T10:38:37.025491+00:00
94,91923948300010,non_ajoute,ferme_ou_autre_departement,2026-10-08T10:38:37.200376+00:00
94,92036428800018,non_ajoute,ferme_ou_autre_departement,2026-10-08T10:38:37.403865+00:00
94,95450974104716,ajoute,,2026-10-08T10:38:37.620906+00:00
94,97120405201658,ajoute,,2026-10-08T10:38:37.824793+00:00
94,97220001805918,ajoute,,2026-10-08T10:38:38.031606+00:00
94,97923760900024,non_ajoute,ferme_ou_autre_departement,2026-10-08T10:38:38.221785+00:00
75,06320088501172,ajoute,,2026-10-08T13:55:49.954260+00:00
75,13001249500011,ajoute,,2026-10-08T13:56:00.294689+00:00
75,13001249500086,ajoute,,2026-10-08T13:56:00.498422+00:00
75,13001249500094,ajoute,,2026-10-08T13:56:00.698139+00:00
75,13001249500110,ajoute,,2026-10-08T13:56:00.896732+00:00
75,13001249500136,ajoute,,2026-10-08T13:56:01.225119+00:00
75,13001249500144,ajoute,,2026-10-08T13:56:01.305696+00:00
75,13001249500151,ajoute,,2026-10-08T13:56:01.516164+00:00
75,13001249500177,ajoute,,2026-10-08T13:56:01.702426+00:00
75,13001249500193,ajoute,,2026-10-08T13:56:01.957987+00:00
75,13001249500276,ajoute,,2026-10-08T13:56:02.118091+00:00
75,13001249500292,ajoute,,2026-10-08T13:56:02.331352+00:00
75,13001249500318,ajoute,,2026-10-08T13:56:02.521398+00:00
75,13001249500334,ajoute,,2026-10-08T13:56:02.736655+00:00
75,13001249500359,ajoute,,2026-10-08T13:56:02.926161+00:00
75,13001249500391,ajoute,,2026-10-08T13:56:03.130317+00:00
75,13001249500409,ajoute,,2026-10-08T13:56:03.338312+00:00
75,13001249500607,ajoute,,2026-10-08T13:56:03.537331+00:00
75,13001249500680,ajoute,,2026-10-08T13:56:03.881830+00:00
75,13001249500714,ajoute,,2026-10-08T13:56:03.936010+00:00
75,13001249500730,ajoute,,2026-10-08T13:56:04.173978+00:00
75,13001249500771,ajoute,,2026-10-08T13:56:04.347847+00:00
75,13001249500797,ajoute,,2026-10-08T13:56:04.547680+00:00
75,13001249500813,ajoute,,2026-10-08T13:56:04.823010+00:00
75,13001249500854,ajoute,,2026-10-08T13:56:04.968875+00:00
75,13001249500938,ajoute,,2026-10-08T13:56:05.155870+00:00
75,13001249500946,ajoute,,2026-10-08T13:56:05.361190+00:00
75,13001249500953,ajoute,,2026-10-08T13:56:05.590385+00:00
75,13001249500961,ajoute,,2026-10-08T13:56:05.779134+00:00
75,13001249500979,ajoute,,2026-10-08T13:56:05.980277+00:00
75,13001249500995,ajoute,,2026-10-08T13:56:06.177767+00:00
75,13001249501019,ajoute,,2026-10-08T13:56:06.376539+00:00
75,13001779100034,ajoute,,2026-10-08T13:56:18.555809+00:00
75,13001779100109,ajoute,,2026-10-08T13:56:18.761386+00:00
75,13001779100422,ajoute,,2026-10-08T13:56:18.961817+00:00
75,18750006100010,ajoute,,2026-10-08T13:57:14.351891+00:00
75,18750006100077,ajoute,,2026-10-08T13:57:14.478737+00:00
75,18750006100085,ajoute,,2026-10-08T13:57:14.612841+00:00
75,18750006100101,ajoute,,2026-10-08T13:57:14.802743+00:00
75,18750006100119,ajoute,,2026-10-08T13:57:15.056999+00:00
75,18750006100127,ajoute,,2026-10-08T13:57:15.219900+00:00
75,18750006100135,ajoute,,2026-10-08T13:57:15.418299+00:00
75,18750006100143,ajoute,,2026-10-08T13:57:15.620076+00:00
75,18750006100150,ajoute,,2026-10-08T13:57:15.835521+00:00
75,18750006100168,ajoute,,2026-10-08T13:57:16.020252+00:00
75,18750006100192,ajoute,,2026-10-08T13:57:16.317626+00:00
75,18750006100200,ajoute,,2026-10-08T13:57:16.440402+00:00
75,18750006100218,ajoute,,2026-10-08T13:57:16.647542+00:00
75,18750006100226,ajoute,,2026-10-08T13:57:16.831686+00:00
75,18750006100234,ajoute,,2026-10-08T13:57:17.043375+00:00
75,18750006100242,ajoute,,2026-10-08T13:57:17.245422+00:00
75,18750006100259,ajoute,,2026-10-08T13:57:17.432697+00:00
75,18750006100283,ajoute,,2026-10-08T13:57:17.647671+00:00
75,18750006100291,ajoute,,2026-10-08T13:57:17.846217+00:00
75,18750006100309,ajoute,,2026-10-08T13:57:18.061084+00:00
75,18750006100317,ajoute,,2026-10-08T13:57:18.261931+00:00
75,18750006100341,ajoute,,2026-10-08T13:57:18.465614+00:00
75,18750006100358,ajoute,,2026-10-08T13:57:18.652113+00:00
75,18750006100374,ajoute,,2026-10-08T13:57:18.875634+00:00
75,18750006100382,ajoute,,2026-10-08T13:57:19.076217+00:00
75,18750006100556,ajoute,,2026-10-08T13:57:19.270705+00:00
75,18750006100564,ajoute,,2026-10-08T13:57:19.575599+00:00
75,18750006100580,ajoute,,2026-10-08T13:57:19.675160+00:00
75,18750006100598,ajoute,,2026-10-08T13:57:19.870368+00:00
75,18750006100606,ajoute,,2026-10-08T13:57:20.067212+00:00
75,18750006100614,ajoute,,2026-10-08T13:57:20.279920+00:00
75,18750006100622,ajoute,,2026-10-08T13:57:20.486386+00:00
75,18750006100630,ajoute,,2026-10-08T13:57:20.702107+00:00
75,18750006100648,ajoute,,2026-10-08T13:57:20.895516+00:00
75,18750006100655,ajoute,,2026-10-08T13:57:21.105333+00:00
75,18750006100671,ajoute,,2026-10-08T13:57:21.305562+00:00
75,18750006100689,ajoute,,2026-10-08T13:57:21.514466+00:00
75,18750006100697,ajoute,,2026-10-08T13:57:21.865234+00:00
75,18750006100705,ajoute,,2026-10-08T13:57:21.907341+00:00
75,18750006100713,ajoute,,2026-10-08T13:57:22.105125+00:00
75,18750006100721,ajoute,,2026-10-08T13:57:22.322320+00:00
75,18750006100747,ajoute,,2026-10-08T13:57:22.524706+00:00
75,18750006100754,ajoute,,2026-10-08T13:57:22.719317+00:00
75,18750006100762,ajoute,,2026-10-08T13:57:22.935452+00:00
75,18750006100770,ajoute,,2026-10-08T13:57:23.135910+00:00
75,18750006100812,ajoute,,2026-10-08T13:57:23.340800+00:00
75,18750006100820,ajoute,,2026-10-08T13:57:23.566088+00:00
75,18750006100838,ajoute,,2026-10-08T13:57:23.731130+00:00
75,18750006100846,ajoute,,2026-10-08T13:57:23.936883+00:00
75,18750006100853,ajoute,,2026-10-08T13:57:24.147336+00:00
75,18750006100861,ajoute,,2026-10-08T13:57:24.383592+00:00
75,18750006100879,ajoute,,2026-10-08T13:57:24.555845+00:00
75,18750006100887,ajoute,,2026-10-08T13:57:24.753291+00:00
75,18750006100895,ajoute,,2026-10-08T13:57:24.966820+00:00
75,18750006100903,ajoute,,2026-10-08T13:57:25.162571+00:00
75,18750006100911,ajoute,,2026-10-08T13:57:25.378186+00:00
75,18750006100937,ajoute,,2026-10-08T13:57:25.577971+00:00
75,18750006100945,ajoute,,2026-10-08T13:57:25.781426+00:00
75,18750006100952,ajoute,,2026-10-08T13:57:26.000725+00:00
75,18750006100960,ajoute,,2026-10-08T13:57:26.210516+00:00
75,18750006100978,ajoute,,2026-10-08T13:57:26.385588+00:00
75,18750006100986,ajoute,,2026-10-08T13:57:26.611571+00:00
75,18750006100994,ajoute,,2026-10-08T13:57:26.796289+00:00
75,18750006101000,ajoute,,2026-10-08T13:57:26.998140+00:00
75,18750006101018,ajoute,,2026-10-08T13:57:27.206771+00:00
75,18750006101026,ajoute,,2026-10-08T13:57:27.404609+00:00
75,18750006101034,ajoute,,2026-10-08T13:57:27.626436+00:00
75,18750006101042,ajoute,,2026-10-08T13:57:27.818067+00:00
75,18750006101059,ajoute,,2026-10-08T13:57:28.017752+00:00
75,18750006101067,ajoute,,2026-10-08T13:57:28.214112+00:00
75,18750006101075,ajoute,,2026-10-08T13:57:28.420462+00:00
75,18750006101083,ajoute,,2026-10-08T13:57:28.634392+00:00
75,18750006101091,ajoute,,2026-10-08T13:57:28.824007+00:00
75,18750006101109,ajoute,,2026-10-08T13:57:29.023827+00:00
75,18750006101117,ajoute,,2026-10-08T13:57:29.221428+00:00
75,18750006101125,ajoute,,2026-10-08T13:57:29.517917+00:00
75,18750006101133,ajoute,,2026-10-08T13:57:29.661852+00:00
75,18750006101141,ajoute,,2026-10-08T13:57:29.828208+00:00
75,18750006101158,ajoute,,2026-10-08T13:57:30.179680+00:00
75,18750006101166,ajoute,,2026-10-08T13:57:30.236914+00:00
75,18750006101174,ajoute,,2026-10-08T13:57:30.450813+00:00
75,18750006101190,ajoute,,2026-10-08T13:57:30.863148+00:00
75,18750006101208,ajoute,,2026-10-08T13:57:31.060786+00:00
75,18750006101216,ajoute,,2026-10-08T13:57:31.260896+00:00
75,18750006101232,ajoute,,2026-10-08T13:57:31.462821+00:00
75,18750006101240,ajoute,,2026-10-08T13:57:31.657055+00:00
75,18750006101257,ajoute,,2026-10-08T13:57:32.008128+00:00
75,18750006101265,ajoute,,2026-10-08T13:57:32.077240+00:00
75,18750006101273,ajoute,,2026-10-08T13:57:32.408233+00:00
75,18750006101281,ajoute,,2026-10-08T13:57:32.501464+00:00
75,18750006101299,ajoute,,2026-10-08T13:57:32.689334+00:00
75,30134058401028,ajoute,,2026-10-08T14:07:39.961206+00:00
75,30438137901035,ajoute,,2026-10-08T14:07:49.906514+00:00
75,30449785204051,ajoute,,2026-10-08T14:07:50.329705+00:00
75,30536216200227,ajoute,,2026-10-08T14:07:54.318638+00:00
75,30536216200391,ajoute,,2026-10-08T14:07:54.459598+00:00
75,30536216200417,ajoute,,2026-10-08T14:07:54.579234+00:00
75,30536216200573,ajoute,,2026-10-08T14:07:54.820971+00:00
75,30536216200581,ajoute,,2026-10-08T14:07:55.068687+00:00
75,30536216200623,ajoute,,2026-10-08T14:07:55.201380+00:00
75,30652266501131,ajoute,,2026-10-08T14:07:55.831035+00:00
75,30889577001035,ajoute,,2026-10-08T14:07:58.110833+00:00
75,30889577001555,ajoute,,2026-10-08T14:07:58.301236+00:00
75,30980220500240,ajoute,,2026-10-08T14:08:03.920698+00:00
75,30980220500505,ajoute,,2026-10-08T14:08:04.109248+00:00
75,30980220500596,ajoute,,2026-10-08T14:08:04.316163+00:00
75,30980220500877,ajoute,,2026-10-08T14:08:04.509977+00:00
75,31130565001805,ajoute,,2026-10-08T14:08:10.714958+00:00
75,31709735000209,ajoute,,2026-10-08T14:08:23.110449+00:00
75,31709735000258,ajoute,,2026-10-08T14:08:23.362148+00:00
75,31709735000316,ajoute,,2026-10-08T14:08:23.557304+00:00
75,31709735000340,ajoute,,2026-10-08T14:08:23.732415+00:00
75,31709735000365,ajoute,,2026-10-08T14:08:23.930815+00:00
75,31709735000688,ajoute,,2026-10-08T14:08:24.155585+00:00
75,31709735000746,ajoute,,2026-10-08T14:08:24.367810+00:00
75,31709735000829,ajoute,,2026-10-08T14:08:24.618959+00:00
75,31709735000886,ajoute,,2026-10-08T14:08:24.823361+00:00
75,31709735000944,ajoute,,2026-10-08T14:08:25.031436+00:00
75,31942731601163,non_ajoute,ferme_ou_autre_departement,2026-10-08T14:08:36.745330+00:00
75,32368669101084,ajoute,,2026-10-08T14:08:37.564779+00:00
75,32875985700043,non_ajoute,ferme_ou_autre_departement,2026-10-08T14:08:42.307352+00:00
75,33415947207149,ajoute,,2026-10-08T14:08:46.496401+00:00
75,33415947207313,ajoute,,2026-10-08T14:08:46.652008+00:00
75,33415947207321,ajoute,,2026-10-08T14:08:46.854304+00:00
75,33415947207354,ajoute,,2026-10-08T14:08:47.046603+00:00
75,33415947207610,ajoute,,2026-10-08T14:08:47.289229+00:00
75,33415947207701,ajoute,,2026-10-08T14:08:47.595985+00:00
75,33415947207719,ajoute,,2026-10-08T14:08:47.660437+00:00
75,33415947207727,ajoute,,2026-10-08T14:08:47.872156+00:00
75,33825313106446,ajoute,,2026-10-08T14:08:56.132747+00:00
75,33888018001270,ajoute,,2026-10-08T14:09:25.550676+00:00
75,34106769201570,ajoute,,2026-10-08T14:09:26.181807+00:00
75,34106769201901,ajoute,,2026-10-08T14:09:26.371070+00:00
75,34106769202230,ajoute,,2026-10-08T14:09:26.476524+00:00
75,34408028800675,ajoute,,2026-10-08T14:09:45.102056+00:00
75,34792671902056,ajoute,,2026-10-08T14:09:47.371795+00:00
75,34792671902213,ajoute,,2026-10-08T14:09:47.519811+00:00
75,34792671902247,ajoute,,2026-10-08T14:09:47.722915+00:00
75,34792671902775,ajoute,,2026-10-08T14:09:47.930186+00:00
75,34899155502102,ajoute,,2026-10-08T14:09:57.088818+00:00
75,34899155502110,ajoute,,2026-10-08T14:09:57.295726+00:00
75,34997493101171,ajoute,,2026-10-08T14:09:58.880261+00:00
75,34997493101189,ajoute,,2026-10-08T14:09:59.089062+00:00
75,34997493101205,ajoute,,2026-10-08T14:09:59.295640+00:00
75,34997493101478,ajoute,,2026-10-08T14:09:59.508110+00:00
75,34997493101700,ajoute,,2026-10-08T14:09:59.707903+00:00
75,35144208200431,ajoute,,2026-10-08T14:10:02.171914+00:00
75,35144208200852,ajoute,,2026-10-08T14:10:02.368824+00:00
75,35144208200860,ajoute,,2026-10-08T14:10:02.626716+00:00
75,35171353200817,ajoute,,2026-10-08T14:10:05.927889+00:00
75,35221687301243,ajoute,,2026-10-08T14:10:07.537702+00:00
75,37823997400165,ajoute,,2026-10-08T14:10:49.418834+00:00
75,37823997400215,ajoute,,2026-10-08T14:10:49.622920+00:00
75,37823997400223,ajoute,,2026-10-08T14:10:49.832081+00:00
75,37823997400231,ajoute,,2026-10-08T14:10:50.138282+00:00
75,37823997400256,ajoute,,2026-10-08T14:10:50.230465+00:00
75,37823997400264,ajoute,,2026-10-08T14:10:50.441887+00:00
75,37823997400611,ajoute,,2026-10-08T14:10:50.568821+00:00
75,37823997400892,ajoute,,2026-10-08T14:10:50.782817+00:00
75,37924316502127,ajoute,,2026-10-08T14:10:52.646649+00:00
75,37924316502135,ajoute,,2026-10-08T14:10:52.847703+00:00
75,37952260000707,ajoute,,2026-10-08T14:10:53.035451+00:00
75,37952260000905,ajoute,,2026-10-08T14:10:53.231109+00:00
75,37958790001164,ajoute,,2026-10-08T14:10:54.067614+00:00
75,37958790001321,ajoute,,2026-10-08T14:10:54.266523+00:00
75,38012986600014,ajoute,,2026-10-08T14:10:56.731855+00:00
75,38062233200035,ajoute,,2026-10-08T14:11:10.162014+00:00
75,38062233200076,ajoute,,2026-10-08T14:11:10.316138+00:00
75,38062233200860,ajoute,,2026-10-08T14:11:10.541532+00:00
75,38240186700280,ajoute,,2026-10-08T14:11:13.246835+00:00
75,38240186700520,ajoute,,2026-10-08T14:11:13.266604+00:00
75,38240186700728,ajoute,,2026-10-08T14:11:13.397414+00:00
75,38254431001022,ajoute,,2026-10-08T14:11:13.836628+00:00
75,38254431001055,ajoute,,2026-10-08T14:11:14.034247+00:00
75,38254431001071,ajoute,,2026-10-08T14:11:14.222088+00:00
75,38254431001121,ajoute,,2026-10-08T14:11:14.480179+00:00
75,38254431001147,ajoute,,2026-10-08T14:11:14.660527+00:00
75,38254431001188,ajoute,,2026-10-08T14:11:14.828184+00:00
75,38254431001220,ajoute,,2026-10-08T14:11:15.039101+00:00
75,38290094200014,ajoute,,2026-10-08T14:11:15.264133+00:00
75,38319665600714,ajoute,,2026-10-08T14:11:32.811627+00:00
75,38521863100617,ajoute,,2026-10-08T14:11:38.130492+00:00
75,39112579600774,ajoute,,2026-10-08T14:11:43.689795+00:00
75,39112579600782,ajoute,,2026-10-08T14:11:43.883653+00:00
75,39112579600790,ajoute,,2026-10-08T14:11:44.098426+00:00
75,39295227100022,non_ajoute,naf_unite_hors_liste,2026-10-08T14:11:45.126926+00:00
75,39371228601944,ajoute,,2026-10-08T14:11:47.415945+00:00
75,39811044501257,ajoute,,2026-10-08T14:11:49.888318+00:00
75,39811044501380,ajoute,,2026-10-08T14:11:50.094196+00:00
75,39811044501539,ajoute,,2026-10-08T14:11:50.291248+00:00
75,39897931000115,ajoute,,2026-10-08T14:11:57.000624+00:00
75,39897931000867,ajoute,,2026-10-08T14:11:57.208200+00:00
75,39925689000217,ajoute,,2026-10-08T14:12:00.230195+00:00
75,39925689000225,ajoute,,2026-10-08T14:12:00.428725+00:00
75,40046195001024,ajoute,,2026-10-08T14:12:01.446693+00:00
75,40046195001065,ajoute,,2026-10-08T14:12:01.654284+00:00
75,40046195001289,ajoute,,2026-10-08T14:12:01.909827+00:00
75,40046195001370,ajoute,,2026-10-08T14:12:02.099533+00:00
75,40046195001388,ajoute,,2026-10-08T14:12:02.264701+00:00
75,40046195001438,ajoute,,2026-10-08T14:12:02.470804+00:00
75,40046195001537,ajoute,,2026-10-08T14:12:02.679573+00:00
75,40046195001552,ajoute,,2026-10-08T14:12:02.881256+00:00
75,40046195001560,ajoute,,2026-10-08T14:12:03.143223+00:00
75,40046195001578,ajoute,,2026-10-08T14:12:03.295402+00:00
75,40046195001586,ajoute,,2026-10-08T14:12:03.511493+00:00
75,40046195001594,ajoute,,2026-10-08T14:12:03.715171+00:00
75,40046195001602,ajoute,,2026-10-08T14:12:03.972849+00:00
75,40046195001610,ajoute,,2026-10-08T14:12:04.142637+00:00
75,40046195001628,ajoute,,2026-10-08T14:12:04.331318+00:00
75,40046195001636,ajoute,,2026-10-08T14:12:04.581253+00:00
75,40046195001644,ajoute,,2026-10-08T14:12:04.899214+00:00
75,40046195001651,ajoute,,2026-10-08T14:12:04.991336+00:00
75,40046195001669,ajoute,,2026-10-08T14:12:05.199030+00:00
75,40046195001677,ajoute,,2026-10-08T14:12:05.399173+00:00
75,40046195001685,ajoute,,2026-10-08T14:12:05.607679+00:00
75,40046195001693,ajoute,,2026-10-08T14:12:05.810352+00:00
75,40046195001701,ajoute,,2026-10-08T14:12:06.023369+00:00
75,40046195001719,ajoute,,2026-10-08T14:12:06.234486+00:00
75,40046195001727,ajoute,,2026-10-08T14:12:06.426135+00:00
75,40046195001735,ajoute,,2026-10-08T14:12:06.584431+00:00
75,40046195001743,ajoute,,2026-10-08T14:12:06.997432+00:00
75,40046195001750,ajoute,,2026-10-08T14:12:07.015989+00:00
75,40046195001768,ajoute,,2026-10-08T14:12:07.200752+00:00
75,40046195001776,ajoute,,2026-10-08T14:12:07.449027+00:00
75,40046195001784,ajoute,,2026-10-08T14:12:07.611782+00:00
75,40046195001792,ajoute,,2026-10-08T14:12:07.824693+00:00
75,40125156601012,ajoute,,2026-10-08T14:12:08.895341+00:00
75,40125156602002,ajoute,,2026-10-08T14:12:09.123077+00:00
75,40168717300054,non_ajoute,ferme_ou_autre_departement,2026-10-08T14:12:09.600389+00:00
75,41003460703494,ajoute,,2026-10-08T14:12:13.406020+00:00
75,41003460703635,ajoute,,2026-10-08T14:12:13.603346+00:00
75,41015167400919,ajoute,,2026-10-08T14:12:13.818124+00:00
75,41040901500022,ajoute,,2026-10-08T14:12:17.520671+00:00
75,41040901500519,ajoute,,2026-10-08T14:12:17.736343+00:00
75,41040901500527,ajoute,,2026-10-08T14:12:17.928113+00:00
75,41040901500535,ajoute,,2026-10-08T14:12:18.161791+00:00
75,41040901500543,ajoute,,2026-10-08T14:12:18.339938+00:00
75,41809639200497,ajoute,,2026-10-08T14:12:25.161898+00:00
75,42110064500058,ajoute,,2026-10-08T14:12:26.838048+00:00
75,42110064500967,ajoute,,2026-10-08T14:12:27.114198+00:00
75,42203690500558,ajoute,,2026-10-08T14:12:28.975559+00:00
75,42303259800355,ajoute,,2026-10-08T14:12:29.570538+00:00
75,42303259800686,ajoute,,2026-10-08T14:12:29.810600+00:00
75,42303259800991,ajoute,,2026-10-08T14:12:29.978384+00:00
75,42855996702665,ajoute,,2026-10-08T14:12:39.969498+00:00
75,42855996702939,ajoute,,2026-10-08T14:12:40.173583+00:00
75,42855996702962,ajoute,,2026-10-08T14:12:40.395731+00:00
75,42995529700164,ajoute,,2026-10-08T14:12:41.049741+00:00
75,42995529700180,ajoute,,2026-10-08T14:12:41.219696+00:00
75,42995529700263,ajoute,,2026-10-08T14:12:41.424159+00:00
75,42995529700297,ajoute,,2026-10-08T14:12:41.636654+00:00
75,43198246100524,ajoute,,2026-10-08T14:12:42.678176+00:00
75,43198246100698,ajoute,,2026-10-08T14:12:42.877884+00:00
75,43395769300321,ajoute,,2026-10-08T14:12:44.579127+00:00
75,43772384403112,ajoute,,2026-10-08T14:12:49.700415+00:00
75,43772384403161,ajoute,,2026-10-08T14:12:49.919525+00:00
75,43772384403229,ajoute,,2026-10-08T14:12:50.201447+00:00
75,43997564001259,ajoute,,2026-10-08T14:12:51.448909+00:00
75,43997564001564,ajoute,,2026-10-08T14:12:51.553775+00:00
75,43997564001572,ajoute,,2026-10-08T14:12:51.963139+00:00
75,44004888200201,ajoute,,2026-10-08T14:12:51.983402+00:00
75,44004888200276,ajoute,,2026-10-08T14:12:52.173575+00:00
75,44004888200284,ajoute,,2026-10-08T14:12:52.366934+00:00
75,44004888200854,ajoute,,2026-10-08T14:12:52.574251+00:00
75,44442083001166,ajoute,,2026-10-08T14:13:03.099583+00:00
75,44478651103521,ajoute,,2026-10-08T14:13:08.079013+00:00
75,44478651103539,ajoute,,2026-10-08T14:13:08.403915+00:00
75,44478651103547,ajoute,,2026-10-08T14:13:08.496357+00:00
75,44478651103554,ajoute,,2026-10-08T14:13:08.676547+00:00
75,44478651103562,ajoute,,2026-10-08T14:13:08.883826+00:00
75,44533010300026,ajoute,,2026-10-08T14:13:10.770138+00:00
75,44533010300042,ajoute,,2026-10-08T14:13:10.956745+00:00
75,44533010300059,ajoute,,2026-10-08T14:13:11.188076+00:00
75,44533010300067,ajoute,,2026-10-08T14:13:11.365181+00:00
75,44533010300083,ajoute,,2026-10-08T14:13:11.596510+00:00
75,44533010300091,ajoute,,2026-10-08T14:13:11.779916+00:00
75,44533010300117,ajoute,,2026-10-08T14:13:11.976012+00:00
75,44533010300141,ajoute,,2026-10-08T14:13:12.191829+00:00
75,44533010300174,ajoute,,2026-10-08T14:13:12.393905+00:00
75,44533010300182,ajoute,,2026-10-08T14:13:12.671923+00:00
75,44533010300216,ajoute,,2026-10-08T14:13:12.887412+00:00
75,44533010300224,ajoute,,2026-10-08T14:13:13.008705+00:00
75,44533010300240,ajoute,,2026-10-08T14:13:13.221219+00:00
75,44533010300257,ajoute,,2026-10-08T14:13:13.435452+00:00
75,44533010300265,ajoute,,2026-10-08T14:13:13.635528+00:00
75,44533010300273,ajoute,,2026-10-08T14:13:13.871003+00:00
75,44533010300299,ajoute,,2026-10-08T14:13:14.049427+00:00
75,44533010300349,ajoute,,2026-10-08T14:13:14.247498+00:00
75,44533010300364,ajoute,,2026-10-08T14:13:14.466436+00:00
75,44533010300380,ajoute,,2026-10-08T14:13:14.728526+00:00
75,44533010300398,ajoute,,2026-10-08T14:13:14.854225+00:00
75,44533010300430,ajoute,,2026-10-08T14:13:15.062554+00:00
75,44533010300455,ajoute,,2026-10-08T14:13:15.335800+00:00
75,44533010300513,ajoute,,2026-10-08T14:13:15.489844+00:00
75,44533010300521,ajoute,,2026-10-08T14:13:15.685191+00:00
75,44533010300570,ajoute,,2026-10-08T14:13:15.940225+00:00
75,44533010300596,ajoute,,2026-10-08T14:13:16.200036+00:00
75,44533010300604,ajoute,,2026-10-08T14:13:16.462938+00:00
75,44533010300612,ajoute,,2026-10-08T14:13:16.643218+00:00
75,44533010300620,ajoute,,2026-10-08T14:13:16.711655+00:00
75,44533010300638,ajoute,,2026-10-08T14:13:16.905116+00:00
75,44533010300646,ajoute,,2026-10-08T14:13:17.159671+00:00
75,44533010300653,ajoute,,2026-10-08T14:13:17.326780+00:00
75,44533010300661,ajoute,,2026-10-08T14:13:17.524179+00:00
75,44533010300679,ajoute,,2026-10-08T14:13:17.799021+00:00
75,44533010300729,ajoute,,2026-10-08T14:13:17.950384+00:00
75,44533010300752,ajoute,,2026-10-08T14:13:18.153481+00:00
75,44533010300851,ajoute,,2026-10-08T14:13:18.356279+00:00
75,44533010301008,ajoute,,2026-10-08T14:13:18.583488+00:00
75,47050094302783,ajoute,,2026-10-08T14:13:39.683391+00:00
75,47050094302817,ajoute,,2026-10-08T14:13:39.863143+00:00
75,47050094302932,ajoute,,2026-10-08T14:13:40.089521+00:00
75,47050094302940,ajoute,,2026-10-08T14:13:40.281958+00:00
75,47718101002048,ajoute,,2026-10-08T14:13:40.692997+00:00
75,47718101002246,ajoute,,2026-10-08T14:13:40.888242+00:00
75,47718101002253,ajoute,,2026-10-08T14:13:41.110559+00:00
75,47718101002691,ajoute,,2026-10-08T14:13:41.316131+00:00
75,47835575301480,ajoute,,2026-10-08T14:13:53.499566+00:00
75,47835575301753,ajoute,,2026-10-08T14:13:53.705237+00:00
75,47835611600119,ajoute,,2026-10-08T14:13:56.187590+00:00
75,47835611600721,ajoute,,2026-10-08T14:13:56.390963+00:00
75,47918275000121,ajoute,,2026-10-08T14:13:58.060722+00:00
75,47918275000345,ajoute,,2026-10-08T14:13:58.658137+00:00
75,47918275000667,ajoute,,2026-10-08T14:13:58.475371+00:00
75,47918275000832,ajoute,,2026-10-08T14:13:58.797461+00:00
75,48063859200034,non_ajoute,ferme_ou_autre_departement,2026-10-08T14:14:04.921039+00:00
75,48063859200042,non_ajoute,ferme_ou_autre_departement,2026-10-08T14:14:05.197767+00:00
75,48170103500034,non_ajoute,ferme_ou_autre_departement,2026-10-08T14:14:05.920048+00:00
75,48753009901909,ajoute,,2026-10-08T14:14:09.883905+00:00
75,48753009901925,ajoute,,2026-10-08T14:14:10.098518+00:00
75,48753009901974,ajoute,,2026-10-08T14:14:10.307525+00:00
75,49278795701502,ajoute,,2026-10-08T14:14:13.803968+00:00
75,49278795701643,ajoute,,2026-10-08T14:14:14.022754+00:00
75,49278795701650,ajoute,,2026-10-08T14:14:14.252955+00:00
75,49278795701668,ajoute,,2026-10-08T14:14:14.577193+00:00
75,49278795701684,ajoute,,2026-10-08T14:14:14.648499+00:00
75,49314701101006,ajoute,,2026-10-08T14:14:18.496873+00:00
75,49398343100682,ajoute,,2026-10-08T14:14:19.125986+00:00
75,49848469002351,ajoute,,2026-10-08T14:14:20.342876+00:00
75,50056940501472,ajoute,,2026-10-08T14:14:20.985893+00:00
75,50056940501688,ajoute,,2026-10-08T14:14:21.156837+00:00
75,50056940501696,ajoute,,2026-10-08T14:14:21.372068+00:00
75,50056940501977,ajoute,,2026-10-08T14:14:21.760184+00:00
75,50194503400012,non_ajoute,ferme_ou_autre_departement,2026-10-08T14:14:23.188825+00:00
75,50369866404807,ajoute,,2026-10-08T14:14:24.606847+00:00
75,50369866404815,ajoute,,2026-10-08T14:14:24.835502+00:00
75,50369866404922,ajoute,,2026-10-08T14:14:25.044272+00:00
75,50954383100101,non_ajoute,ferme_ou_autre_departement,2026-10-08T14:14:27.680206+00:00
75,51157542500034,non_ajoute,ferme_ou_autre_departement,2026-10-08T14:14:29.768334+00:00
75,51509956200115,ajoute,,2026-10-08T14:14:31.135081+00:00
75,51509956200123,ajoute,,2026-10-08T14:14:31.345351+00:00
75,51509956200131,ajoute,,2026-10-08T14:14:31.565969+00:00
75,51509956200263,ajoute,,2026-10-08T14:14:31.744486+00:00
75,51509956200560,ajoute,,2026-10-08T14:14:31.975348+00:00
75,51509956200586,ajoute,,2026-10-08T14:14:32.171679+00:00
75,51509956200594,ajoute,,2026-10-08T14:14:32.367831+00:00
75,52230547300061,non_ajoute,ferme_ou_autre_departement,2026-10-08T14:14:38.846094+00:00
75,52335724200040,non_ajoute,ferme_ou_autre_departement,2026-10-08T14:14:40.085122+00:00
75,52388562200242,ajoute,,2026-10-08T14:14:40.483743+00:00
75,52857022900237,ajoute,,2026-10-08T14:14:41.290272+00:00
75,52857022900245,ajoute,,2026-10-08T14:14:41.541342+00:00
75,52857022900799,ajoute,,2026-10-08T14:14:41.699775+00:00
75,52881537602518,ajoute,,2026-10-08T14:14:46.174643+00:00
75,52881537602641,ajoute,,2026-10-08T14:14:46.374601+00:00
75,52881537602666,ajoute,,2026-10-08T14:14:46.597432+00:00
75,52963831400052,ajoute,,2026-10-08T14:14:47.416350+00:00
75,53042242700043,ajoute,,2026-10-08T14:14:47.632716+00:00
75,53042242700118,ajoute,,2026-10-08T14:14:47.466821+00:00
75,53042242700126,ajoute,,2026-10-08T14:14:47.548325+00:00
75,53042242700167,ajoute,,2026-10-08T14:14:47.735927+00:00
75,53042242700175,ajoute,,2026-10-08T14:14:48.003472+00:00
75,53042242700209,ajoute,,2026-10-08T14:14:48.111092+00:00
75,53042242700217,ajoute,,2026-10-08T14:14:48.283939+00:00
75,53042242700225,ajoute,,2026-10-08T14:14:48.484054+00:00
75,53042242700241,ajoute,,2026-10-08T14:14:48.697196+00:00
75,53042242700274,ajoute,,2026-10-08T14:14:48.886754+00:00
75,53042242700316,ajoute,,2026-10-08T14:14:49.134378+00:00
75,53042242700324,ajoute,,2026-10-08T14:14:49.286383+00:00
75,53042242700332,ajoute,,2026-10-08T14:14:49.613499+00:00
75,53042242700340,ajoute,,2026-10-08T14:14:49.693148+00:00
75,53042242700373,ajoute,,2026-10-08T14:14:49.919127+00:00
75,53042242700381,ajoute,,2026-10-08T14:14:50.099497+00:00
75,53042242700399,ajoute,,2026-10-08T14:14:50.354044+00:00
75,53042242700423,ajoute,,2026-10-08T14:14:50.508217+00:00
75,53042242700464,ajoute,,2026-10-08T14:14:50.710066+00:00
75,53042242700472,ajoute,,2026-10-08T14:14:50.922859+00:00
75,53042242700548,ajoute,,2026-10-08T14:14:51.115310+00:00
75,53042242700589,ajoute,,2026-10-08T14:14:51.345877+00:00
75,53042242700647,ajoute,,2026-10-08T14:14:51.553962+00:00
75,53042242700662,ajoute,,2026-10-08T14:14:51.721054+00:00
75,53042242700837,ajoute,,2026-10-08T14:14:51.941593+00:00
75,53042242700845,ajoute,,2026-10-08T14:14:52.151822+00:00
75,53042242700928,ajoute,,2026-10-08T14:14:52.367190+00:00
75,53042242700951,ajoute,,2026-10-08T14:14:52.633580+00:00
75,53042242700993,ajoute,,2026-10-08T14:14:52.769339+00:00
75,53069816600010,ajoute,,2026-10-08T14:14:53.263695+00:00
75,53099183500022,ajoute,,2026-10-08T14:14:53.561566+00:00
75,53116270900038,ajoute,,2026-10-08T14:14:53.773731+00:00
75,53116270900053,ajoute,,2026-10-08T14:14:53.972305+00:00
75,53116270900087,ajoute,,2026-10-08T14:14:54.206904+00:00
75,53116270900111,ajoute,,2026-10-08T14:14:54.372023+00:00
75,53116270900251,ajoute,,2026-10-08T14:14:54.630628+00:00
75,53116270900384,ajoute,,2026-10-08T14:14:54.788615+00:00
75,53116270900608,ajoute,,2026-10-08T14:14:54.983367+00:00
75,53146842900026,non_ajoute,ferme_ou_autre_departement,2026-10-08T14:14:55.387304+00:00
75,53513464700028,non_ajoute,ferme_ou_autre_departement,2026-10-08T14:14:56.596561+00:00
75,53760382100035,non_ajoute,ferme_ou_autre_departement,2026-10-08T14:14:56.800399+00:00
75,53886506400025,non_ajoute,ferme_ou_autre_departement,2026-10-08T14:14:58.817771+00:00
75,54207358003081,ajoute,,2026-10-08T14:15:30.118267+00:00
75,54207358003099,ajoute,,2026-10-08T14:15:30.253832+00:00
75,54207358003115,ajoute,,2026-10-08T14:15:30.660516+00:00
75,54207358003123,ajoute,,2026-10-08T14:15:30.674440+00:00
75,55200231300245,ajoute,,2026-10-08T14:15:59.523679+00:00
75,55200231300252,ajoute,,2026-10-08T14:15:59.728149+00:00
75,55200231300260,ajoute,,2026-10-08T14:16:00.034000+00:00
75,55200231300567,ajoute,,2026-10-08T14:16:00.114762+00:00
75,55200231300591,ajoute,,2026-10-08T14:16:00.357030+00:00
75,55200231300609,ajoute,,2026-10-08T14:16:00.608715+00:00
75,55200231300641,ajoute,,2026-10-08T14:16:00.751090+00:00
75,55200231300658,ajoute,,2026-10-08T14:16:00.978654+00:00
75,55200231300732,ajoute,,2026-10-08T14:16:01.125001+00:00
75,55200231300773,ajoute,,2026-10-08T14:16:01.374765+00:00
75,55200231300799,ajoute,,2026-10-08T14:16:01.535396+00:00
75,55200231300963,ajoute,,2026-10-08T14:16:01.960284+00:00
75,55200231301011,ajoute,,2026-10-08T14:16:01.984963+00:00
75,55200231301086,ajoute,,2026-10-08T14:16:02.211772+00:00
75,55200231301102,ajoute,,2026-10-08T14:16:02.353404+00:00
75,55200231301151,ajoute,,2026-10-08T14:16:02.565917+00:00
75,55200231301227,ajoute,,2026-10-08T14:16:02.776704+00:00
75,55200231301235,ajoute,,2026-10-08T14:16:02.999097+00:00
75,55200231301250,ajoute,,2026-10-08T14:16:03.174238+00:00
75,55204648400325,ajoute,,2026-10-08T14:16:08.770802+00:00
75,55204648400739,ajoute,,2026-10-08T14:16:08.886548+00:00
75,55208131703053,ajoute,,2026-10-08T14:16:11.919062+00:00
75,55208131703145,ajoute,,2026-10-08T14:16:12.150706+00:00
75,55208131703160,ajoute,,2026-10-08T14:16:12.344140+00:00
75,55208131703186,ajoute,,2026-10-08T14:16:12.532500+00:00
75,55208131703202,ajoute,,2026-10-08T14:16:12.898786+00:00
75,55208131703251,ajoute,,2026-10-08T14:16:12.949132+00:00
75,55208131703285,ajoute,,2026-10-08T14:16:13.310547+00:00
75,55208131703426,ajoute,,2026-10-08T14:16:13.352120+00:00
75,55208131703442,ajoute,,2026-10-08T14:16:13.550636+00:00
75,55208131703459,ajoute,,2026-10-08T14:16:13.884162+00:00
75,55208131703467,ajoute,,2026-10-08T14:16:14.097616+00:00
75,55208131703665,ajoute,,2026-10-08T14:16:14.157911+00:00
75,55208131703673,ajoute,,2026-10-08T14:16:14.362573+00:00
75,55208131703681,ajoute,,2026-10-08T14:16:14.589269+00:00
75,55209628102221,ajoute,,2026-10-08T14:17:24.723500+00:00
75,55209628102650,ajoute,,2026-10-08T14:17:24.939636+00:00
75,55212022205129,ajoute,,2026-10-08T14:17:25.940003+00:00
75,55212022205137,ajoute,,2026-10-08T14:17:26.136905+00:00
75,55212022205145,ajoute,,2026-10-08T14:17:26.383442+00:00
75,55212022205152,ajoute,,2026-10-08T14:17:26.546931+00:00
75,55212022205178,ajoute,,2026-10-08T14:17:26.766586+00:00
75,55212022205194,ajoute,,2026-10-08T14:17:26.962084+00:00
75,55212022205202,ajoute,,2026-10-08T14:17:27.163485+00:00
75,55212022205228,ajoute,,2026-10-08T14:17:27.400394+00:00
75,55212022205236,ajoute,,2026-10-08T14:17:27.597205+00:00
75,55212022205251,ajoute,,2026-10-08T14:17:27.788314+00:00
75,55212022205277,ajoute,,2026-10-08T14:17:28.457784+00:00
75,55212022205285,ajoute,,2026-10-08T14:17:28.679023+00:00
75,55212022205293,ajoute,,2026-10-08T14:17:28.588279+00:00
75,55212022205301,ajoute,,2026-10-08T14:17:28.745165+00:00
75,55212022205327,ajoute,,2026-10-08T14:17:28.818149+00:00
75,55212022205335,ajoute,,2026-10-08T14:17:29.080252+00:00
75,55212022205343,ajoute,,2026-10-08T14:17:29.219915+00:00
75,55212022205350,ajoute,,2026-10-08T14:17:29.423611+00:00
75,55212022205368,ajoute,,2026-10-08T14:17:29.620268+00:00
75,57210270500017,non_ajoute,unite_non_active,2026-10-08T14:18:29.568997+00:00
75,57214188500200,ajoute,,2026-10-08T14:18:29.773763+00:00
75,57214188500226,ajoute,,2026-10-08T14:18:29.971892+00:00
75,57214188500549,ajoute,,2026-10-08T14:18:30.174048+00:00
75,57218568400345,ajoute,,2026-10-08T14:18:32.199568+00:00
75,57218568400782,ajoute,,2026-10-08T14:18:32.423416+00:00
75,57218568401087,ajoute,,2026-10-08T14:18:32.613195+00:00
75,61365037301648,ajoute,,2026-10-08T14:18:39.501609+00:00
75,63204104210036,ajoute,,2026-10-08T14:18:42.831491+00:00
75,65205083202207,ajoute,,2026-10-08T14:19:03.079417+00:00
75,65205083202215,ajoute,,2026-10-08T14:19:03.253555+00:00
75,66202519602786,ajoute,,2026-10-08T14:19:04.287197+00:00
75,66202519603198,ajoute,,2026-10-08T14:19:04.539322+00:00
75,66202519603404,ajoute,,2026-10-08T14:19:04.740632+00:00
75,66202519603453,ajoute,,2026-10-08T14:19:04.940039+00:00
75,66202519603529,ajoute,,2026-10-08T14:19:05.356888+00:00
75,66204244900014,ajoute,,2026-10-08T14:19:56.765328+00:00
75,72202372800131,ajoute,,2026-10-08T14:20:45.917734+00:00
75,72202372800800,ajoute,,2026-10-08T14:20:46.017931+00:00
75,75046238400033,non_ajoute,ferme_ou_autre_departement,2026-10-08T14:20:47.451237+00:00
75,75074199300356,ajoute,,2026-10-08T14:20:47.966817+00:00
75,75074199300364,ajoute,,2026-10-08T14:20:48.270995+00:00
75,75252967700011,non_ajoute,ferme_ou_autre_departement,2026-10-08T14:20:49.498716+00:00
75,77557701801489,ajoute,,2026-10-08T14:20:49.910995+00:00
75,77566343800221,ajoute,,2026-10-08T14:20:51.854622+00:00
75,77566343800239,ajoute,,2026-10-08T14:20:51.950727+00:00
75,77566343800262,ajoute,,2026-10-08T14:20:52.164404+00:00
75,77566343800270,ajoute,,2026-10-08T14:20:52.573363+00:00
75,77566343800288,ajoute,,2026-10-08T14:20:52.572296+00:00
75,77566343800320,ajoute,,2026-10-08T14:20:52.782477+00:00
75,77566343800346,ajoute,,2026-10-08T14:20:52.981371+00:00
75,77566343800353,ajoute,,2026-10-08T14:20:53.186036+00:00
75,77566343800361,ajoute,,2026-10-08T14:20:53.420988+00:00
75,77566343800403,ajoute,,2026-10-08T14:20:53.595972+00:00
75,77566343800429,ajoute,,2026-10-08T14:20:53.800829+00:00
75,77566343800601,ajoute,,2026-10-08T14:20:54.042446+00:00
75,77566343800619,ajoute,,2026-10-08T14:20:54.249217+00:00
75,77566343800635,ajoute,,2026-10-08T14:20:54.417866+00:00
75,77566343800676,ajoute,,2026-10-08T14:20:54.620882+00:00
75,77566343800726,ajoute,,2026-10-08T14:20:54.857542+00:00
75,77566343800734,ajoute,,2026-10-08T14:20:55.053118+00:00
75,77566343800742,ajoute,,2026-10-08T14:20:55.235964+00:00
75,77566343800775,ajoute,,2026-10-08T14:20:55.747246+00:00
75,77566343800783,ajoute,,2026-10-08T14:20:55.643777+00:00
75,77566343800809,ajoute,,2026-10-08T14:20:55.848630+00:00
75,77566343800817,ajoute,,2026-10-08T14:20:56.047084+00:00
75,77566343800825,ajoute,,2026-10-08T14:20:56.258822+00:00
75,77566343800882,ajoute,,2026-10-08T14:20:56.467846+00:00
75,77566343800957,ajoute,,2026-10-08T14:20:56.673717+00:00
75,77566343800965,ajoute,,2026-10-08T14:20:56.873582+00:00
75,77566343800981,ajoute,,2026-10-08T14:20:57.070554+00:00
75,77566343800999,ajoute,,2026-10-08T14:20:57.282299+00:00
75,77566343801005,ajoute,,2026-10-08T14:20:57.516700+00:00
75,77566343801070,ajoute,,2026-10-08T14:20:57.695098+00:00
75,77566343801112,ajoute,,2026-10-08T14:20:58.106331+00:00
75,77566343801138,ajoute,,2026-10-08T14:20:58.127255+00:00
75,77566561501295,ajoute,,2026-10-08T14:21:04.469673+00:00
75,77566561501527,ajoute,,2026-10-08T14:21:04.516394+00:00
75,77566561501931,ajoute,,2026-10-08T14:21:04.797769+00:00
75,77566561501972,ajoute,,2026-10-08T14:21:04.960625+00:00
75,77566561501998,ajoute,,2026-10-08T14:21:05.245593+00:00
75,77566561502012,ajoute,,2026-10-08T14:21:05.471451+00:00
75,77566561502046,ajoute,,2026-10-08T14:21:05.550512+00:00
75,77566561502053,ajoute,,2026-10-08T14:21:05.709598+00:00
75,77566561502087,ajoute,,2026-10-08T14:21:05.972607+00:00
75,77566561502095,ajoute,,2026-10-08T14:21:06.457961+00:00
75,77566561502103,ajoute,,2026-10-08T14:21:06.458134+00:00
75,77566561502152,ajoute,,2026-10-08T14:21:06.653034+00:00
75,77566561502277,ajoute,,2026-10-08T14:21:07.047050+00:00
75,77566561502285,ajoute,,2026-10-08T14:21:06.965655+00:00
75,77566561502301,ajoute,,2026-10-08T14:21:07.131232+00:00
75,77566561502327,ajoute,,2026-10-08T14:21:07.336069+00:00
75,77566561502475,ajoute,,2026-10-08T14:21:07.522708+00:00
75,77566654800018,ajoute,,2026-10-08T14:21:12.589364+00:00
75,77566654800380,ajoute,,2026-10-08T14:21:12.840417+00:00
75,77566654800414,ajoute,,2026-10-08T14:21:13.003030+00:00
75,77566654800612,ajoute,,2026-10-08T14:21:13.202352+00:00
75,77566654801107,ajoute,,2026-10-08T14:21:13.406778+00:00
75,77567223101292,ajoute,,2026-10-08T14:21:15.610565+00:00
75,77567223101607,ajoute,,2026-10-08T14:21:15.645990+00:00
75,77567223101862,ajoute,,2026-10-08T14:21:15.829762+00:00
75,77567223101888,ajoute,,2026-10-08T14:21:16.032967+00:00
75,77567223101979,ajoute,,2026-10-08T14:21:16.547014+00:00
75,77567227230022,ajoute,,2026-10-08T14:21:25.780246+00:00
75,77567227230147,ajoute,,2026-10-08T14:21:26.003781+00:00
75,77567227230287,ajoute,,2026-10-08T14:21:26.200323+00:00
75,77567618202473,ajoute,,2026-10-08T14:21:30.154300+00:00
75,77568873203099,ajoute,,2026-10-08T14:22:00.173155+00:00
75,77568873203628,ajoute,,2026-10-08T14:22:00.261264+00:00
75,77568907802155,ajoute,,2026-10-08T14:22:01.857053+00:00
75,77569113200085,ajoute,,2026-10-08T14:22:02.060381+00:00
75,77569113200515,ajoute,,2026-10-08T14:22:02.262902+00:00
75,77569113200614,ajoute,,2026-10-08T14:22:02.469173+00:00
75,77569113200754,ajoute,,2026-10-08T14:22:02.720487+00:00
75,77569113200978,ajoute,,2026-10-08T14:22:02.881780+00:00
75,77569113201034,ajoute,,2026-10-08T14:22:03.084591+00:00
75,77569113201042,ajoute,,2026-10-08T14:22:03.421441+00:00
75,77569474807213,ajoute,,2026-10-08T14:22:05.175631+00:00
75,77569474807239,ajoute,,2026-10-08T14:22:05.380846+00:00
75,77569474807536,ajoute,,2026-10-08T14:22:05.579025+00:00
75,77569474807783,ajoute,,2026-10-08T14:22:05.790874+00:00
75,77734609900651,ajoute,,2026-10-08T14:22:11.422975+00:00
75,78420584100058,non_ajoute,ferme_ou_autre_departement,2026-10-08T14:22:13.065174+00:00
75,78463371100048,non_ajoute,unite_non_active,2026-10-08T14:22:14.289711+00:00
75,78493968802250,ajoute,,2026-10-08T14:22:23.096218+00:00
75,78493968802268,ajoute,,2026-10-08T14:22:23.199200+00:00
75,78493968802300,ajoute,,2026-10-08T14:22:23.404242+00:00
75,78493968802581,ajoute,,2026-10-08T14:22:23.609167+00:00
75,78493968802599,ajoute,,2026-10-08T14:22:23.813177+00:00
75,78493968802656,ajoute,,2026-10-08T14:22:24.020023+00:00
75,78493968802680,ajoute,,2026-10-08T14:22:24.223300+00:00
75,78493968802698,ajoute,,2026-10-08T14:22:24.428740+00:00
75,78493968802946,ajoute,,2026-10-08T14:22:24.632132+00:00
75,78493968803050,ajoute,,2026-10-08T14:22:24.838534+00:00
75,79397143300016,non_ajoute,ferme_ou_autre_departement,2026-10-08T14:22:41.896961+00:00
75,79455223200058,non_ajoute,unite_non_active,2026-10-08T14:22:42.286768+00:00
75,79823301100070,ajoute,,2026-10-08T14:22:47.269118+00:00
75,79823301100104,ajoute,,2026-10-08T14:22:47.470712+00:00
75,79823301100237,ajoute,,2026-10-08T14:22:47.673413+00:00
75,79823301100518,ajoute,,2026-10-08T14:22:47.877117+00:00
75,80089508800014,ajoute,,2026-10-08T14:22:54.582550+00:00
75,80089508800626,ajoute,,2026-10-08T14:22:54.776653+00:00
75,80089508800634,ajoute,,2026-10-08T14:22:54.981696+00:00
75,80433103100026,non_ajoute,ferme_ou_autre_departement,2026-10-08T14:22:59.275475+00:00
75,80855656700036,non_ajoute,unite_non_active,2026-10-08T14:23:00.579544+00:00
75,80855656700051,non_ajoute,unite_non_active,2026-10-08T14:23:00.780572+00:00
75,80874460100010,non_ajoute,ferme_ou_autre_departement,2026-10-08T14:23:01.397319+00:00
75,80943839300021,non_ajoute,ferme_ou_autre_departement,2026-10-08T14:23:01.804570+00:00
75,81110308400018,non_ajoute,ferme_ou_autre_departement,2026-10-08T14:23:02.829147+00:00
75,81111612800018,non_ajoute,ferme_ou_autre_departement,2026-10-08T14:23:03.034061+00:00
75,81238533400014,non_ajoute,ferme_ou_autre_departement,2026-10-08T14:23:03.853474+00:00
75,81267483601081,ajoute,,2026-10-08T14:23:04.058022+00:00
75,81267483601107,ajoute,,2026-10-08T14:23:04.262895+00:00
75,81267483601115,ajoute,,2026-10-08T14:23:04.571133+00:00
75,81267483601214,ajoute,,2026-10-08T14:23:04.673283+00:00
75,81267483601248,ajoute,,2026-10-08T14:23:04.978551+00:00
75,81325644300025,non_ajoute,ferme_ou_autre_departement,2026-10-08T14:23:05.490966+00:00
75,81411679400037,ajoute,,2026-10-08T14:23:06.107237+00:00
75,81411679400045,ajoute,,2026-10-08T14:23:06.311405+00:00
75,81411679400052,ajoute,,2026-10-08T14:23:06.515017+00:00
75,81411679400078,ajoute,,2026-10-08T14:23:06.719306+00:00
75,81411679400086,ajoute,,2026-10-08T14:23:06.927511+00:00
75,81411679400094,ajoute,,2026-10-08T14:23:07.130217+00:00
75,81411679400102,ajoute,,2026-10-08T14:23:07.346806+00:00
75,81411679400128,ajoute,,2026-10-08T14:23:07.573228+00:00
75,81411679400136,ajoute,,2026-10-08T14:23:07.748206+00:00
75,81411679400144,ajoute,,2026-10-08T14:23:07.948753+00:00
75,81411679400151,ajoute,,2026-10-08T14:23:08.153851+00:00
75,81411679400169,ajoute,,2026-10-08T14:23:08.358797+00:00
75,81411679400177,ajoute,,2026-10-08T14:23:08.563122+00:00
75,81411679400763,ajoute,,2026-10-08T14:23:08.772028+00:00
75,81411679400771,ajoute,,2026-10-08T14:23:09.078672+00:00
75,81411679400789,ajoute,,2026-10-08T14:23:09.279777+00:00
75,81411679400995,ajoute,,2026-10-08T14:23:09.389290+00:00
75,81411679401001,ajoute,,2026-10-08T14:23:09.590789+00:00
75,81950126300027,non_ajoute,ferme_ou_autre_departement,2026-10-08T14:23:11.431660+00:00
75,82373716800026,non_ajoute,ferme_ou_autre_departement,2026-10-08T14:23:13.506031+00:00
75,82454114801871,ajoute,,2026-10-08T14:23:13.888213+00:00
75,83106913300021,non_ajoute,naf_unite_hors_liste,2026-10-08T14:23:17.266804+00:00
75,83411753300069,non_ajoute,ferme_ou_autre_departement,2026-10-08T14:23:19.010854+00:00
75,83411753300200,non_ajoute,ferme_ou_autre_departement,2026-10-08T14:23:19.218381+00:00
75,83788080600042,non_ajoute,ferme_ou_autre_departement,2026-10-08T14:23:23.233692+00:00
75,84164797700021,non_ajoute,ferme_ou_autre_departement,2026-10-08T14:23:25.349460+00:00
75,84244399600033,non_ajoute,ferme_ou_autre_departement,2026-10-08T14:23:26.088246+00:00
75,84283708000022,non_ajoute,ferme_ou_autre_departement,2026-10-08T14:23:26.480621+00:00
75,84395746500019,non_ajoute,unite_non_active,2026-10-08T14:23:28.532063+00:00
75,84428183200023,non_ajoute,ferme_ou_autre_departement,2026-10-08T14:23:30.066175+00:00
75,84870476300020,non_ajoute,ferme_ou_autre_departement,2026-10-08T14:23:31.300066+00:00
75,84971155100010,non_ajoute,ferme_ou_autre_departement,2026-10-08T14:23:31.918092+00:00
75,85048727300045,non_ajoute,ferme_ou_autre_departement,2026-10-08T14:23:32.323360+00:00
75,85175556100020,ajoute,,2026-10-08T14:23:33.272218+00:00
75,85199698300017,ajoute,,2026-10-08T14:23:33.960629+00:00
75,85321595200021,ajoute,,2026-10-08T14:23:34.503159+00:00
75,87761738100018,ajoute,,2026-10-08T14:23:35.597189+00:00
75,87915837600019,non_ajoute,ferme_ou_autre_departement,2026-10-08T14:23:39.898971+00:00
75,88198124500023,non_ajoute,ferme_ou_autre_departement,2026-10-08T14:23:41.947279+00:00
75,88362887703410,ajoute,,2026-10-08T14:23:42.356122+00:00
75,88522063200016,non_ajoute,ferme_ou_autre_departement,2026-10-08T14:23:43.789421+00:00
75,89125864200026,non_ajoute,ferme_ou_autre_departement,2026-10-08T14:23:46.043887+00:00
75,89165178800012,non_ajoute,ferme_ou_autre_departement,2026-10-08T14:23:46.250462+00:00
75,89390211400030,non_ajoute,ferme_ou_autre_departement,2026-10-08T14:23:47.479887+00:00
75,89452882700013,non_ajoute,ferme_ou_autre_departement,2026-10-08T14:23:48.085962+00:00
75,89956175700019,non_ajoute,ferme_ou_autre_departement,2026-10-08T14:23:50.579592+00:00
75,90059807900029,non_ajoute,ferme_ou_autre_departement,2026-10-08T14:23:51.576142+00:00
75,90271669500025,non_ajoute,ferme_ou_autre_departement,2026-10-08T14:23:52.599422+00:00
75,90271669500397,ajoute,,2026-10-08T14:23:52.802588+00:00
75,90271669500561,ajoute,,2026-10-08T14:23:53.008688+00:00
75,90271669500777,ajoute,,2026-10-08T14:23:53.212021+00:00
75,90932647200026,non_ajoute,ferme_ou_autre_departement,2026-10-08T14:23:55.445043+00:00
75,91891097700027,non_ajoute,ferme_ou_autre_departement,2026-10-08T14:23:59.151410+00:00
75,92118051900016,non_ajoute,ferme_ou_autre_departement,2026-10-08T14:24:00.593821+00:00
75,92120268500019,non_ajoute,ferme_ou_autre_departement,2026-10-08T14:24:00.800530+00:00
75,92233289500015,non_ajoute,ferme_ou_autre_departement,2026-10-08T14:24:01.433138+00:00
75,92531116900013,non_ajoute,ferme_ou_autre_departement,2026-10-08T14:24:01.836513+00:00
75,94848228600028,non_ajoute,ferme_ou_autre_departement,2026-10-08T14:24:06.012149+00:00
75,94974540000018,non_ajoute,ferme_ou_autre_departement,2026-10-08T14:24:06.424408+00:00
75,95450974103411,ajoute,,2026-10-08T14:24:09.288561+00:00
75,95450974103429,ajoute,,2026-10-08T14:24:09.493662+00:00
75,95450974103437,ajoute,,2026-10-08T14:24:09.699727+00:00
75,95450974103452,ajoute,,2026-10-08T14:24:09.903291+00:00
75,95450974103460,ajoute,,2026-10-08T14:24:10.209790+00:00
75,95450974103478,ajoute,,2026-10-08T14:24:10.311424+00:00
75,95450974103486,ajoute,,2026-10-08T14:24:10.517221+00:00
75,95450974103494,ajoute,,2026-10-08T14:24:10.723135+00:00
75,95450974103502,ajoute,,2026-10-08T14:24:10.930371+00:00
75,95450974103510,ajoute,,2026-10-08T14:24:11.126615+00:00
75,97120405200619,ajoute,,2026-10-08T14:24:34.475126+00:00
75,98071810000012,non_ajoute,ferme_ou_autre_departement,2026-10-08T14:24:38.681687+00:00
75,98320497500012,non_ajoute,unite_non_active,2026-10-08T14:24:39.294799+00:00
75,98459094300010,non_ajoute,ferme_ou_autre_departement,2026-10-08T14:24:40.524789+00:00
75,98506676000028,non_ajoute,ferme_ou_autre_departement,2026-10-08T14:24:40.931378+00:00
78,06880305501065,ajoute,,2026-10-08T14:24:43.185860+00:00
78,06880305501073,ajoute,,2026-10-08T14:24:43.390700+00:00
78,13001779100596,ajoute,,2026-10-08T14:24:50.982629+00:00
78,30431845400929,ajoute,,2026-10-08T14:25:16.567845+00:00
78,30449785204309,ajoute,,2026-10-08T14:25:17.591550+00:00
78,30449785204473,ajoute,,2026-10-08T14:25:17.796698+00:00
78,30536216203569,ajoute,,2026-10-08T14:25:21.277672+00:00
78,30889577001548,ajoute,,2026-10-08T14:25:23.122107+00:00
78,31587164000480,ajoute,,2026-10-08T14:25:29.060509+00:00
78,31709735000175,ajoute,,2026-10-08T14:25:29.470760+00:00
78,31709735000217,ajoute,,2026-10-08T14:25:29.669643+00:00
78,31709735000605,ajoute,,2026-10-08T14:25:29.883101+00:00
78,31709735000811,ajoute,,2026-10-08T14:25:30.085768+00:00
78,31778006200848,ajoute,,2026-10-08T14:25:30.289359+00:00
78,31890644300268,ajoute,,2026-10-08T14:25:33.772782+00:00
78,32305708301069,ajoute,,2026-10-08T14:25:38.642266+00:00
78,32735998000460,ajoute,,2026-10-08T14:25:40.904509+00:00
78,32933888302092,ajoute,,2026-10-08T14:25:43.192633+00:00
78,32933888302241,ajoute,,2026-10-08T14:25:43.397058+00:00
78,32933888302258,ajoute,,2026-10-08T14:25:43.602509+00:00
78,33234901800025,non_ajoute,ferme_ou_autre_departement,2026-10-08T14:25:47.697210+00:00
78,33415947203213,ajoute,,2026-10-08T14:25:48.314348+00:00
78,33960966102069,ajoute,,2026-10-08T14:26:22.005352+00:00
78,34106769201745,ajoute,,2026-10-08T14:26:22.602692+00:00
78,34106769202024,ajoute,,2026-10-08T14:26:22.784606+00:00
78,34200649102080,ajoute,,2026-10-08T14:26:26.952710+00:00
78,34200649102106,ajoute,,2026-10-08T14:26:27.162233+00:00
78,34350659800014,non_ajoute,ferme_ou_autre_departement,2026-10-08T14:26:36.167452+00:00
78,34386265201551,ajoute,,2026-10-08T14:26:36.442151+00:00
78,34408028800121,ajoute,,2026-10-08T14:26:36.646804+00:00
78,34408028800162,ajoute,,2026-10-08T14:26:36.855097+00:00
78,34408028800717,ajoute,,2026-10-08T14:26:37.055545+00:00
78,34410327000239,ajoute,,2026-10-08T14:26:37.260532+00:00
78,34792671900928,ajoute,,2026-10-08T14:26:40.130003+00:00
78,35144208200381,ajoute,,2026-10-08T14:26:44.021428+00:00
78,35183740600542,ajoute,,2026-10-08T14:26:46.479932+00:00
78,37804750002000,ajoute,,2026-10-08T14:27:10.848827+00:00
78,37924316502234,ajoute,,2026-10-08T14:27:13.020849+00:00
78,37958790001875,ajoute,,2026-10-08T14:27:14.270482+00:00
78,37958790001883,ajoute,,2026-10-08T14:27:14.478376+00:00
78,38012986612035,ajoute,,2026-10-08T14:27:17.608265+00:00
78,38012986612050,ajoute,,2026-10-08T14:27:17.813119+00:00
78,38012986612076,ajoute,,2026-10-08T14:27:18.223416+00:00
78,38062233200068,ajoute,,2026-10-08T14:27:24.980960+00:00
78,38240186700686,ajoute,,2026-10-08T14:27:29.199858+00:00
78,38245605100673,ajoute,,2026-10-08T14:27:29.600196+00:00
78,38245605100699,ajoute,,2026-10-08T14:27:29.590211+00:00
78,38254431001063,ajoute,,2026-10-08T14:27:29.726685+00:00
78,38319665602207,ajoute,,2026-10-08T14:27:33.270544+00:00
78,38332444906179,ajoute,,2026-10-08T14:27:34.719528+00:00
78,38332444906765,ajoute,,2026-10-08T14:27:34.914485+00:00
78,38370639701625,ajoute,,2026-10-08T14:27:36.143743+00:00
78,38370639701633,ajoute,,2026-10-08T14:27:36.348735+00:00
78,38943521502341,ajoute,,2026-10-08T14:27:39.010553+00:00
78,38943521502549,ajoute,,2026-10-08T14:27:39.216970+00:00
78,38943521502556,ajoute,,2026-10-08T14:27:39.460855+00:00
78,38943521502572,ajoute,,2026-10-08T14:27:39.625898+00:00
78,39252740404332,ajoute,,2026-10-08T14:27:44.643842+00:00
78,39371228602041,ajoute,,2026-10-08T14:27:45.769294+00:00
78,39371228602652,ajoute,,2026-10-08T14:27:45.984837+00:00
78,39811044501711,ajoute,,2026-10-08T14:27:47.818206+00:00
78,40046195001214,ajoute,,2026-10-08T14:27:54.380189+00:00
78,40046195001263,ajoute,,2026-10-08T14:27:54.569217+00:00
78,40046195001891,ajoute,,2026-10-08T14:27:54.776555+00:00
78,40046195001982,ajoute,,2026-10-08T14:27:54.983083+00:00
78,40668031400662,ajoute,,2026-10-08T14:28:00.509504+00:00
78,41015167400471,ajoute,,2026-10-08T14:28:02.352433+00:00
78,41015167400729,ajoute,,2026-10-08T14:28:02.454112+00:00
78,41035886502589,ajoute,,2026-10-08T14:28:05.733045+00:00
78,41035886502621,ajoute,,2026-10-08T14:28:05.937487+00:00
78,41035886502647,ajoute,,2026-10-08T14:28:06.140598+00:00
78,41040901500303,ajoute,,2026-10-08T14:28:07.577900+00:00
78,41040901500311,ajoute,,2026-10-08T14:28:07.888784+00:00
78,41040901500329,ajoute,,2026-10-08T14:28:07.990931+00:00
78,41040901500337,ajoute,,2026-10-08T14:28:08.194778+00:00
78,41040901500352,ajoute,,2026-10-08T14:28:08.395392+00:00
78,41040901500378,ajoute,,2026-10-08T14:28:08.607644+00:00
78,41040901500386,ajoute,,2026-10-08T14:28:08.803647+00:00
78,41485421602537,ajoute,,2026-10-08T14:28:15.368000+00:00
78,41485421602552,ajoute,,2026-10-08T14:28:15.563156+00:00
78,41485421602735,ajoute,,2026-10-08T14:28:15.773820+00:00
78,41809639200372,ajoute,,2026-10-08T14:28:17.924757+00:00
78,41809639200380,ajoute,,2026-10-08T14:28:18.133809+00:00
78,41809639200638,ajoute,,2026-10-08T14:28:18.376000+00:00
78,42136397902935,ajoute,,2026-10-08T14:28:21.438349+00:00
78,42136397902984,ajoute,,2026-10-08T14:28:21.611388+00:00
78,42136397903008,ajoute,,2026-10-08T14:28:21.809296+00:00
78,42203690500186,ajoute,,2026-10-08T14:28:22.225595+00:00
78,42203690500434,ajoute,,2026-10-08T14:28:22.445699+00:00
78,42203690500749,ajoute,,2026-10-08T14:28:22.635490+00:00
78,42203690500830,ajoute,,2026-10-08T14:28:22.942911+00:00
78,42303259800827,ajoute,,2026-10-08T14:28:23.251163+00:00
78,42504788300128,non_ajoute,ferme_ou_autre_departement,2026-10-08T14:28:25.291157+00:00
78,42826802324085,ajoute,,2026-10-08T14:28:28.977291+00:00
78,42826802324267,ajoute,,2026-10-08T14:28:29.291986+00:00
78,42826802324465,ajoute,,2026-10-08T14:28:29.387279+00:00
78,42826802324507,ajoute,,2026-10-08T14:28:29.592053+00:00
78,42826802324515,ajoute,,2026-10-08T14:28:29.797412+00:00
78,42995529700370,ajoute,,2026-10-08T14:28:32.869464+00:00
78,42995529700404,ajoute,,2026-10-08T14:28:33.077430+00:00
78,42995529700479,ajoute,,2026-10-08T14:28:33.384611+00:00
78,42995529700487,ajoute,,2026-10-08T14:28:33.484503+00:00
78,42995529700495,ajoute,,2026-10-08T14:28:33.687361+00:00
78,43198246100466,ajoute,,2026-10-08T14:28:35.327522+00:00
78,43400419801064,ajoute,,2026-10-08T14:28:45.055047+00:00
78,43400419801361,ajoute,,2026-10-08T14:28:45.260468+00:00
78,43816662100021,non_ajoute,naf_unite_hors_liste,2026-10-08T14:28:47.890208+00:00
78,43997564001556,ajoute,,2026-10-08T14:28:48.477222+00:00
78,44028375201513,ajoute,,2026-10-08T14:28:48.778424+00:00
78,44028375201521,ajoute,,2026-10-08T14:28:48.871063+00:00
78,44028375201539,ajoute,,2026-10-08T14:28:49.089779+00:00
78,44028375201547,ajoute,,2026-10-08T14:28:49.356115+00:00
78,44094857800453,ajoute,,2026-10-08T14:28:51.970419+00:00
78,44094857800529,ajoute,,2026-10-08T14:28:52.193111+00:00
78,44391877602707,ajoute,,2026-10-08T14:28:54.222778+00:00
78,44442083001109,ajoute,,2026-10-08T14:28:54.690186+00:00
78,44533010300109,ajoute,,2026-10-08T14:28:59.500838+00:00
78,44533010300489,ajoute,,2026-10-08T14:28:59.712941+00:00
78,44533010300786,ajoute,,2026-10-08T14:28:59.810838+00:00
78,44533010300893,ajoute,,2026-10-08T14:29:00.135148+00:00
78,44886840601249,ajoute,,2026-10-08T14:29:06.184065+00:00
78,44886840601645,ajoute,,2026-10-08T14:29:06.383122+00:00
78,44886840601843,ajoute,,2026-10-08T14:29:06.667294+00:00
78,44886840601876,ajoute,,2026-10-08T14:29:06.872875+00:00
78,44953139100158,ajoute,,2026-10-08T14:29:08.436693+00:00
78,45077696801526,ajoute,,2026-10-08T14:29:08.922401+00:00
78,45132133501195,ajoute,,2026-10-08T14:29:10.561004+00:00
78,45132133501203,ajoute,,2026-10-08T14:29:10.867986+00:00
78,45132133501229,ajoute,,2026-10-08T14:29:10.968559+00:00
78,45132133501245,ajoute,,2026-10-08T14:29:11.174750+00:00
78,45132133501252,ajoute,,2026-10-08T14:29:11.379639+00:00
78,45132133501328,ajoute,,2026-10-08T14:29:11.583465+00:00
78,45132990800219,ajoute,,2026-10-08T14:29:11.791418+00:00
78,45132990800227,ajoute,,2026-10-08T14:29:11.993132+00:00
78,45148901700900,ajoute,,2026-10-08T14:29:12.710096+00:00
78,45148901700926,ajoute,,2026-10-08T14:29:12.812179+00:00
78,47718101001032,ajoute,,2026-10-08T14:29:17.319081+00:00
78,47835575301365,ajoute,,2026-10-08T14:29:21.823450+00:00
78,47835575301373,ajoute,,2026-10-08T14:29:21.925798+00:00
78,47835575301381,ajoute,,2026-10-08T14:29:22.134857+00:00
78,47835575301399,ajoute,,2026-10-08T14:29:22.336642+00:00
78,47835575301779,ajoute,,2026-10-08T14:29:22.541497+00:00
78,47835611600200,ajoute,,2026-10-08T14:29:23.668897+00:00
78,47918275000501,ajoute,,2026-10-08T14:29:24.179416+00:00
78,48077404100044,non_ajoute,ferme_ou_autre_departement,2026-10-08T14:29:28.585213+00:00
78,48185411500849,ajoute,,2026-10-08T14:29:29.095146+00:00
78,48753009901057,ajoute,,2026-10-08T14:29:31.552975+00:00
78,48753009901271,ajoute,,2026-10-08T14:29:31.758097+00:00
78,49278795702591,ajoute,,2026-10-08T14:29:34.624103+00:00
78,49278795702609,ajoute,,2026-10-08T14:29:34.834597+00:00
78,49398343100146,ajoute,,2026-10-08T14:29:36.875828+00:00
78,50056940501266,ajoute,,2026-10-08T14:29:40.051707+00:00
78,50056940501712,ajoute,,2026-10-08T14:29:40.461315+00:00
78,50056940501746,ajoute,,2026-10-08T14:29:40.462663+00:00
78,50056940501852,ajoute,,2026-10-08T14:29:40.665071+00:00
78,50369866404781,ajoute,,2026-10-08T14:29:43.625803+00:00
78,51509956200834,ajoute,,2026-10-08T14:29:47.156330+00:00
78,52118949800012,non_ajoute,ferme_ou_autre_departement,2026-10-08T14:29:48.386637+00:00
78,52388562200226,ajoute,,2026-10-08T14:29:49.270570+00:00
78,52388562200416,ajoute,,2026-10-08T14:29:49.477164+00:00
78,52388562200531,ajoute,,2026-10-08T14:29:49.671337+00:00
78,52503152201273,ajoute,,2026-10-08T14:29:50.230144+00:00
78,52857022900682,ajoute,,2026-10-08T14:29:51.015956+00:00
78,52857022900740,ajoute,,2026-10-08T14:29:51.218447+00:00
78,52857022900880,ajoute,,2026-10-08T14:29:51.421588+00:00
78,52881537602302,ajoute,,2026-10-08T14:29:53.774205+00:00
78,52881537602310,ajoute,,2026-10-08T14:29:54.081140+00:00
78,52881537602351,ajoute,,2026-10-08T14:29:54.185962+00:00
78,53116270900137,ajoute,,2026-10-08T14:29:54.388161+00:00
78,53116270900301,ajoute,,2026-10-08T14:29:54.527897+00:00
78,53116270900335,ajoute,,2026-10-08T14:29:54.809487+00:00
78,54207358003305,ajoute,,2026-10-08T14:30:05.962306+00:00
78,54207358003321,ajoute,,2026-10-08T14:30:06.160014+00:00
78,54207358003347,ajoute,,2026-10-08T14:30:06.364158+00:00
78,54980037302039,ajoute,,2026-10-08T14:30:18.453718+00:00
78,54980037302252,ajoute,,2026-10-08T14:30:18.661611+00:00
78,54980037302260,ajoute,,2026-10-08T14:30:18.862765+00:00
78,54980037302278,ajoute,,2026-10-08T14:30:19.066858+00:00
78,55204648401042,ajoute,,2026-10-08T14:30:20.495183+00:00
78,55208329703014,ajoute,,2026-10-08T14:30:30.977826+00:00
78,56207750300943,ajoute,,2026-10-08T14:30:47.845745+00:00
78,57202552608782,ajoute,,2026-10-08T14:30:48.458044+00:00
78,57202552608790,ajoute,,2026-10-08T14:30:48.772708+00:00
78,57202552608816,ajoute,,2026-10-08T14:30:49.175862+00:00
78,57202552608824,ajoute,,2026-10-08T14:30:49.379369+00:00
78,57202552608832,ajoute,,2026-10-08T14:30:49.689154+00:00
78,57202552608857,ajoute,,2026-10-08T14:30:49.919378+00:00
78,57202552608873,ajoute,,2026-10-08T14:30:50.434468+00:00
78,57202552608931,ajoute,,2026-10-08T14:30:51.631763+00:00
78,57218568400543,ajoute,,2026-10-08T14:31:06.166441+00:00
78,59980070300010,non_ajoute,unite_non_active,2026-10-08T14:31:12.510248+00:00
78,59980070300028,non_ajoute,unite_non_active,2026-10-08T14:31:12.708937+00:00
78,59980070300036,non_ajoute,unite_non_active,2026-10-08T14:31:12.920995+00:00
78,63201751303569,ajoute,,2026-10-08T14:31:16.504858+00:00
78,66202519603081,ajoute,,2026-10-08T14:31:30.031765+00:00
78,66204244916556,ajoute,,2026-10-08T14:31:57.573443+00:00
78,66204244916911,ajoute,,2026-10-08T14:31:57.784258+00:00
78,66204244917448,ajoute,,2026-10-08T14:31:57.994276+00:00
78,66205127502108,ajoute,,2026-10-08T14:32:10.174726+00:00
78,73980623000051,ajoute,,2026-10-08T14:32:19.391246+00:00
78,73980623000275,ajoute,,2026-10-08T14:32:19.596977+00:00
78,73980623000804,ajoute,,2026-10-08T14:32:19.824822+00:00
78,73980623000937,ajoute,,2026-10-08T14:32:20.006201+00:00
78,75074199300174,ajoute,,2026-10-08T14:32:20.210415+00:00
78,77566343801187,ajoute,,2026-10-08T14:32:21.886238+00:00
78,77566343801195,ajoute,,2026-10-08T14:32:22.054558+00:00
78,77566343801203,ajoute,,2026-10-08T14:32:22.258116+00:00
78,77566343801211,ajoute,,2026-10-08T14:32:22.496386+00:00
78,77566561501436,ajoute,,2026-10-08T14:32:27.481407+00:00
78,77566561501550,ajoute,,2026-10-08T14:32:27.687876+00:00
78,77566561501758,ajoute,,2026-10-08T14:32:27.891751+00:00
78,77566561501865,ajoute,,2026-10-08T14:32:28.098375+00:00
78,77566561502392,ajoute,,2026-10-08T14:32:28.338332+00:00
78,77566736301233,ajoute,,2026-10-08T14:32:30.348128+00:00
78,77567223101821,ajoute,,2026-10-08T14:32:30.962002+00:00
78,77567227229776,ajoute,,2026-10-08T14:32:35.877917+00:00
78,77567227230352,ajoute,,2026-10-08T14:32:35.980538+00:00
78,77567618202465,ajoute,,2026-10-08T14:32:43.966978+00:00
78,77567618202903,ajoute,,2026-10-08T14:32:44.102268+00:00
78,77567618202911,ajoute,,2026-10-08T14:32:44.376150+00:00
78,77567618202929,ajoute,,2026-10-08T14:32:44.533569+00:00
78,77567618202952,ajoute,,2026-10-08T14:32:44.680515+00:00
78,77567618202960,ajoute,,2026-10-08T14:32:44.896308+00:00
78,77567618202978,ajoute,,2026-10-08T14:32:45.094885+00:00
78,77567618202986,ajoute,,2026-10-08T14:32:45.368397+00:00
78,77567618202994,ajoute,,2026-10-08T14:32:45.649785+00:00
78,77567618203000,ajoute,,2026-10-08T14:32:45.727514+00:00
78,77567858400472,ajoute,,2026-10-08T14:32:49.592931+00:00
78,77568873202810,ajoute,,2026-10-08T14:32:53.080557+00:00
78,77568873203065,ajoute,,2026-10-08T14:32:53.306077+00:00
78,77569474808534,ajoute,,2026-10-08T14:32:54.310832+00:00
78,77570874601099,ajoute,,2026-10-08T14:32:57.191240+00:00
78,77570874601107,ajoute,,2026-10-08T14:32:57.196023+00:00
78,77570874601115,ajoute,,2026-10-08T14:32:57.648884+00:00
78,77570874601123,ajoute,,2026-10-08T14:32:57.626427+00:00
78,77570874601131,ajoute,,2026-10-08T14:32:57.842889+00:00
78,77570874601149,ajoute,,2026-10-08T14:32:58.082405+00:00
78,78145251103537,ajoute,,2026-10-08T14:32:59.534812+00:00
78,78493968802573,ajoute,,2026-10-08T14:33:04.545533+00:00
78,78493968802920,ajoute,,2026-10-08T14:33:04.757095+00:00
78,78493968803019,ajoute,,2026-10-08T14:33:04.961393+00:00
78,78979146401031,ajoute,,2026-10-08T14:33:11.310999+00:00
78,79823301100096,ajoute,,2026-10-08T14:33:13.153311+00:00
78,79823301100989,ajoute,,2026-10-08T14:33:13.357860+00:00
78,80089508801640,ajoute,,2026-10-08T14:33:16.226544+00:00
78,80089508801673,ajoute,,2026-10-08T14:33:16.431329+00:00
78,80089508801749,ajoute,,2026-10-08T14:33:16.737750+00:00
78,80454467402089,ajoute,,2026-10-08T14:33:18.478968+00:00
78,81439245200094,ajoute,,2026-10-08T14:33:21.552724+00:00
78,81859354300049,non_ajoute,ferme_ou_autre_departement,2026-10-08T14:33:23.188884+00:00
78,82355421700054,non_ajoute,naf_unite_hors_liste,2026-10-08T14:33:25.033055+00:00
78,83017777000021,non_ajoute,unite_non_active,2026-10-08T14:33:27.101552+00:00
78,83407896600019,non_ajoute,ferme_ou_autre_departement,2026-10-08T14:33:29.782826+00:00
78,83489593001063,ajoute,,2026-10-08T14:33:31.073679+00:00
78,83489593001089,ajoute,,2026-10-08T14:33:31.278591+00:00
78,83489593001097,ajoute,,2026-10-08T14:33:31.478265+00:00
78,83489593001105,ajoute,,2026-10-08T14:33:31.681713+00:00
78,83489593001477,ajoute,,2026-10-08T14:33:31.893358+00:00
78,83489593001493,ajoute,,2026-10-08T14:33:32.095451+00:00
78,83489593001832,ajoute,,2026-10-08T14:33:32.406029+00:00
78,83489593001840,ajoute,,2026-10-08T14:33:32.508781+00:00
78,83489593001881,ajoute,,2026-10-08T14:33:32.693689+00:00
78,83489593001923,ajoute,,2026-10-08T14:33:32.843226+00:00
78,83972656900016,non_ajoute,ferme_ou_autre_departement,2026-10-08T14:33:35.376322+00:00
78,88362887701596,ajoute,,2026-10-08T14:34:02.664455+00:00
78,88362887701612,ajoute,,2026-10-08T14:34:02.867946+00:00
78,88362887701620,ajoute,,2026-10-08T14:34:03.389663+00:00
78,88362887701729,ajoute,,2026-10-08T14:34:03.320445+00:00
78,88362887701869,ajoute,,2026-10-08T14:34:03.481134+00:00
78,89243955500012,non_ajoute,ferme_ou_autre_departement,2026-10-08T14:34:07.020561+00:00
78,90271669500140,ajoute,,2026-10-08T14:34:09.660066+00:00
78,90271669500843,ajoute,,2026-10-08T14:34:09.955344+00:00
78,90330949000188,ajoute,,2026-10-08T14:34:13.807004+00:00
78,90330949000774,ajoute,,2026-10-08T14:34:13.979946+00:00
78,92208557600028,non_ajoute,ferme_ou_autre_departement,2026-10-08T14:34:20.024558+00:00
78,92911468400038,non_ajoute,ferme_ou_autre_departement,2026-10-08T14:34:20.635731+00:00
78,93838689300730,ajoute,,2026-10-08T14:34:21.703482+00:00
78,93838689300953,ajoute,,2026-10-08T14:34:22.073284+00:00
78,97120405201120,ajoute,,2026-10-08T14:34:33.969051+00:00
78,97120405201179,ajoute,,2026-10-08T14:34:34.200271+00:00
78,98012641100019,non_ajoute,ferme_ou_autre_departement,2026-10-08T14:34:36.739415+00:00
78,98210535500019,non_ajoute,ferme_ou_autre_departement,2026-10-08T14:34:36.922855+00:00
91,13000845100010,ajoute,,2026-10-08T14:34:44.191083+00:00
91,13000845100028,ajoute,,2026-10-08T14:34:44.396631+00:00
91,13000845100036,ajoute,,2026-10-08T14:34:44.702645+00:00
91,13000845100044,ajoute,,2026-10-08T14:34:44.906506+00:00
91,13000845100051,ajoute,,2026-10-08T14:34:45.007916+00:00
91,13000845100085,ajoute,,2026-10-08T14:34:45.317492+00:00
91,13000845100093,ajoute,,2026-10-08T14:34:45.427091+00:00
91,13000845100101,ajoute,,2026-10-08T14:34:45.564334+00:00
91,13000845100127,ajoute,,2026-10-08T14:34:45.830182+00:00
91,13000845100184,ajoute,,2026-10-08T14:34:46.135420+00:00
91,13000845100226,ajoute,,2026-10-08T14:34:46.245276+00:00
91,13000845100275,ajoute,,2026-10-08T14:34:46.446374+00:00
91,13000845100382,ajoute,,2026-10-08T14:34:46.647479+00:00
91,13000845100457,ajoute,,2026-10-08T14:34:46.853238+00:00
91,13000845100481,ajoute,,2026-10-08T14:34:47.080486+00:00
91,13000845100523,ajoute,,2026-10-08T14:34:47.261529+00:00
91,13000845100531,ajoute,,2026-10-08T14:34:47.500867+00:00
91,13000845100549,ajoute,,2026-10-08T14:34:47.704811+00:00
91,13000845100622,ajoute,,2026-10-08T14:34:47.876446+00:00
91,13000845100630,ajoute,,2026-10-08T14:34:48.074720+00:00
91,13000845100648,ajoute,,2026-10-08T14:34:48.388778+00:00
91,13000845100655,ajoute,,2026-10-08T14:34:48.490400+00:00
91,13000845100713,ajoute,,2026-10-08T14:34:48.631595+00:00
91,13000845100721,ajoute,,2026-10-08T14:34:48.836533+00:00
91,13000845100747,ajoute,,2026-10-08T14:34:49.050035+00:00
91,13000845100762,ajoute,,2026-10-08T14:34:49.256337+00:00
91,13000845100770,ajoute,,2026-10-08T14:34:49.455664+00:00
91,13000845100788,ajoute,,2026-10-08T14:34:49.734130+00:00
91,13000845100796,ajoute,,2026-10-08T14:34:50.006494+00:00
91,13000845100820,ajoute,,2026-10-08T14:34:50.073865+00:00
91,13000845100838,ajoute,,2026-10-08T14:34:50.290869+00:00
91,13000845100846,ajoute,,2026-10-08T14:34:50.539878+00:00
91,13000845100853,ajoute,,2026-10-08T14:34:50.747229+00:00
91,13000845100887,ajoute,,2026-10-08T14:34:50.948219+00:00
91,13000845100903,ajoute,,2026-10-08T14:34:51.280240+00:00
91,13000845100929,ajoute,,2026-10-08T14:34:51.357968+00:00
91,13000845100937,ajoute,,2026-10-08T14:34:51.563018+00:00
91,13000845100945,ajoute,,2026-10-08T14:34:51.785294+00:00
91,13000845100952,ajoute,,2026-10-08T14:34:51.973636+00:00
91,13000845100960,ajoute,,2026-10-08T14:34:52.176228+00:00
91,13000845100978,ajoute,,2026-10-08T14:34:52.587380+00:00
91,13000845100986,ajoute,,2026-10-08T14:34:52.689206+00:00
91,13000845100994,ajoute,,2026-10-08T14:34:52.791207+00:00
91,13000845101000,ajoute,,2026-10-08T14:34:53.223760+00:00
91,13002591900411,ajoute,,2026-10-08T14:34:53.854123+00:00
91,30247464802082,ajoute,,2026-10-08T14:35:17.852698+00:00
91,30438137900656,ajoute,,2026-10-08T14:35:19.679253+00:00
91,30536216203866,ajoute,,2026-10-08T14:35:22.746888+00:00
91,30889577001712,ajoute,,2026-10-08T14:35:24.276610+00:00
91,31778006200905,ajoute,,2026-10-08T14:35:28.732366+00:00
91,31808311009368,ajoute,,2026-10-08T14:35:28.934623+00:00
91,31890644300987,ajoute,,2026-10-08T14:35:29.901989+00:00
91,32095539602799,ajoute,,2026-10-08T14:35:31.999866+00:00
91,32933888302662,ajoute,,2026-10-08T14:35:37.643360+00:00
91,32933888302670,ajoute,,2026-10-08T14:35:37.663065+00:00
91,33026769100682,ajoute,,2026-10-08T14:35:41.330719+00:00
91,33358346601654,ajoute,,2026-10-08T14:35:44.041312+00:00
91,33415947207644,ajoute,,2026-10-08T14:35:45.223707+00:00
91,33825323004607,ajoute,,2026-10-08T14:35:54.335912+00:00
91,33825323004623,ajoute,,2026-10-08T14:35:54.540551+00:00
91,33888018001429,ajoute,,2026-10-08T14:36:01.914557+00:00
91,33888018001643,ajoute,,2026-10-08T14:36:02.145352+00:00
91,33888018001684,ajoute,,2026-10-08T14:36:02.426843+00:00
91,33888018001981,ajoute,,2026-10-08T14:36:02.515584+00:00
91,34200649101991,ajoute,,2026-10-08T14:36:06.010296+00:00
91,34408028800709,ajoute,,2026-10-08T14:36:17.512499+00:00
91,34410327000544,ajoute,,2026-10-08T14:36:17.787929+00:00
91,34500602700923,ajoute,,2026-10-08T14:36:18.811448+00:00
91,34758998800034,non_ajoute,ferme_ou_autre_departement,2026-10-08T14:36:19.426434+00:00
91,35144208200209,ajoute,,2026-10-08T14:36:23.105318+00:00
91,35144208200415,ajoute,,2026-10-08T14:36:23.316367+00:00
91,35221687301961,ajoute,,2026-10-08T14:36:24.545856+00:00
91,37804750001168,ajoute,,2026-10-08T14:36:47.900143+00:00
91,37804750001234,ajoute,,2026-10-08T14:36:48.282267+00:00
91,37804750001374,ajoute,,2026-10-08T14:36:48.302893+00:00
91,37804750001994,ajoute,,2026-10-08T14:36:48.535077+00:00
91,37848609600209,non_ajoute,ferme_ou_autre_departement,2026-10-08T14:36:49.199221+00:00
91,37924316502093,ajoute,,2026-10-08T14:36:51.683007+00:00
91,37958790001131,ajoute,,2026-10-08T14:36:52.707829+00:00
91,37958790001453,ajoute,,2026-10-08T14:36:52.913146+00:00
91,38012986612209,ajoute,,2026-10-08T14:36:54.678349+00:00
91,38012986612399,ajoute,,2026-10-08T14:36:54.896562+00:00
91,38012986612415,ajoute,,2026-10-08T14:36:55.083156+00:00
91,38012986612431,ajoute,,2026-10-08T14:36:55.340361+00:00
91,38012986612472,ajoute,,2026-10-08T14:36:55.498384+00:00
91,38012986612480,ajoute,,2026-10-08T14:36:55.704083+00:00
91,38012986612514,ajoute,,2026-10-08T14:36:56.003667+00:00
91,38012986612522,ajoute,,2026-10-08T14:36:56.117618+00:00
91,38012986612530,ajoute,,2026-10-08T14:36:56.313704+00:00
91,38012986612993,ajoute,,2026-10-08T14:36:56.518997+00:00
91,38012986613009,ajoute,,2026-10-08T14:36:56.801468+00:00
91,38012986613025,ajoute,,2026-10-08T14:36:57.212047+00:00
91,38062233200126,ajoute,,2026-10-08T14:37:01.103897+00:00
91,38240186700231,ajoute,,2026-10-08T14:37:04.178187+00:00
91,38240186700397,ajoute,,2026-10-08T14:37:04.378827+00:00
91,38290094200097,ajoute,,2026-10-08T14:37:04.584469+00:00
91,38290094200113,ajoute,,2026-10-08T14:37:04.890227+00:00
91,38290094200121,ajoute,,2026-10-08T14:37:04.995503+00:00
91,38290094200139,ajoute,,2026-10-08T14:37:05.202069+00:00
91,38290094200147,ajoute,,2026-10-08T14:37:05.405853+00:00
91,38290094200196,ajoute,,2026-10-08T14:37:05.607796+00:00
91,38290094200238,ajoute,,2026-10-08T14:37:05.815093+00:00
91,38290094200246,ajoute,,2026-10-08T14:37:06.018785+00:00
91,38290094200253,ajoute,,2026-10-08T14:37:06.227725+00:00
91,38290094200287,ajoute,,2026-10-08T14:37:06.427913+00:00
91,38290094200295,ajoute,,2026-10-08T14:37:06.634016+00:00
91,38290094200303,ajoute,,2026-10-08T14:37:06.839940+00:00
91,38290094200311,ajoute,,2026-10-08T14:37:07.037317+00:00
91,38290094200352,ajoute,,2026-10-08T14:37:07.267772+00:00
91,38290094200360,ajoute,,2026-10-08T14:37:07.474975+00:00
91,38290094200378,ajoute,,2026-10-08T14:37:07.658712+00:00
91,38290094200386,ajoute,,2026-10-08T14:37:07.862380+00:00
91,38290094200394,ajoute,,2026-10-08T14:37:08.066991+00:00
91,38290094200402,ajoute,,2026-10-08T14:37:08.273538+00:00
91,38290094200451,ajoute,,2026-10-08T14:37:08.479089+00:00
91,38290094200469,ajoute,,2026-10-08T14:37:08.717240+00:00
91,38290094200477,ajoute,,2026-10-08T14:37:08.887661+00:00
91,38290094200501,ajoute,,2026-10-08T14:37:09.092300+00:00
91,38290094200519,ajoute,,2026-10-08T14:37:09.296510+00:00
91,38290094200535,ajoute,,2026-10-08T14:37:09.502355+00:00
91,38943521501137,ajoute,,2026-10-08T14:37:21.273403+00:00
91,38943521501749,ajoute,,2026-10-08T14:37:21.481897+00:00
91,39252740400710,ajoute,,2026-10-08T14:37:25.203704+00:00
91,39748093000940,ajoute,,2026-10-08T14:37:27.012279+00:00
91,39811044501398,ajoute,,2026-10-08T14:37:29.265765+00:00
91,39897290107006,ajoute,,2026-10-08T14:37:32.133377+00:00
91,39897931000727,ajoute,,2026-10-08T14:37:32.336886+00:00
91,40046195001800,ajoute,,2026-10-08T14:37:33.315683+00:00
91,40046195001859,ajoute,,2026-10-08T14:37:33.542064+00:00
91,40125156601459,ajoute,,2026-10-08T14:37:34.144751+00:00
91,40125156601830,ajoute,,2026-10-08T14:37:34.357160+00:00
91,40326772700788,ajoute,,2026-10-08T14:37:37.047723+00:00
91,41003460703734,ajoute,,2026-10-08T14:37:39.098661+00:00
91,41040901500170,ajoute,,2026-10-08T14:37:40.938963+00:00
91,41040901500212,ajoute,,2026-10-08T14:37:41.143093+00:00
91,41040901500220,ajoute,,2026-10-08T14:37:41.348567+00:00
91,41040901500238,ajoute,,2026-10-08T14:37:41.552908+00:00
91,41481940902425,ajoute,,2026-10-08T14:37:47.130936+00:00
91,41809639200232,ajoute,,2026-10-08T14:37:47.674897+00:00
91,42109808800725,ajoute,,2026-10-08T14:37:50.360449+00:00
91,42110064501593,ajoute,,2026-10-08T14:37:50.580637+00:00
91,42322891502179,ajoute,,2026-10-08T14:37:52.857231+00:00
91,42322891502294,ajoute,,2026-10-08T14:37:53.066933+00:00
91,42826802324226,ajoute,,2026-10-08T14:37:57.223030+00:00
91,43198246100045,ajoute,,2026-10-08T14:38:00.910913+00:00
91,43198246100052,ajoute,,2026-10-08T14:38:01.113577+00:00
91,43198246100060,ajoute,,2026-10-08T14:38:01.317909+00:00
91,43198246100292,ajoute,,2026-10-08T14:38:01.521356+00:00
91,44028375200127,ajoute,,2026-10-08T14:38:09.505642+00:00
91,44028375200382,ajoute,,2026-10-08T14:38:09.729455+00:00
91,44028375200390,ajoute,,2026-10-08T14:38:09.918067+00:00
91,44028375200952,ajoute,,2026-10-08T14:38:10.129919+00:00
91,44028375200960,ajoute,,2026-10-08T14:38:10.300513+00:00
91,44028375200978,ajoute,,2026-10-08T14:38:10.519620+00:00
91,44063621500079,non_ajoute,ferme_ou_autre_departement,2026-10-08T14:38:12.139432+00:00
91,44442083001190,ajoute,,2026-10-08T14:38:13.596825+00:00
91,44460844208516,ajoute,,2026-10-08T14:38:14.232330+00:00
91,44460844208524,ajoute,,2026-10-08T14:38:14.436619+00:00
91,44460844208540,ajoute,,2026-10-08T14:38:14.638918+00:00
91,44460844208557,ajoute,,2026-10-08T14:38:14.854048+00:00
91,44460844208565,ajoute,,2026-10-08T14:38:15.060249+00:00
91,44460844208573,ajoute,,2026-10-08T14:38:15.265326+00:00
91,44460844208581,ajoute,,2026-10-08T14:38:15.459473+00:00
91,44469850000014,ajoute,,2026-10-08T14:38:16.905237+00:00
91,44469850000535,ajoute,,2026-10-08T14:38:17.104075+00:00
91,44469850000543,ajoute,,2026-10-08T14:38:17.311562+00:00
91,44476855000402,ajoute,,2026-10-08T14:38:17.739350+00:00
91,44533010300919,ajoute,,2026-10-08T14:38:18.359717+00:00
91,44886840601132,ajoute,,2026-10-08T14:38:21.504887+00:00
91,45132133501500,ajoute,,2026-10-08T14:38:27.019355+00:00
91,45132133501591,ajoute,,2026-10-08T14:38:27.225541+00:00
91,45132133501609,ajoute,,2026-10-08T14:38:27.429986+00:00
91,45132990800615,ajoute,,2026-10-08T14:38:27.634980+00:00
91,45148901700967,ajoute,,2026-10-08T14:38:27.959938+00:00
91,45164790301452,ajoute,,2026-10-08T14:38:28.662043+00:00
91,45164790301478,ajoute,,2026-10-08T14:38:28.965756+00:00
91,47050094302908,ajoute,,2026-10-08T14:38:32.116780+00:00
91,47718101000620,ajoute,,2026-10-08T14:38:32.945834+00:00
91,47835611600077,ajoute,,2026-10-08T14:38:37.560831+00:00
91,47918275000477,ajoute,,2026-10-08T14:38:39.824179+00:00
91,49278795701130,ajoute,,2026-10-08T14:38:46.003422+00:00
91,49314701100024,ajoute,,2026-10-08T14:38:48.326621+00:00
91,49398343100112,ajoute,,2026-10-08T14:38:48.729257+00:00
91,49398343100302,ajoute,,2026-10-08T14:38:49.043027+00:00
91,50056940500706,ajoute,,2026-10-08T14:38:50.176408+00:00
91,50056940500714,ajoute,,2026-10-08T14:38:50.373056+00:00
91,50369866406372,ajoute,,2026-10-08T14:38:51.842134+00:00
91,50369866406380,ajoute,,2026-10-08T14:38:52.014849+00:00
91,50369866406471,ajoute,,2026-10-08T14:38:52.216191+00:00
91,50369866406539,ajoute,,2026-10-08T14:38:52.421880+00:00
91,50369866406596,ajoute,,2026-10-08T14:38:52.627009+00:00
91,50369866406604,ajoute,,2026-10-08T14:38:52.833596+00:00
91,50369866406638,ajoute,,2026-10-08T14:38:53.038385+00:00
91,50369866406893,ajoute,,2026-10-08T14:38:53.241152+00:00
91,51509956200214,ajoute,,2026-10-08T14:38:57.430629+00:00
91,51509956200826,ajoute,,2026-10-08T14:38:57.536257+00:00
91,52388562202057,ajoute,,2026-10-08T14:39:00.000209+00:00
91,52857022900039,ajoute,,2026-10-08T14:39:00.717281+00:00
91,52857022900047,ajoute,,2026-10-08T14:39:00.921441+00:00
91,52857022900054,ajoute,,2026-10-08T14:39:01.121839+00:00
91,52857022900062,ajoute,,2026-10-08T14:39:01.331656+00:00
91,52857022900773,ajoute,,2026-10-08T14:39:01.536029+00:00
91,52857022900898,ajoute,,2026-10-08T14:39:01.735363+00:00
91,52864889206104,ajoute,,2026-10-08T14:39:02.898303+00:00
91,52971444600018,non_ajoute,ferme_ou_autre_departement,2026-10-08T14:39:04.325964+00:00
91,53116270900376,ajoute,,2026-10-08T14:39:05.017754+00:00
91,53809019200013,non_ajoute,ferme_ou_autre_departement,2026-10-08T14:39:07.066342+00:00
91,54207358003743,ajoute,,2026-10-08T14:39:14.438074+00:00
91,54209533604767,ajoute,,2026-10-08T14:39:17.889508+00:00
91,54209533604890,ajoute,,2026-10-08T14:39:18.102594+00:00
91,54209533604908,ajoute,,2026-10-08T14:39:18.335860+00:00
91,55200231300179,ajoute,,2026-10-08T14:39:22.052542+00:00
91,55200231300195,ajoute,,2026-10-08T14:39:22.317796+00:00
91,55200231300203,ajoute,,2026-10-08T14:39:22.532881+00:00
91,55200231300229,ajoute,,2026-10-08T14:39:22.732582+00:00
91,55200231300419,ajoute,,2026-10-08T14:39:22.937863+00:00
91,55200231300526,ajoute,,2026-10-08T14:39:23.143969+00:00
91,55200231300757,ajoute,,2026-10-08T14:39:23.347556+00:00
91,55200231300864,ajoute,,2026-10-08T14:39:23.546000+00:00
91,55200231300922,ajoute,,2026-10-08T14:39:23.751315+00:00
91,55200231301003,ajoute,,2026-10-08T14:39:23.963037+00:00
91,55200231301037,ajoute,,2026-10-08T14:39:24.177386+00:00
91,55200231301060,ajoute,,2026-10-08T14:39:24.366583+00:00
91,55200231301128,ajoute,,2026-10-08T14:39:24.537589+00:00
91,55200231301169,ajoute,,2026-10-08T14:39:24.698968+00:00
91,55200231301201,ajoute,,2026-10-08T14:39:24.910983+00:00
91,55200231301284,ajoute,,2026-10-08T14:39:25.117376+00:00
91,55200231301300,ajoute,,2026-10-08T14:39:25.319460+00:00
91,55200231301318,ajoute,,2026-10-08T14:39:25.705078+00:00
91,55200231301326,ajoute,,2026-10-08T14:39:25.768630+00:00
91,55200231301342,ajoute,,2026-10-08T14:39:25.942163+00:00
91,55204499202903,ajoute,,2026-10-08T14:39:29.693726+00:00
91,55204695501215,ajoute,,2026-10-08T14:39:29.901764+00:00
91,55208131704218,ajoute,,2026-10-08T14:39:31.536714+00:00
91,55212022223106,ajoute,,2026-10-08T14:39:41.882242+00:00
91,55212022223114,ajoute,,2026-10-08T14:39:42.081076+00:00
91,61365037301812,ajoute,,2026-10-08T14:40:04.031724+00:00
91,66204244911680,ajoute,,2026-10-08T14:40:35.506894+00:00
91,66204244911755,ajoute,,2026-10-08T14:40:35.790424+00:00
91,66204244911763,ajoute,,2026-10-08T14:40:35.845331+00:00
91,66204244911771,ajoute,,2026-10-08T14:40:36.051757+00:00
91,66204244911797,ajoute,,2026-10-08T14:40:36.280020+00:00
91,66204244911805,ajoute,,2026-10-08T14:40:36.449491+00:00
91,66204244911821,ajoute,,2026-10-08T14:40:36.742158+00:00
91,66204244911847,ajoute,,2026-10-08T14:40:36.861241+00:00
91,66204244911854,ajoute,,2026-10-08T14:40:37.243565+00:00
91,66204244911862,ajoute,,2026-10-08T14:40:37.396573+00:00
91,66205127501191,ajoute,,2026-10-08T14:40:45.578563+00:00
91,77566343800171,ajoute,,2026-10-08T14:40:51.726473+00:00
91,77566343801229,ajoute,,2026-10-08T14:40:52.135339+00:00
91,77566343801237,ajoute,,2026-10-08T14:40:52.135737+00:00
91,77566343801245,ajoute,,2026-10-08T14:40:52.335094+00:00
91,77566343801252,ajoute,,2026-10-08T14:40:52.759173+00:00
91,77566561501360,ajoute,,2026-10-08T14:40:55.819239+00:00
91,77566561501428,ajoute,,2026-10-08T14:40:56.023698+00:00
91,77566561501444,ajoute,,2026-10-08T14:40:56.331500+00:00
91,77566561501469,ajoute,,2026-10-08T14:40:56.678884+00:00
91,77566561501493,ajoute,,2026-10-08T14:40:56.537223+00:00
91,77566561501501,ajoute,,2026-10-08T14:40:56.967477+00:00
91,77566561501519,ajoute,,2026-10-08T14:40:57.150404+00:00
91,77566561501568,ajoute,,2026-10-08T14:40:57.350077+00:00
91,77566561501576,ajoute,,2026-10-08T14:40:57.563186+00:00
91,77566561501592,ajoute,,2026-10-08T14:40:57.705735+00:00
91,77566561501600,ajoute,,2026-10-08T14:40:57.981284+00:00
91,77566561501618,ajoute,,2026-10-08T14:40:58.169363+00:00
91,77566561501659,ajoute,,2026-10-08T14:40:58.372699+00:00
91,77566561501766,ajoute,,2026-10-08T14:40:58.524280+00:00
91,77566561501790,ajoute,,2026-10-08T14:40:58.675878+00:00
91,77566561502228,ajoute,,2026-10-08T14:40:58.882123+00:00
91,77566561502236,ajoute,,2026-10-08T14:40:59.083367+00:00
91,77566561502293,ajoute,,2026-10-08T14:40:59.281480+00:00
91,77566561502442,ajoute,,2026-10-08T14:40:59.624136+00:00
91,77566561502459,ajoute,,2026-10-08T14:40:59.691148+00:00
91,77567223101813,ajoute,,2026-10-08T14:41:02.993415+00:00
91,77567223101995,ajoute,,2026-10-08T14:41:03.226262+00:00
91,77567618210971,ajoute,,2026-10-08T14:41:11.486788+00:00
91,77568539901698,ajoute,,2026-10-08T14:41:14.282590+00:00
91,77570147701668,ajoute,,2026-10-08T14:41:17.624409+00:00
91,78145251104535,ajoute,,2026-10-08T14:41:19.857275+00:00
91,78493968802615,ajoute,,2026-10-08T14:41:23.878087+00:00
91,78493968802714,ajoute,,2026-10-08T14:41:24.022647+00:00
91,78493968802797,ajoute,,2026-10-08T14:41:24.287340+00:00
91,78692030600382,ajoute,,2026-10-08T14:41:28.997320+00:00
91,78692030601018,ajoute,,2026-10-08T14:41:29.201963+00:00
91,78907661900020,non_ajoute,unite_non_active,2026-10-08T14:41:29.405616+00:00
91,79148134400764,ajoute,,2026-10-08T14:41:30.224665+00:00
91,79514576200022,non_ajoute,unite_non_active,2026-10-08T14:41:30.370397+00:00
91,79823301100039,ajoute,,2026-10-08T14:41:31.037790+00:00
91,79823301100344,ajoute,,2026-10-08T14:41:31.249007+00:00
91,79983045000018,non_ajoute,ferme_ou_autre_departement,2026-10-08T14:41:34.278506+00:00
91,80454467402139,ajoute,,2026-10-08T14:41:37.189312+00:00
91,80454467402337,ajoute,,2026-10-08T14:41:37.393820+00:00
91,81490696200034,non_ajoute,unite_non_active,2026-10-08T14:41:39.648789+00:00
91,82350631600012,non_ajoute,ferme_ou_autre_departement,2026-10-08T14:41:41.688054+00:00
91,84410485100085,ajoute,,2026-10-08T14:41:50.634746+00:00
91,84410485100093,ajoute,,2026-10-08T14:41:50.501937+00:00
91,84410485100101,ajoute,,2026-10-08T14:41:50.813395+00:00
91,84858396900029,non_ajoute,ferme_ou_autre_departement,2026-10-08T14:41:52.382967+00:00
91,88280858701058,ajoute,,2026-10-08T14:41:53.677598+00:00
91,88280858701934,ajoute,,2026-10-08T14:41:53.882853+00:00
91,89805132100021,non_ajoute,ferme_ou_autre_departement,2026-10-08T14:41:56.442631+00:00
91,90271669500041,ajoute,,2026-10-08T14:41:57.049958+00:00
91,90271669500868,ajoute,,2026-10-08T14:41:57.156772+00:00
91,90799539300010,non_ajoute,ferme_ou_autre_departement,2026-10-08T14:41:57.772068+00:00
91,92187534000017,non_ajoute,ferme_ou_autre_departement,2026-10-08T14:42:00.642996+00:00
91,95450974105143,ajoute,,2026-10-08T14:42:04.245669+00:00
91,95450974105150,ajoute,,2026-10-08T14:42:04.454189+00:00
91,95450974105176,ajoute,,2026-10-08T14:42:04.669766+00:00
91,95450974105200,ajoute,,2026-10-08T14:42:04.875276+00:00
91,95450974105234,ajoute,,2026-10-08T14:42:05.080691+00:00
91,95450974105242,ajoute,,2026-10-08T14:42:05.294915+00:00
91,97220001801081,ajoute,,2026-10-08T14:42:13.748374+00:00
92,12004614900296,ajoute,,2026-10-08T14:42:17.540247+00:00
92,18750006100739,ajoute,,2026-10-08T14:42:35.963929+00:00
92,18750006100788,ajoute,,2026-10-08T14:42:36.168305+00:00
92,18750006100796,ajoute,,2026-10-08T14:42:36.370934+00:00
92,18750006100804,ajoute,,2026-10-08T14:42:36.689150+00:00
92,18750006100929,ajoute,,2026-10-08T14:42:36.823571+00:00
92,18750006101224,ajoute,,2026-10-08T14:42:37.097757+00:00
92,25920029300019,non_ajoute,unite_non_active,2026-10-08T14:42:41.602520+00:00
92,30438137901068,ajoute,,2026-10-08T14:42:51.229011+00:00
92,30449785204226,ajoute,,2026-10-08T14:42:51.432224+00:00
92,30449785204416,ajoute,,2026-10-08T14:42:51.640294+00:00
92,30449785204424,ajoute,,2026-10-08T14:42:51.878684+00:00
92,30889577001589,ajoute,,2026-10-08T14:42:55.836791+00:00
92,30889577001761,ajoute,,2026-10-08T14:42:56.041969+00:00
92,30980220500539,ajoute,,2026-10-08T14:42:59.318997+00:00
92,30980220500760,ajoute,,2026-10-08T14:42:59.625008+00:00
92,31587164000456,ajoute,,2026-10-08T14:43:04.777913+00:00
92,31587164000662,ajoute,,2026-10-08T14:43:05.006364+00:00
92,31709735000274,ajoute,,2026-10-08T14:43:05.392912+00:00
92,31890644301027,ajoute,,2026-10-08T14:43:10.174739+00:00
92,32044110801735,ajoute,,2026-10-08T14:43:11.400619+00:00
92,32506184400925,ajoute,,2026-10-08T14:43:12.837419+00:00
92,32601977500195,ajoute,,2026-10-08T14:43:13.042094+00:00
92,32601977500948,ajoute,,2026-10-08T14:43:13.244520+00:00
92,32933888302217,ajoute,,2026-10-08T14:43:16.108773+00:00
92,32933888302274,ajoute,,2026-10-08T14:43:16.547391+00:00
92,33825313106396,ajoute,,2026-10-08T14:43:35.562945+00:00
92,33825313106610,ajoute,,2026-10-08T14:43:35.761627+00:00
92,33825323004482,ajoute,,2026-10-08T14:43:57.687087+00:00
92,34106769201521,ajoute,,2026-10-08T14:44:33.752530+00:00
92,34106769201547,ajoute,,2026-10-08T14:44:33.984662+00:00
92,34200649101983,ajoute,,2026-10-08T14:44:34.989087+00:00
92,34326262207706,ajoute,,2026-10-08T14:44:42.470775+00:00
92,34408028800311,ajoute,,2026-10-08T14:44:46.534214+00:00
92,34997493101213,ajoute,,2026-10-08T14:44:50.620196+00:00
92,34997493101676,ajoute,,2026-10-08T14:44:50.825755+00:00
92,35144208200100,ajoute,,2026-10-08T14:44:51.851629+00:00
92,35144208200704,ajoute,,2026-10-08T14:44:52.056260+00:00
92,35144208200712,ajoute,,2026-10-08T14:44:52.391964+00:00
92,35144208200746,ajoute,,2026-10-08T14:44:52.478313+00:00
92,35183740600583,ajoute,,2026-10-08T14:44:56.264220+00:00
92,37804750001523,ajoute,,2026-10-08T14:45:22.988291+00:00
92,37848609600357,non_ajoute,ferme_ou_autre_departement,2026-10-08T14:45:24.014527+00:00
92,37924316502085,ajoute,,2026-10-08T14:45:25.566333+00:00
92,37924316502101,ajoute,,2026-10-08T14:45:25.774048+00:00
92,37924316502267,ajoute,,2026-10-08T14:45:26.045047+00:00
92,38240186700694,ajoute,,2026-10-08T14:45:37.020925+00:00
92,38240186700959,ajoute,,2026-10-08T14:45:37.226893+00:00
92,38254431001048,ajoute,,2026-10-08T14:45:37.774565+00:00
92,38332444906047,ajoute,,2026-10-08T14:45:47.296877+00:00
92,38332444906096,ajoute,,2026-10-08T14:45:47.413604+00:00
92,38371167800573,ajoute,,2026-10-08T14:45:47.787243+00:00
92,38536571300606,ajoute,,2026-10-08T14:45:49.921033+00:00
92,38536571300762,ajoute,,2026-10-08T14:45:50.128786+00:00
92,39051600300014,non_ajoute,unite_non_active,2026-10-08T14:45:52.174361+00:00
92,39371228601225,ajoute,,2026-10-08T14:45:54.348337+00:00
92,39371228601761,ajoute,,2026-10-08T14:45:54.485592+00:00
92,39748093000916,ajoute,,2026-10-08T14:45:56.115019+00:00
92,39811044502453,ajoute,,2026-10-08T14:45:59.649807+00:00
92,39897931000099,ajoute,,2026-10-08T14:46:02.715311+00:00
92,39897931000859,ajoute,,2026-10-08T14:46:02.865454+00:00
92,39931561300014,ajoute,,2026-10-08T14:46:03.950674+00:00
92,39931561300428,ajoute,,2026-10-08T14:46:04.092250+00:00
92,39931561300634,ajoute,,2026-10-08T14:46:04.361170+00:00
92,39931561300881,ajoute,,2026-10-08T14:46:04.624880+00:00
92,39931561300964,ajoute,,2026-10-08T14:46:04.755061+00:00
92,40046195001271,ajoute,,2026-10-08T14:46:05.516164+00:00
92,40046195001339,ajoute,,2026-10-08T14:46:05.707318+00:00
92,40046195001412,ajoute,,2026-10-08T14:46:05.920879+00:00
92,40046195001420,ajoute,,2026-10-08T14:46:06.131154+00:00
92,40046195001495,ajoute,,2026-10-08T14:46:06.361861+00:00
92,40046195001875,ajoute,,2026-10-08T14:46:06.539651+00:00
92,40125156601053,ajoute,,2026-10-08T14:46:07.141016+00:00
92,40125156601301,ajoute,,2026-10-08T14:46:07.190620+00:00
92,40125156601475,ajoute,,2026-10-08T14:46:07.396388+00:00
92,40125156601889,ajoute,,2026-10-08T14:46:07.557082+00:00
92,40125156601897,ajoute,,2026-10-08T14:46:07.757754+00:00
92,40668031400423,ajoute,,2026-10-08T14:46:17.365863+00:00
92,41003470600045,non_ajoute,ferme_ou_autre_departement,2026-10-08T14:46:19.345359+00:00
92,41015167400752,ajoute,,2026-10-08T14:46:19.546369+00:00
92,41015167400844,ajoute,,2026-10-08T14:46:19.766479+00:00
92,41040901500402,ajoute,,2026-10-08T14:46:22.029245+00:00
92,41040901500451,ajoute,,2026-10-08T14:46:22.226520+00:00
92,41040901500493,ajoute,,2026-10-08T14:46:22.439027+00:00
92,41040901500501,ajoute,,2026-10-08T14:46:22.796558+00:00
92,41040901500550,ajoute,,2026-10-08T14:46:22.909645+00:00
92,41244251900978,ajoute,,2026-10-08T14:46:26.092607+00:00
92,41481940902359,ajoute,,2026-10-08T14:46:30.679145+00:00
92,41481940902433,ajoute,,2026-10-08T14:46:30.882788+00:00
92,41481940902474,ajoute,,2026-10-08T14:46:31.085605+00:00
92,41493591600034,non_ajoute,unite_non_active,2026-10-08T14:46:32.217993+00:00
92,41493591600042,non_ajoute,unite_non_active,2026-10-08T14:46:32.423370+00:00
92,41809639200513,ajoute,,2026-10-08T14:46:32.652492+00:00
92,41809639200521,ajoute,,2026-10-08T14:46:32.720781+00:00
92,42109808800907,ajoute,,2026-10-08T14:46:34.160541+00:00
92,42110064500918,ajoute,,2026-10-08T14:46:34.367954+00:00
92,42110064500975,ajoute,,2026-10-08T14:46:34.575842+00:00
92,42110670900668,ajoute,,2026-10-08T14:46:35.194643+00:00
92,42136397902547,ajoute,,2026-10-08T14:46:35.805939+00:00
92,42136397902554,ajoute,,2026-10-08T14:46:36.146281+00:00
92,42136397902562,ajoute,,2026-10-08T14:46:36.220783+00:00
92,42136397902570,ajoute,,2026-10-08T14:46:36.491808+00:00
92,42136397902596,ajoute,,2026-10-08T14:46:36.685322+00:00
92,42136397902604,ajoute,,2026-10-08T14:46:36.946374+00:00
92,42136397902612,ajoute,,2026-10-08T14:46:37.033663+00:00
92,42136397902620,ajoute,,2026-10-08T14:46:37.242551+00:00
92,42136397902638,ajoute,,2026-10-08T14:46:37.450102+00:00
92,42136397902653,ajoute,,2026-10-08T14:46:37.660099+00:00
92,42136397902679,ajoute,,2026-10-08T14:46:37.863425+00:00
92,42136397902687,ajoute,,2026-10-08T14:46:38.075013+00:00
92,42136397902711,ajoute,,2026-10-08T14:46:38.440962+00:00
92,42303259800892,ajoute,,2026-10-08T14:46:38.770243+00:00
92,42826802331239,ajoute,,2026-10-08T14:46:41.637880+00:00
92,42826802331346,ajoute,,2026-10-08T14:46:41.944977+00:00
92,42855996702277,ajoute,,2026-10-08T14:46:43.061715+00:00
92,42855996702533,ajoute,,2026-10-08T14:46:43.268198+00:00
92,42874890901018,ajoute,,2026-10-08T14:46:43.684705+00:00
92,43198246100516,ajoute,,2026-10-08T14:46:45.490334+00:00
92,43997564001119,ajoute,,2026-10-08T14:46:56.382839+00:00
92,43997564001382,ajoute,,2026-10-08T14:46:56.586664+00:00
92,44028375201281,ajoute,,2026-10-08T14:46:57.100591+00:00
92,44028375201414,ajoute,,2026-10-08T14:46:57.202715+00:00
92,44028375201422,ajoute,,2026-10-08T14:46:57.406896+00:00
92,44028375201984,ajoute,,2026-10-08T14:46:57.610378+00:00
92,44442083001208,ajoute,,2026-10-08T14:47:02.336132+00:00
92,44442083001380,ajoute,,2026-10-08T14:47:02.507056+00:00
92,44469850000261,ajoute,,2026-10-08T14:47:06.494776+00:00
92,44478651101103,ajoute,,2026-10-08T14:47:06.621088+00:00
92,44533010300034,ajoute,,2026-10-08T14:47:08.048562+00:00
92,44533010300281,ajoute,,2026-10-08T14:47:08.266195+00:00
92,44533010300331,ajoute,,2026-10-08T14:47:08.461869+00:00
92,44533010300505,ajoute,,2026-10-08T14:47:08.775686+00:00
92,44533010300737,ajoute,,2026-10-08T14:47:08.981119+00:00
92,44533010300992,ajoute,,2026-10-08T14:47:09.284173+00:00
92,44886840601025,ajoute,,2026-10-08T14:47:19.199518+00:00
92,44886840601546,ajoute,,2026-10-08T14:47:19.407065+00:00
92,44886840601702,ajoute,,2026-10-08T14:47:19.596734+00:00
92,44886840601751,ajoute,,2026-10-08T14:47:19.820760+00:00
92,44953139100190,ajoute,,2026-10-08T14:47:20.856730+00:00
92,44953139100208,ajoute,,2026-10-08T14:47:21.063362+00:00
92,44953139100398,ajoute,,2026-10-08T14:47:21.268822+00:00
92,44953139100711,ajoute,,2026-10-08T14:47:21.478277+00:00
92,45105338300837,ajoute,,2026-10-08T14:47:24.308229+00:00
92,45132990800201,ajoute,,2026-10-08T14:47:24.723944+00:00
92,45148901704530,ajoute,,2026-10-08T14:47:25.730806+00:00
92,45148901704605,ajoute,,2026-10-08T14:47:25.952636+00:00
92,45388418100018,non_ajoute,ferme_ou_autre_departement,2026-10-08T14:47:26.992527+00:00
92,47050094302973,ajoute,,2026-10-08T14:47:28.741649+00:00
92,47835575301852,ajoute,,2026-10-08T14:47:44.960702+00:00
92,47835611600028,ajoute,,2026-10-08T14:47:46.223877+00:00
92,47835611600788,ajoute,,2026-10-08T14:47:46.197470+00:00
92,47835611601000,ajoute,,2026-10-08T14:47:46.377713+00:00
92,47918275000030,ajoute,,2026-10-08T14:47:46.866807+00:00
92,47918275000261,ajoute,,2026-10-08T14:47:47.068126+00:00
92,47918275000410,ajoute,,2026-10-08T14:47:47.292313+00:00
92,47918275000436,ajoute,,2026-10-08T14:47:47.483782+00:00
92,47918275000717,ajoute,,2026-10-08T14:47:47.687427+00:00
92,47918275000782,ajoute,,2026-10-08T14:47:47.892568+00:00
92,47918275000956,ajoute,,2026-10-08T14:47:48.210382+00:00
92,47976684201029,ajoute,,2026-10-08T14:47:51.115035+00:00
92,47976684201045,ajoute,,2026-10-08T14:47:51.127013+00:00
92,47976684201060,ajoute,,2026-10-08T14:47:51.324261+00:00
92,47976684201078,ajoute,,2026-10-08T14:47:51.601003+00:00
92,48067597400061,non_ajoute,ferme_ou_autre_departement,2026-10-08T14:47:52.157441+00:00
92,49007233700606,ajoute,,2026-10-08T14:47:55.772686+00:00
92,49278795705065,ajoute,,2026-10-08T14:47:58.140056+00:00
92,49278795705107,ajoute,,2026-10-08T14:47:58.363535+00:00
92,49278795705636,ajoute,,2026-10-08T14:47:58.643592+00:00
92,49278795705859,ajoute,,2026-10-08T14:47:58.851839+00:00
92,50056940501761,ajoute,,2026-10-08T14:48:00.896370+00:00
92,50168987100041,non_ajoute,ferme_ou_autre_departement,2026-10-08T14:48:02.529940+00:00
92,50393811001013,ajoute,,2026-10-08T14:48:04.752337+00:00
92,50810215901027,ajoute,,2026-10-08T14:48:05.871949+00:00
92,51509956200271,ajoute,,2026-10-08T14:48:07.655197+00:00
92,51509956200289,ajoute,,2026-10-08T14:48:07.860803+00:00
92,52503152201091,ajoute,,2026-10-08T14:48:10.726087+00:00
92,52503152201109,ajoute,,2026-10-08T14:48:10.933419+00:00
92,52844924200023,non_ajoute,ferme_ou_autre_departement,2026-10-08T14:48:11.341421+00:00
92,52857022900252,ajoute,,2026-10-08T14:48:11.751813+00:00
92,52857022900260,ajoute,,2026-10-08T14:48:11.956011+00:00
92,52857022900278,ajoute,,2026-10-08T14:48:12.159386+00:00
92,52857022900294,ajoute,,2026-10-08T14:48:12.363651+00:00
92,52857022900302,ajoute,,2026-10-08T14:48:12.569991+00:00
92,52857022900310,ajoute,,2026-10-08T14:48:12.874924+00:00
92,52857022900328,ajoute,,2026-10-08T14:48:12.984375+00:00
92,52857022900377,ajoute,,2026-10-08T14:48:13.225557+00:00
92,52857022900708,ajoute,,2026-10-08T14:48:13.431899+00:00
92,52857022900765,ajoute,,2026-10-08T14:48:13.592799+00:00
92,52857022900872,ajoute,,2026-10-08T14:48:13.805354+00:00
92,52881537600785,ajoute,,2026-10-08T14:48:17.491129+00:00
92,52881537600868,ajoute,,2026-10-08T14:48:17.683343+00:00
92,52881537601007,ajoute,,2026-10-08T14:48:17.897273+00:00
92,53116270900095,ajoute,,2026-10-08T14:48:18.711909+00:00
92,54201638105451,ajoute,,2026-10-08T14:48:28.658448+00:00
92,54201638105485,ajoute,,2026-10-08T14:48:28.776380+00:00
92,54201638105527,ajoute,,2026-10-08T14:48:28.980545+00:00
92,54201638105535,ajoute,,2026-10-08T14:48:29.199793+00:00
92,54207358003800,ajoute,,2026-10-08T14:48:39.701797+00:00
92,54207358003818,ajoute,,2026-10-08T14:48:39.906599+00:00
92,54207358003826,ajoute,,2026-10-08T14:48:40.111012+00:00
92,54207358003834,ajoute,,2026-10-08T14:48:40.322227+00:00
92,54207358003867,ajoute,,2026-10-08T14:48:40.531090+00:00
92,55200231300062,ajoute,,2026-10-08T14:48:50.047018+00:00
92,55200231300831,ajoute,,2026-10-08T14:48:50.393681+00:00
92,55200231300880,ajoute,,2026-10-08T14:48:50.579490+00:00
92,55200231301029,ajoute,,2026-10-08T14:48:50.665678+00:00
92,55200231301078,ajoute,,2026-10-08T14:48:50.878719+00:00
92,55200231301094,ajoute,,2026-10-08T14:48:51.066829+00:00
92,55200231301185,ajoute,,2026-10-08T14:48:51.287840+00:00
92,55200231301268,ajoute,,2026-10-08T14:48:51.485934+00:00
92,55204695501363,ajoute,,2026-10-08T14:48:53.839939+00:00
92,55208131703418,ajoute,,2026-10-08T14:49:01.615340+00:00
92,55208131703640,ajoute,,2026-10-08T14:49:01.821824+00:00
92,55208131703699,ajoute,,2026-10-08T14:49:02.031994+00:00
92,55208131703715,ajoute,,2026-10-08T14:49:02.340520+00:00
92,55208131703731,ajoute,,2026-10-08T14:49:02.442030+00:00
92,55208853600107,ajoute,,2026-10-08T14:49:47.198009+00:00
92,55208853600974,ajoute,,2026-10-08T14:49:47.355747+00:00
92,55209628102353,ajoute,,2026-10-08T14:49:52.852031+00:00
92,55209628102668,ajoute,,2026-10-08T14:49:53.040216+00:00
92,57210217603247,ajoute,,2026-10-08T14:50:18.041055+00:00
92,57210217603296,ajoute,,2026-10-08T14:50:18.253911+00:00
92,57210217603387,ajoute,,2026-10-08T14:50:18.552943+00:00
92,57210217603411,ajoute,,2026-10-08T14:50:18.651446+00:00
92,57218568401210,ajoute,,2026-10-08T14:50:41.576644+00:00
92,58212026704710,ajoute,,2026-10-08T14:50:42.605763+00:00
92,58212026704736,ajoute,,2026-10-08T14:50:42.810920+00:00
92,63201751303551,ajoute,,2026-10-08T14:50:51.848113+00:00
92,65205083202124,ajoute,,2026-10-08T14:51:21.401282+00:00
92,66204244911367,ajoute,,2026-10-08T14:52:19.261099+00:00
92,66204244911375,ajoute,,2026-10-08T14:52:19.465499+00:00
92,66204244911383,ajoute,,2026-10-08T14:52:19.669843+00:00
92,66204244911417,ajoute,,2026-10-08T14:52:19.868151+00:00
92,66204244911433,ajoute,,2026-10-08T14:52:20.186276+00:00
92,66204244911458,ajoute,,2026-10-08T14:52:20.284186+00:00
92,66204244911474,ajoute,,2026-10-08T14:52:20.491106+00:00
92,66204244911482,ajoute,,2026-10-08T14:52:20.695797+00:00
92,66204244911524,ajoute,,2026-10-08T14:52:20.999650+00:00
92,66204244911532,ajoute,,2026-10-08T14:52:21.102818+00:00
92,66204244911573,ajoute,,2026-10-08T14:52:21.411937+00:00
92,66204244911607,ajoute,,2026-10-08T14:52:21.510300+00:00
92,66204244911615,ajoute,,2026-10-08T14:52:21.716496+00:00
92,66204244911623,ajoute,,2026-10-08T14:52:21.915640+00:00
92,66204244911631,ajoute,,2026-10-08T14:52:22.126322+00:00
92,66204244911656,ajoute,,2026-10-08T14:52:22.331117+00:00
92,66204244911672,ajoute,,2026-10-08T14:52:22.626764+00:00
92,66205127501522,ajoute,,2026-10-08T14:52:39.484411+00:00
92,77562407501482,ajoute,,2026-10-08T14:52:48.803551+00:00
92,77562407501490,ajoute,,2026-10-08T14:52:49.004193+00:00
92,77566343800494,ajoute,,2026-10-08T14:52:49.260138+00:00
92,77566343800528,ajoute,,2026-10-08T14:52:49.406868+00:00
92,77566343800544,ajoute,,2026-10-08T14:52:49.607128+00:00
92,77566343800593,ajoute,,2026-10-08T14:52:49.811252+00:00
92,77566343800866,ajoute,,2026-10-08T14:52:50.006527+00:00
92,77566343800932,ajoute,,2026-10-08T14:52:50.275040+00:00
92,77566343801054,ajoute,,2026-10-08T14:52:50.476060+00:00
92,77566343801260,ajoute,,2026-10-08T14:52:50.638938+00:00
92,77566343801278,ajoute,,2026-10-08T14:52:50.813847+00:00
92,77566343801286,ajoute,,2026-10-08T14:52:51.020888+00:00
92,77566561502145,ajoute,,2026-10-08T14:52:54.874037+00:00
92,77566561502384,ajoute,,2026-10-08T14:52:55.055829+00:00
92,77566561502400,ajoute,,2026-10-08T14:52:55.268615+00:00
92,77566561502418,ajoute,,2026-10-08T14:52:55.768660+00:00
92,77567223101763,ajoute,,2026-10-08T14:53:00.223031+00:00
92,77567227229818,ajoute,,2026-10-08T14:53:08.416977+00:00
92,77567227230105,ajoute,,2026-10-08T14:53:08.566984+00:00
92,77567618203018,ajoute,,2026-10-08T14:53:16.165699+00:00
92,77567618203182,ajoute,,2026-10-08T14:53:16.353864+00:00
92,77567618203190,ajoute,,2026-10-08T14:53:15.531284+00:00
92,77567618203281,ajoute,,2026-10-08T14:53:16.764182+00:00
92,77567618203422,ajoute,,2026-10-08T14:53:16.968755+00:00
92,77567618203489,ajoute,,2026-10-08T14:53:17.169427+00:00
92,77567618203497,ajoute,,2026-10-08T14:53:17.379511+00:00
92,77567618203513,ajoute,,2026-10-08T14:53:16.561537+00:00
92,77567618203539,ajoute,,2026-10-08T14:53:16.764362+00:00
92,77567618203547,ajoute,,2026-10-08T14:53:16.968995+00:00
92,77567618203554,ajoute,,2026-10-08T14:53:17.169263+00:00
92,77567618203570,ajoute,,2026-10-08T14:53:17.379417+00:00
92,77567618203588,ajoute,,2026-10-08T14:53:17.700432+00:00
92,77567618203810,ajoute,,2026-10-08T14:53:17.787548+00:00
92,77567618203893,ajoute,,2026-10-08T14:53:18.097703+00:00
92,77568907802122,ajoute,,2026-10-08T14:53:26.835629+00:00
92,77569113200556,ajoute,,2026-10-08T14:53:27.320067+00:00
92,77569113200994,ajoute,,2026-10-08T14:53:27.459434+00:00
92,77569113201000,ajoute,,2026-10-08T14:53:27.655909+00:00
92,77569113201018,ajoute,,2026-10-08T14:53:27.859061+00:00
92,77569113201026,ajoute,,2026-10-08T14:53:28.070914+00:00
92,77570147701403,ajoute,,2026-10-08T14:53:29.684402+00:00
92,77734609901071,ajoute,,2026-10-08T14:53:33.339000+00:00
92,77815194400734,ajoute,,2026-10-08T14:53:33.544192+00:00
92,78145251107751,ajoute,,2026-10-08T14:53:33.954936+00:00
92,78493968802342,ajoute,,2026-10-08T14:53:40.245739+00:00
92,78493968802409,ajoute,,2026-10-08T14:53:40.456795+00:00
92,78493968802607,ajoute,,2026-10-08T14:53:40.658150+00:00
92,78493968803068,ajoute,,2026-10-08T14:53:40.905047+00:00
92,78493968803076,ajoute,,2026-10-08T14:53:41.060092+00:00
92,78979146401205,ajoute,,2026-10-08T14:53:49.392860+00:00
92,79018278600968,ajoute,,2026-10-08T14:53:49.585922+00:00
92,79148134400855,ajoute,,2026-10-08T14:53:50.200861+00:00
92,79148134400897,ajoute,,2026-10-08T14:53:50.406829+00:00
92,79148134400970,ajoute,,2026-10-08T14:53:50.651533+00:00
92,79184442600019,non_ajoute,ferme_ou_autre_departement,2026-10-08T14:53:50.797891+00:00
92,79455223200041,non_ajoute,unite_non_active,2026-10-08T14:53:51.424420+00:00
92,79823301100112,ajoute,,2026-10-08T14:53:51.619955+00:00
92,79841941200084,non_ajoute,ferme_ou_autre_departement,2026-10-08T14:53:55.471583+00:00
92,80089508800576,ajoute,,2026-10-08T14:53:56.481543+00:00
92,80089508800584,ajoute,,2026-10-08T14:53:56.799863+00:00
92,80089508800592,ajoute,,2026-10-08T14:53:56.944497+00:00
92,81015074800038,non_ajoute,ferme_ou_autre_departement,2026-10-08T14:54:00.582317+00:00
92,81411679400219,ajoute,,2026-10-08T14:54:01.402131+00:00
92,81411679400227,ajoute,,2026-10-08T14:54:01.616440+00:00
92,81411679400235,ajoute,,2026-10-08T14:54:01.818499+00:00
92,81411679400243,ajoute,,2026-10-08T14:54:02.023537+00:00
92,81411679400334,ajoute,,2026-10-08T14:54:02.228856+00:00
92,81439245200144,ajoute,,2026-10-08T14:54:02.547390+00:00
92,82276210000029,non_ajoute,ferme_ou_autre_departement,2026-10-08T14:54:07.030372+00:00
92,82886952900028,non_ajoute,ferme_ou_autre_departement,2026-10-08T14:54:08.459765+00:00
92,82957704800020,non_ajoute,ferme_ou_autre_departement,2026-10-08T14:54:08.716480+00:00
92,83022637900030,non_ajoute,ferme_ou_autre_departement,2026-10-08T14:54:09.295215+00:00
92,83194179400024,non_ajoute,ferme_ou_autre_departement,2026-10-08T14:54:09.701817+00:00
92,83346028000021,non_ajoute,ferme_ou_autre_departement,2026-10-08T14:54:09.907475+00:00
92,83489593001584,ajoute,,2026-10-08T14:54:12.569236+00:00
92,83489593001592,ajoute,,2026-10-08T14:54:12.774236+00:00
92,83489593001618,ajoute,,2026-10-08T14:54:12.995498+00:00
92,83489593001634,ajoute,,2026-10-08T14:54:13.183776+00:00
92,83489593001683,ajoute,,2026-10-08T14:54:13.388886+00:00
92,83489593001899,ajoute,,2026-10-08T14:54:13.595353+00:00
92,83489593001907,ajoute,,2026-10-08T14:54:13.815049+00:00
92,84845928502290,ajoute,,2026-10-08T14:54:19.431376+00:00
92,84999140100027,non_ajoute,ferme_ou_autre_departement,2026-10-08T14:54:19.847722+00:00
92,85480074500838,ajoute,,2026-10-08T14:54:21.477962+00:00
92,87767693200016,ajoute,,2026-10-08T14:54:21.888704+00:00
92,87767693200792,ajoute,,2026-10-08T14:54:22.196035+00:00
92,87767693200800,ajoute,,2026-10-08T14:54:22.298073+00:00
92,87767693200818,ajoute,,2026-10-08T14:54:22.503523+00:00
92,87767693200826,ajoute,,2026-10-08T14:54:22.708419+00:00
92,87767693200834,ajoute,,2026-10-08T14:54:22.914886+00:00
92,87767693200842,ajoute,,2026-10-08T14:54:23.118193+00:00
92,87767693200859,ajoute,,2026-10-08T14:54:23.317825+00:00
92,87767693200867,ajoute,,2026-10-08T14:54:23.527178+00:00
92,87767693200875,ajoute,,2026-10-08T14:54:23.730440+00:00
92,87767693200883,ajoute,,2026-10-08T14:54:23.948814+00:00
92,87767693200891,ajoute,,2026-10-08T14:54:24.140209+00:00
92,87767693200909,ajoute,,2026-10-08T14:54:24.349760+00:00
92,87767693200917,ajoute,,2026-10-08T14:54:24.551148+00:00
92,87767693200925,ajoute,,2026-10-08T14:54:24.756414+00:00
92,87767693200933,ajoute,,2026-10-08T14:54:24.961445+00:00
92,88375930000022,non_ajoute,unite_non_active,2026-10-08T14:54:27.207917+00:00
92,88375930000030,non_ajoute,unite_non_active,2026-10-08T14:54:27.417804+00:00
92,88808309400019,non_ajoute,ferme_ou_autre_departement,2026-10-08T14:54:28.232423+00:00
92,90258034900014,non_ajoute,ferme_ou_autre_departement,2026-10-08T14:54:30.483114+00:00
92,90271669500330,ajoute,,2026-10-08T14:54:30.837504+00:00
92,90271669500769,ajoute,,2026-10-08T14:54:31.103651+00:00
92,90330949000857,ajoute,,2026-10-08T14:54:31.514289+00:00
92,91283558400018,non_ajoute,ferme_ou_autre_departement,2026-10-08T14:54:33.873162+00:00
92,91499880200021,non_ajoute,unite_non_active,2026-10-08T14:54:34.074705+00:00
92,91811979300027,non_ajoute,ferme_ou_autre_departement,2026-10-08T14:54:34.484066+00:00
92,93184003700010,non_ajoute,ferme_ou_autre_departement,2026-10-08T14:54:36.941587+00:00
92,95125327700028,non_ajoute,ferme_ou_autre_departement,2026-10-08T14:54:37.964532+00:00
92,95450974104930,ajoute,,2026-10-08T14:54:38.376207+00:00
92,95450974104971,ajoute,,2026-10-08T14:54:38.580608+00:00
92,95450974104989,ajoute,,2026-10-08T14:54:38.785505+00:00
92,95450974104997,ajoute,,2026-10-08T14:54:38.988512+00:00
92,95450974105028,ajoute,,2026-10-08T14:54:39.190146+00:00
92,95450974105044,ajoute,,2026-10-08T14:54:39.339350+00:00
92,95450974105085,ajoute,,2026-10-08T14:54:39.602619+00:00
92,95450974105093,ajoute,,2026-10-08T14:54:39.742214+00:00
92,95450974105119,ajoute,,2026-10-08T14:54:39.914979+00:00
92,95450974105127,ajoute,,2026-10-08T14:54:40.114296+00:00
92,95450974105135,ajoute,,2026-10-08T14:54:40.313525+00:00
92,97934428000016,non_ajoute,naf_unite_hors_liste,2026-10-08T14:54:55.991972+00:00
92,98012641100027,non_ajoute,ferme_ou_autre_departement,2026-10-08T14:54:56.191996+00:00
92,99753681800922,ajoute,,2026-10-08T14:54:56.733535+00:00
92,99882350400373,ajoute,,2026-10-08T14:54:56.940987+00:00
95,05520098400841,ajoute,,2026-10-08T14:54:59.199003+00:00
95,13001285900018,ajoute,,2026-10-08T14:55:02.133731+00:00
95,13001285900026,ajoute,,2026-10-08T14:55:02.333607+00:00
95,13001285900042,ajoute,,2026-10-08T14:55:02.542183+00:00
95,13001285900232,ajoute,,2026-10-08T14:55:02.750306+00:00
95,13001285900281,ajoute,,2026-10-08T14:55:02.954451+00:00
95,13001285900299,ajoute,,2026-10-08T14:55:03.091084+00:00
95,13001285900372,ajoute,,2026-10-08T14:55:03.300073+00:00
95,13001285900380,ajoute,,2026-10-08T14:55:03.567094+00:00
95,13001285900398,ajoute,,2026-10-08T14:55:03.771749+00:00
95,13001285900414,ajoute,,2026-10-08T14:55:03.980131+00:00
95,13001285900430,ajoute,,2026-10-08T14:55:04.081004+00:00
95,13001285900471,ajoute,,2026-10-08T14:55:04.296740+00:00
95,13001285900638,ajoute,,2026-10-08T14:55:04.501810+00:00
95,13001285900679,ajoute,,2026-10-08T14:55:04.713624+00:00
95,13001285900687,ajoute,,2026-10-08T14:55:04.873031+00:00
95,13001285900711,ajoute,,2026-10-08T14:55:05.078095+00:00
95,13001285900737,ajoute,,2026-10-08T14:55:05.273453+00:00
95,13001285900752,ajoute,,2026-10-08T14:55:05.480242+00:00
95,13001285900760,ajoute,,2026-10-08T14:55:05.691873+00:00
95,13001285900778,ajoute,,2026-10-08T14:55:05.886792+00:00
95,13001285900802,ajoute,,2026-10-08T14:55:06.133863+00:00
95,13001285900828,ajoute,,2026-10-08T14:55:06.302548+00:00
95,13001285900877,ajoute,,2026-10-08T14:55:06.520562+00:00
95,13001285900885,ajoute,,2026-10-08T14:55:06.698480+00:00
95,13001285900893,ajoute,,2026-10-08T14:55:06.905323+00:00
95,13001285900901,ajoute,,2026-10-08T14:55:07.108878+00:00
95,13001285900927,ajoute,,2026-10-08T14:55:07.305604+00:00
95,13001285900935,ajoute,,2026-10-08T14:55:07.512260+00:00
95,13001285900943,ajoute,,2026-10-08T14:55:07.715304+00:00
95,13001285900950,ajoute,,2026-10-08T14:55:07.919945+00:00
95,13001285900976,ajoute,,2026-10-08T14:55:08.134688+00:00
95,13001285900984,ajoute,,2026-10-08T14:55:08.362513+00:00
95,13001285900992,ajoute,,2026-10-08T14:55:08.585641+00:00
95,13001285901008,ajoute,,2026-10-08T14:55:08.731329+00:00
95,13001779100406,ajoute,,2026-10-08T14:55:08.966205+00:00
95,30431845400945,ajoute,,2026-10-08T14:55:22.337287+00:00
95,30438137900763,ajoute,,2026-10-08T14:55:22.737117+00:00
95,30536216203726,ajoute,,2026-10-08T14:55:24.369469+00:00
95,30536216203932,ajoute,,2026-10-08T14:55:24.659888+00:00
95,31130565001300,ajoute,,2026-10-08T14:55:26.504753+00:00
95,31778006200111,ajoute,,2026-10-08T14:55:29.067272+00:00
95,31890644300342,ajoute,,2026-10-08T14:55:31.520943+00:00
95,31890644300441,ajoute,,2026-10-08T14:55:31.725873+00:00
95,33415947207669,ajoute,,2026-10-08T14:55:39.443788+00:00
95,33415947207677,ajoute,,2026-10-08T14:55:39.717461+00:00
95,34106769201976,ajoute,,2026-10-08T14:55:51.294955+00:00
95,34106769202172,ajoute,,2026-10-08T14:55:51.490465+00:00
95,34408028800139,ajoute,,2026-10-08T14:55:59.919828+00:00
95,34410327000304,ajoute,,2026-10-08T14:56:00.122676+00:00
95,34410327000486,ajoute,,2026-10-08T14:56:00.332998+00:00
95,34410327001013,ajoute,,2026-10-08T14:56:00.516315+00:00
95,34467163100069,non_ajoute,ferme_ou_autre_departement,2026-10-08T14:56:01.451759+00:00
95,34738457000540,ajoute,,2026-10-08T14:56:01.949581+00:00
95,34738457000904,ajoute,,2026-10-08T14:56:02.143360+00:00
95,34792671902031,ajoute,,2026-10-08T14:56:03.181808+00:00
95,34792671902809,ajoute,,2026-10-08T14:56:03.355564+00:00
95,34792671902817,ajoute,,2026-10-08T14:56:03.604284+00:00
95,34792671902874,ajoute,,2026-10-08T14:56:03.815713+00:00
95,34997493101619,ajoute,,2026-10-08T14:56:04.989245+00:00
95,35144208200183,ajoute,,2026-10-08T14:56:06.212814+00:00
95,35144208200191,ajoute,,2026-10-08T14:56:06.406867+00:00
95,35144208200274,ajoute,,2026-10-08T14:56:06.647361+00:00
95,35221687301607,ajoute,,2026-10-08T14:56:08.492036+00:00
95,37804750001853,ajoute,,2026-10-08T14:56:30.578922+00:00
95,37958790001560,ajoute,,2026-10-08T14:56:34.093602+00:00
95,37958790001719,ajoute,,2026-10-08T14:56:34.293874+00:00
95,38012986611649,ajoute,,2026-10-08T14:56:36.421760+00:00
95,38012986611656,ajoute,,2026-10-08T14:56:36.647356+00:00
95,38012986611672,ajoute,,2026-10-08T14:56:36.852733+00:00
95,38012986611680,ajoute,,2026-10-08T14:56:37.078088+00:00
95,38058948100056,non_ajoute,ferme_ou_autre_departement,2026-10-08T14:56:40.746589+00:00
95,38062233200704,ajoute,,2026-10-08T14:56:40.950100+00:00
95,38240186700660,ajoute,,2026-10-08T14:56:43.304870+00:00
95,38290094204784,ajoute,,2026-10-08T14:56:43.401324+00:00
95,38290094204800,ajoute,,2026-10-08T14:56:46.164763+00:00
95,38290094204818,ajoute,,2026-10-08T14:56:46.247291+00:00
95,38290094204834,ajoute,,2026-10-08T14:56:46.271752+00:00
95,38290094204842,ajoute,,2026-10-08T14:56:46.225445+00:00
95,38290094204859,ajoute,,2026-10-08T14:56:46.248388+00:00
95,38290094204891,ajoute,,2026-10-08T14:56:46.439388+00:00
95,38290094204909,ajoute,,2026-10-08T14:56:46.655212+00:00
95,38290094204917,ajoute,,2026-10-08T14:56:46.835250+00:00
95,38290094204933,ajoute,,2026-10-08T14:56:47.160220+00:00
95,38290094204941,ajoute,,2026-10-08T14:56:47.264993+00:00
95,38290094204958,ajoute,,2026-10-08T14:56:47.454460+00:00
95,38290094204966,ajoute,,2026-10-08T14:56:47.655823+00:00
95,38290094204982,ajoute,,2026-10-08T14:56:47.890802+00:00
95,38290094204990,ajoute,,2026-10-08T14:56:48.067401+00:00
95,38370639700247,ajoute,,2026-10-08T14:56:52.828963+00:00
95,38943521501848,ajoute,,2026-10-08T14:56:55.797188+00:00
95,39063995300038,non_ajoute,ferme_ou_autre_departement,2026-10-08T14:56:58.257164+00:00
95,39371228601688,ajoute,,2026-10-08T14:57:00.918318+00:00
95,39811044500168,ajoute,,2026-10-08T14:57:04.896109+00:00
95,39931561300246,ajoute,,2026-10-08T14:57:06.756540+00:00
95,40125156601681,ajoute,,2026-10-08T14:57:08.191259+00:00
95,40125156601699,ajoute,,2026-10-08T14:57:08.397956+00:00
95,41040901500295,ajoute,,2026-10-08T14:57:12.901412+00:00
95,41485421602560,ajoute,,2026-10-08T14:57:22.642081+00:00
95,41809639200059,ajoute,,2026-10-08T14:57:24.062435+00:00
95,41809639200224,ajoute,,2026-10-08T14:57:24.266953+00:00
95,42203690500095,ajoute,,2026-10-08T14:57:27.687325+00:00
95,42203690500681,ajoute,,2026-10-08T14:57:27.851834+00:00
95,42826802324358,ajoute,,2026-10-08T14:57:32.763237+00:00
95,42855996702368,ajoute,,2026-10-08T14:57:33.894113+00:00
95,43198246101845,ajoute,,2026-10-08T14:57:34.819746+00:00
95,43198246101852,ajoute,,2026-10-08T14:57:35.122001+00:00
95,43198246101860,ajoute,,2026-10-08T14:57:35.224375+00:00
95,44028375201810,ajoute,,2026-10-08T14:57:42.599326+00:00
95,44028375201828,ajoute,,2026-10-08T14:57:42.912212+00:00
95,44028375201836,ajoute,,2026-10-08T14:57:42.910552+00:00
95,44028375201844,ajoute,,2026-10-08T14:57:43.113384+00:00
95,44391877602434,ajoute,,2026-10-08T14:57:44.338146+00:00
95,44391877602616,ajoute,,2026-10-08T14:57:44.543954+00:00
95,45132133501088,ajoute,,2026-10-08T14:57:51.614542+00:00
95,45132133501542,ajoute,,2026-10-08T14:57:51.794078+00:00
95,45132133501559,ajoute,,2026-10-08T14:57:52.017820+00:00
95,45132133501583,ajoute,,2026-10-08T14:57:52.265891+00:00
95,45132990800052,ajoute,,2026-10-08T14:57:52.414633+00:00
95,45132990800086,ajoute,,2026-10-08T14:57:52.672497+00:00
95,45132990800102,ajoute,,2026-10-08T14:57:52.836592+00:00
95,45148901700959,ajoute,,2026-10-08T14:57:53.653409+00:00
95,45550209602987,ajoute,,2026-10-08T14:57:55.295515+00:00
95,47835575301738,ajoute,,2026-10-08T14:58:00.019589+00:00
95,47918275000816,ajoute,,2026-10-08T14:58:01.030536+00:00
95,48807023600036,non_ajoute,naf_unite_hors_liste,2026-10-08T14:58:06.253730+00:00
95,49007233700895,ajoute,,2026-10-08T14:58:07.020458+00:00
95,49278795701288,ajoute,,2026-10-08T14:58:09.135151+00:00
95,49278795701296,ajoute,,2026-10-08T14:58:09.262286+00:00
95,49278795701361,ajoute,,2026-10-08T14:58:09.542933+00:00
95,49278795701379,ajoute,,2026-10-08T14:58:09.670401+00:00
95,50056940501134,ajoute,,2026-10-08T14:58:12.506850+00:00
95,50056940501159,ajoute,,2026-10-08T14:58:12.799193+00:00
95,50056940501167,ajoute,,2026-10-08T14:58:13.010874+00:00
95,50369866406646,ajoute,,2026-10-08T14:58:14.245677+00:00
95,50369866406760,ajoute,,2026-10-08T14:58:14.438014+00:00
95,50369866406802,ajoute,,2026-10-08T14:58:14.581301+00:00
95,52388562200341,ajoute,,2026-10-08T14:58:18.430554+00:00
95,53411410300037,non_ajoute,ferme_ou_autre_departement,2026-10-08T14:58:21.305403+00:00
95,54207358004022,ajoute,,2026-10-08T14:58:30.046447+00:00
95,54209533607240,ajoute,,2026-10-08T14:58:30.419061+00:00
95,54209533607265,ajoute,,2026-10-08T14:58:30.664127+00:00
95,54209533607273,ajoute,,2026-10-08T14:58:30.826425+00:00
95,54210780000030,ajoute,,2026-10-08T14:58:35.744536+00:00
95,54210780001608,ajoute,,2026-10-08T14:58:36.154098+00:00
95,55208329700531,ajoute,,2026-10-08T14:58:48.053443+00:00
95,55208329700549,ajoute,,2026-10-08T14:58:48.258246+00:00
95,55208329700556,ajoute,,2026-10-08T14:58:48.464974+00:00
95,55208329700572,ajoute,,2026-10-08T14:58:48.748908+00:00
95,55208853600958,ajoute,,2026-10-08T14:58:48.954149+00:00
95,55212022222538,ajoute,,2026-10-08T14:58:54.606215+00:00
95,55212022222900,ajoute,,2026-10-08T14:58:54.893376+00:00
95,59203393004304,ajoute,,2026-10-08T14:59:12.301677+00:00
95,59203393004320,ajoute,,2026-10-08T14:59:12.506714+00:00
95,59203393004353,ajoute,,2026-10-08T14:59:12.708977+00:00
95,59203393004528,ajoute,,2026-10-08T14:59:12.915734+00:00
95,59203393004569,ajoute,,2026-10-08T14:59:13.222371+00:00
95,66204244900022,ajoute,,2026-10-08T14:59:38.824617+00:00
95,66204244900030,ajoute,,2026-10-08T14:59:39.107697+00:00
95,66204244900048,ajoute,,2026-10-08T14:59:39.223073+00:00
95,66204244900055,ajoute,,2026-10-08T14:59:39.426040+00:00
95,72820653300958,ajoute,,2026-10-08T14:59:55.104389+00:00
95,77566343802474,ajoute,,2026-10-08T14:59:56.334567+00:00
95,77566561501410,ajoute,,2026-10-08T14:59:58.075480+00:00
95,77566561502111,ajoute,,2026-10-08T14:59:58.169743+00:00
95,77566561502160,ajoute,,2026-10-08T14:59:58.379391+00:00
95,77566736300029,ajoute,,2026-10-08T15:00:01.244971+00:00
95,77567223101250,ajoute,,2026-10-08T15:00:01.454852+00:00
95,77567227231053,ajoute,,2026-10-08T15:00:08.928448+00:00
95,77567227231061,ajoute,,2026-10-08T15:00:09.134592+00:00
95,77567227231095,ajoute,,2026-10-08T15:00:09.338170+00:00
95,77567227231608,ajoute,,2026-10-08T15:00:09.545728+00:00
95,77568873206449,ajoute,,2026-10-08T15:00:20.500648+00:00
95,77568873206696,ajoute,,2026-10-08T15:00:20.703293+00:00
95,77568907801280,ajoute,,2026-10-08T15:00:22.037332+00:00
95,77570147701528,ajoute,,2026-10-08T15:00:22.552224+00:00
95,78145251103685,ajoute,,2026-10-08T15:00:24.575657+00:00
95,78145251104246,ajoute,,2026-10-08T15:00:24.737357+00:00
95,78493968802557,ajoute,,2026-10-08T15:00:26.646713+00:00
95,78953130800086,ajoute,,2026-10-08T15:00:31.662264+00:00
95,78953130800482,ajoute,,2026-10-08T15:00:31.866047+00:00
95,78979146401122,ajoute,,2026-10-08T15:00:32.063830+00:00
95,79823301100963,ajoute,,2026-10-08T15:00:33.889601+00:00
95,80454467402204,ajoute,,2026-10-08T15:00:39.034905+00:00
95,81793986100016,non_ajoute,non_diffusible,2026-10-08T15:00:41.770527+00:00
95,82198591800027,non_ajoute,ferme_ou_autre_departement,2026-10-08T15:00:42.180412+00:00
95,82958617100029,non_ajoute,ferme_ou_autre_departement,2026-10-08T15:00:43.671219+00:00
95,83272090800017,non_ajoute,ferme_ou_autre_departement,2026-10-08T15:00:44.665792+00:00
95,88280858701330,ajoute,,2026-10-08T15:00:56.027055+00:00
95,88280858701348,ajoute,,2026-10-08T15:00:56.237308+00:00
95,88280858701355,ajoute,,2026-10-08T15:00:56.485251+00:00
95,89993835100033,non_ajoute,unite_non_active,2026-10-08T15:01:00.537454+00:00
95,91025919100013,non_ajoute,ferme_ou_autre_departement,2026-10-08T15:01:04.226025+00:00
95,91905337100010,non_ajoute,ferme_ou_autre_departement,2026-10-08T15:01:06.410700+00:00
95,94816575800012,non_ajoute,ferme_ou_autre_departement,2026-10-08T15:01:07.429773+00:00
95,95212454300036,non_ajoute,ferme_ou_autre_departement,2026-10-08T15:01:08.866188+00:00
95,99882350404847,ajoute,,2026-10-08T15:01:22.682009+00:00
