departement,siret,statut,motif,controle_le,nom
94,05480095800313,admissible_et_classe,,2026-10-08T12:30:48.013508+00:00,RICHARDSON
93,05480095853791,admissible_et_classe,,2026-10-08T12:23:52.116675+00:00,RICHARDSON
93,05480095854013,admissible_et_classe,,2026-10-08T12:23:52.218797+00:00,RICHARDSON
94,05781872600044,rejete_au_controle_actuel,sans_position,2026-10-08T12:30:48.217978+00:00,
93,06080138802133,admissible_et_classe,,2026-10-08T12:23:52.402803+00:00,ENTREPRISE H. REINIER
94,06080138802208,admissible_et_classe,,2026-10-08T12:30:48.424722+00:00,ENTREPRISE H. REINIER
93,06080138802224,admissible_et_classe,,2026-10-08T12:23:52.812524+00:00,ENTREPRISE H. REINIER
94,06780042503541,admissible_et_classe,,2026-10-08T10:37:39.389170+00:00,ONET SERVICES
93,06780042504614,admissible_et_classe,,2026-10-08T12:23:52.817519+00:00,ONET SERVICES
94,06780042505462,admissible_et_classe,,2026-10-08T12:30:48.632674+00:00,ONET SERVICES
93,06880305500224,admissible_et_classe,,2026-10-08T10:36:47.258807+00:00,DAHER LOGISTICS
93,06880305500935,rejete_au_controle_actuel,ferme_ou_autre_departement,2026-10-08T10:36:47.466027+00:00,
93,06880305501610,rejete_au_controle_actuel,sans_position,2026-10-08T12:23:53.105475+00:00,
94,12002001100488,admissible_et_classe,,2026-10-08T12:30:48.830156+00:00,DIRECTION DES RESSOURCES HUMAINES DES MINISTERES ECONOMIQUES ET FINANCIERS (SG/DRH)
77,12002001100496,admissible_et_classe,,2026-10-08T12:14:55.435785+00:00,DIRECTION DES RESSOURCES HUMAINES DES MINISTERES ECONOMIQUES ET FINANCIERS (SG/DRH)
94,12002001100785,admissible_et_classe,,2026-10-08T12:30:49.033067+00:00,DIRECTION DES RESSOURCES HUMAINES DES MINISTERES ECONOMIQUES ET FINANCIERS (SG/DRH)
93,12002001103102,rejete_au_controle_actuel,sans_position,2026-10-08T12:23:53.227676+00:00,
77,12006402700630,rejete_au_controle_actuel,sans_position,2026-10-08T12:14:55.433477+00:00,
77,12006402700671,rejete_au_controle_actuel,sans_position,2026-10-08T12:14:55.632313+00:00,
77,13000457500085,rejete_au_controle_actuel,sans_position,2026-10-08T12:14:55.783347+00:00,
77,13000548100762,admissible_et_classe,,2026-10-08T12:14:55.993397+00:00,FRANCE TRAVAIL
77,13000548100770,admissible_et_classe,,2026-10-08T12:14:56.419595+00:00,FRANCE TRAVAIL
77,13000548100838,admissible_et_classe,,2026-10-08T12:14:56.188389+00:00,FRANCE TRAVAIL
93,13000548102248,admissible_et_classe,,2026-10-08T12:23:53.421573+00:00,FRANCE TRAVAIL
94,13000548102289,admissible_et_classe,,2026-10-08T12:30:49.246371+00:00,FRANCE TRAVAIL
94,13000548102685,admissible_et_classe,,2026-10-08T12:30:49.454344+00:00,FRANCE TRAVAIL
94,13000548102701,admissible_et_classe,,2026-10-08T12:30:49.645815+00:00,FRANCE TRAVAIL
93,13000548102735,admissible_et_classe,,2026-10-08T12:23:53.680061+00:00,FRANCE TRAVAIL
93,13000548102768,admissible_et_classe,,2026-10-08T12:23:53.829830+00:00,FRANCE TRAVAIL
93,13000548103097,admissible_et_classe,,2026-10-08T12:23:54.041956+00:00,FRANCE TRAVAIL
93,13000548103147,admissible_et_classe,,2026-10-08T12:23:54.254955+00:00,FRANCE TRAVAIL
93,13000548103204,admissible_et_classe,,2026-10-08T12:23:54.457684+00:00,FRANCE TRAVAIL
77,13000548104830,admissible_et_classe,,2026-10-08T12:14:56.614128+00:00,FRANCE TRAVAIL
77,13000548105274,admissible_et_classe,,2026-10-08T12:14:56.824761+00:00,FRANCE TRAVAIL
94,13000548107601,admissible_et_classe,,2026-10-08T12:30:49.843812+00:00,FRANCE TRAVAIL
94,13000548107643,admissible_et_classe,,2026-10-08T12:30:50.053985+00:00,FRANCE TRAVAIL
94,13000548107650,admissible_et_classe,,2026-10-08T12:30:50.258351+00:00,FRANCE TRAVAIL
93,13000548107668,admissible_et_classe,,2026-10-08T12:23:54.797326+00:00,FRANCE TRAVAIL
93,13000548107676,admissible_et_classe,,2026-10-08T12:23:55.040858+00:00,FRANCE TRAVAIL
77,13000548107916,admissible_et_classe,,2026-10-08T12:14:57.021177+00:00,FRANCE TRAVAIL
93,13000548108179,admissible_et_classe,,2026-10-08T12:23:55.065617+00:00,FRANCE TRAVAIL
93,13000548108195,admissible_et_classe,,2026-10-08T12:23:55.319285+00:00,FRANCE TRAVAIL
93,13000548108211,admissible_et_classe,,2026-10-08T12:23:55.567238+00:00,FRANCE TRAVAIL
93,13000548112759,admissible_et_classe,,2026-10-08T12:23:55.690079+00:00,FRANCE TRAVAIL
77,13000548115398,admissible_et_classe,,2026-10-08T12:14:57.228736+00:00,FRANCE TRAVAIL
94,13000548116586,admissible_et_classe,,2026-10-08T12:30:50.454341+00:00,FRANCE TRAVAIL
94,13000548116826,admissible_et_classe,,2026-10-08T12:30:50.662405+00:00,FRANCE TRAVAIL
77,13000548116859,admissible_et_classe,,2026-10-08T12:14:57.435194+00:00,FRANCE TRAVAIL
77,13000548117972,admissible_et_classe,,2026-10-08T12:14:57.635582+00:00,FRANCE TRAVAIL
93,13000548118277,admissible_et_classe,,2026-10-08T12:23:56.069998+00:00,FRANCE TRAVAIL
77,13000548118590,admissible_et_classe,,2026-10-08T12:14:57.886903+00:00,FRANCE TRAVAIL
93,13000548119309,admissible_et_classe,,2026-10-08T12:23:56.098681+00:00,FRANCE TRAVAIL
93,13000548119408,admissible_et_classe,,2026-10-08T12:23:56.365583+00:00,FRANCE TRAVAIL
94,13000548119630,admissible_et_classe,,2026-10-08T12:30:50.863397+00:00,FRANCE TRAVAIL
77,13000548120299,admissible_et_classe,,2026-10-08T12:14:58.048556+00:00,FRANCE TRAVAIL
94,13000548120539,admissible_et_classe,,2026-10-08T12:30:51.066686+00:00,FRANCE TRAVAIL
77,13000548120620,admissible_et_classe,,2026-10-08T12:14:58.243989+00:00,FRANCE TRAVAIL
94,13000548120760,admissible_et_classe,,2026-10-08T12:30:51.283244+00:00,FRANCE TRAVAIL
94,13000548120836,admissible_et_classe,,2026-10-08T12:30:51.497923+00:00,FRANCE TRAVAIL
93,13000548121057,admissible_et_classe,,2026-10-08T12:23:56.553300+00:00,FRANCE TRAVAIL
94,13000548122139,admissible_et_classe,,2026-10-08T12:30:51.689693+00:00,FRANCE TRAVAIL
93,13000548122246,admissible_et_classe,,2026-10-08T12:23:56.732633+00:00,FRANCE TRAVAIL
77,13000548122287,admissible_et_classe,,2026-10-08T12:14:58.457305+00:00,FRANCE TRAVAIL
93,13000548122451,admissible_et_classe,,2026-10-08T12:23:56.913196+00:00,FRANCE TRAVAIL
93,13000548122485,admissible_et_classe,,2026-10-08T12:23:57.129773+00:00,FRANCE TRAVAIL
77,13000548122857,admissible_et_classe,,2026-10-08T12:14:58.652986+00:00,FRANCE TRAVAIL
93,13000548123384,admissible_et_classe,,2026-10-08T12:23:57.340094+00:00,FRANCE TRAVAIL
94,13000548123764,admissible_et_classe,,2026-10-08T12:30:51.899362+00:00,FRANCE TRAVAIL
93,13000548124051,admissible_et_classe,,2026-10-08T12:23:57.622086+00:00,FRANCE TRAVAIL
93,13000548124119,admissible_et_classe,,2026-10-08T12:23:57.745193+00:00,FRANCE TRAVAIL
77,13000548124341,admissible_et_classe,,2026-10-08T12:14:58.855372+00:00,FRANCE TRAVAIL
93,13000548125041,admissible_et_classe,,2026-10-08T12:23:57.964995+00:00,FRANCE TRAVAIL
94,13000548125140,admissible_et_classe,,2026-10-08T12:30:52.082404+00:00,FRANCE TRAVAIL
93,13000548125165,admissible_et_classe,,2026-10-08T12:23:58.170866+00:00,FRANCE TRAVAIL
77,13000548125264,admissible_et_classe,,2026-10-08T12:14:59.063847+00:00,FRANCE TRAVAIL
94,13000548125355,admissible_et_classe,,2026-10-08T12:30:52.286554+00:00,FRANCE TRAVAIL
93,13000548125751,admissible_et_classe,,2026-10-08T12:23:58.403869+00:00,FRANCE TRAVAIL
77,13000548125801,admissible_et_classe,,2026-10-08T12:14:59.262822+00:00,FRANCE TRAVAIL
94,13000548126478,admissible_et_classe,,2026-10-08T12:30:52.705638+00:00,FRANCE TRAVAIL
94,13000548126486,admissible_et_classe,,2026-10-08T12:30:52.694722+00:00,FRANCE TRAVAIL
93,13000548126684,admissible_et_classe,,2026-10-08T12:23:58.567145+00:00,FRANCE TRAVAIL
93,13000548126692,admissible_et_classe,,2026-10-08T12:23:58.768566+00:00,FRANCE TRAVAIL
93,13000548126957,admissible_et_classe,,2026-10-08T12:23:59.060207+00:00,FRANCE TRAVAIL
93,13000548126981,admissible_et_classe,,2026-10-08T12:23:59.251861+00:00,FRANCE TRAVAIL
94,13000548127013,admissible_et_classe,,2026-10-08T12:30:52.886640+00:00,FRANCE TRAVAIL
77,13000548127021,admissible_et_classe,,2026-10-08T12:14:59.458092+00:00,FRANCE TRAVAIL
93,13000548127096,admissible_et_classe,,2026-10-08T12:23:59.394958+00:00,FRANCE TRAVAIL
94,13000548127104,admissible_et_classe,,2026-10-08T12:30:53.096748+00:00,FRANCE TRAVAIL
77,13000548127153,admissible_et_classe,,2026-10-08T12:14:59.659477+00:00,FRANCE TRAVAIL
94,13000846900012,admissible_et_classe,,2026-10-08T12:30:53.305658+00:00,DIRECTION DEPARTEMENTALE FINANCES PUBLIQUES VAL DE MARNE (DDFIP)
94,13000846900087,admissible_et_classe,,2026-10-08T12:30:53.526938+00:00,DIRECTION DEPARTEMENTALE FINANCES PUBLIQUES VAL DE MARNE (DDFIP)
94,13000846900095,admissible_et_classe,,2026-10-08T12:30:53.709378+00:00,DIRECTION DEPARTEMENTALE FINANCES PUBLIQUES VAL DE MARNE (DDFIP)
94,13000846900103,admissible_et_classe,,2026-10-08T12:30:53.924825+00:00,DIRECTION DEPARTEMENTALE FINANCES PUBLIQUES VAL DE MARNE (DDFIP)
94,13000846900111,admissible_et_classe,,2026-10-08T12:30:54.136244+00:00,DIRECTION DEPARTEMENTALE FINANCES PUBLIQUES VAL DE MARNE (DDFIP)
94,13000846900137,admissible_et_classe,,2026-10-08T12:30:54.329227+00:00,DIRECTION DEPARTEMENTALE FINANCES PUBLIQUES VAL DE MARNE (DDFIP)
94,13000846900236,admissible_et_classe,,2026-10-08T12:30:54.520828+00:00,DIRECTION DEPARTEMENTALE FINANCES PUBLIQUES VAL DE MARNE (DDFIP)
94,13000846900319,admissible_et_classe,,2026-10-08T12:30:54.731849+00:00,DIRECTION DEPARTEMENTALE FINANCES PUBLIQUES VAL DE MARNE (DDFIP)
94,13000846900384,admissible_et_classe,,2026-10-08T12:30:54.932344+00:00,DIRECTION DEPARTEMENTALE FINANCES PUBLIQUES VAL DE MARNE (DDFIP)
94,13000846900426,admissible_et_classe,,2026-10-08T12:30:55.134435+00:00,DIRECTION DEPARTEMENTALE FINANCES PUBLIQUES VAL DE MARNE (DDFIP)
94,13000846900491,admissible_et_classe,,2026-10-08T12:30:55.347872+00:00,DIRECTION DEPARTEMENTALE FINANCES PUBLIQUES VAL DE MARNE (DDFIP)
94,13000846900509,admissible_et_classe,,2026-10-08T12:30:55.586593+00:00,DIRECTION DEPARTEMENTALE FINANCES PUBLIQUES VAL DE MARNE (DDFIP)
94,13000846900533,admissible_et_classe,,2026-10-08T12:30:55.743413+00:00,DIRECTION DEPARTEMENTALE FINANCES PUBLIQUES VAL DE MARNE (DDFIP)
94,13000846900616,admissible_et_classe,,2026-10-08T12:30:55.942381+00:00,DIRECTION DEPARTEMENTALE FINANCES PUBLIQUES VAL DE MARNE (DDFIP)
94,13000846900624,admissible_et_classe,,2026-10-08T12:30:56.169791+00:00,DIRECTION DEPARTEMENTALE FINANCES PUBLIQUES VAL DE MARNE (DDFIP)
94,13000846900632,admissible_et_classe,,2026-10-08T12:30:56.348378+00:00,DIRECTION DEPARTEMENTALE FINANCES PUBLIQUES VAL DE MARNE (DDFIP)
94,13000846900640,admissible_et_classe,,2026-10-08T12:30:56.555607+00:00,DIRECTION DEPARTEMENTALE FINANCES PUBLIQUES VAL DE MARNE (DDFIP)
94,13000846900665,admissible_et_classe,,2026-10-08T12:30:56.770070+00:00,DIRECTION DEPARTEMENTALE FINANCES PUBLIQUES VAL DE MARNE (DDFIP)
94,13000846900681,admissible_et_classe,,2026-10-08T12:30:57.086501+00:00,DIRECTION DEPARTEMENTALE FINANCES PUBLIQUES VAL DE MARNE (DDFIP)
94,13000846900707,admissible_et_classe,,2026-10-08T12:30:57.172125+00:00,DIRECTION DEPARTEMENTALE FINANCES PUBLIQUES VAL DE MARNE (DDFIP)
94,13000846900715,admissible_et_classe,,2026-10-08T12:30:57.367823+00:00,DIRECTION DEPARTEMENTALE FINANCES PUBLIQUES VAL DE MARNE (DDFIP)
94,13000846900731,admissible_et_classe,,2026-10-08T12:30:57.575998+00:00,DIRECTION DEPARTEMENTALE FINANCES PUBLIQUES VAL DE MARNE (DDFIP)
94,13000846900749,admissible_et_classe,,2026-10-08T12:30:57.769614+00:00,DIRECTION DEPARTEMENTALE FINANCES PUBLIQUES VAL DE MARNE (DDFIP)
94,13000846900756,admissible_et_classe,,2026-10-08T12:30:58.035859+00:00,DIRECTION DEPARTEMENTALE FINANCES PUBLIQUES VAL DE MARNE (DDFIP)
94,13000846900764,admissible_et_classe,,2026-10-08T12:30:58.181797+00:00,DIRECTION DEPARTEMENTALE FINANCES PUBLIQUES VAL DE MARNE (DDFIP)
94,13000846900772,admissible_et_classe,,2026-10-08T12:30:58.463198+00:00,DIRECTION DEPARTEMENTALE FINANCES PUBLIQUES VAL DE MARNE (DDFIP)
94,13000846900798,admissible_et_classe,,2026-10-08T12:30:58.596356+00:00,DIRECTION DEPARTEMENTALE FINANCES PUBLIQUES VAL DE MARNE (DDFIP)
94,13000846900806,admissible_et_classe,,2026-10-08T12:30:58.799253+00:00,DIRECTION DEPARTEMENTALE FINANCES PUBLIQUES VAL DE MARNE (DDFIP)
94,13000846900814,admissible_et_classe,,2026-10-08T12:30:58.995349+00:00,DIRECTION DEPARTEMENTALE FINANCES PUBLIQUES VAL DE MARNE (DDFIP)
94,13000846900822,admissible_et_classe,,2026-10-08T12:30:59.198084+00:00,DIRECTION DEPARTEMENTALE FINANCES PUBLIQUES VAL DE MARNE (DDFIP)
94,13000846900830,admissible_et_classe,,2026-10-08T12:30:59.401993+00:00,DIRECTION DEPARTEMENTALE FINANCES PUBLIQUES VAL DE MARNE (DDFIP)
94,13000846900848,admissible_et_classe,,2026-10-08T12:30:59.644228+00:00,DIRECTION DEPARTEMENTALE FINANCES PUBLIQUES VAL DE MARNE (DDFIP)
94,13000846900855,admissible_et_classe,,2026-10-08T12:30:59.798426+00:00,DIRECTION DEPARTEMENTALE FINANCES PUBLIQUES VAL DE MARNE (DDFIP)
94,13000846900863,admissible_et_classe,,2026-10-08T12:31:00.005510+00:00,DIRECTION DEPARTEMENTALE FINANCES PUBLIQUES VAL DE MARNE (DDFIP)
94,13000846900921,admissible_et_classe,,2026-10-08T12:31:00.208795+00:00,DIRECTION DEPARTEMENTALE FINANCES PUBLIQUES VAL DE MARNE (DDFIP)
94,13000846900962,admissible_et_classe,,2026-10-08T12:31:00.414275+00:00,DIRECTION DEPARTEMENTALE FINANCES PUBLIQUES VAL DE MARNE (DDFIP)
94,13000846901002,admissible_et_classe,,2026-10-08T12:31:00.658972+00:00,DIRECTION DEPARTEMENTALE FINANCES PUBLIQUES VAL DE MARNE (DDFIP)
93,13001107500046,admissible_et_classe,,2026-10-08T12:23:59.609919+00:00,DIRECTION DEPARTEMENTALE FINANCES PUBLIQUES SEINE ST DENIS (DDFIP)
93,13001107500129,admissible_et_classe,,2026-10-08T12:23:59.802942+00:00,DIRECTION DEPARTEMENTALE FINANCES PUBLIQUES SEINE ST DENIS (DDFIP)
93,13001107500137,admissible_et_classe,,2026-10-08T12:24:00.013447+00:00,DIRECTION DEPARTEMENTALE FINANCES PUBLIQUES SEINE ST DENIS (DDFIP)
93,13001107500145,admissible_et_classe,,2026-10-08T12:24:00.208349+00:00,DIRECTION DEPARTEMENTALE FINANCES PUBLIQUES SEINE ST DENIS (DDFIP)
93,13001107500152,admissible_et_classe,,2026-10-08T12:24:00.425500+00:00,DIRECTION DEPARTEMENTALE FINANCES PUBLIQUES SEINE ST DENIS (DDFIP)
93,13001107500251,admissible_et_classe,,2026-10-08T12:24:00.624007+00:00,DIRECTION DEPARTEMENTALE FINANCES PUBLIQUES SEINE ST DENIS (DDFIP)
93,13001107500277,admissible_et_classe,,2026-10-08T12:24:00.877663+00:00,DIRECTION DEPARTEMENTALE FINANCES PUBLIQUES SEINE ST DENIS (DDFIP)
93,13001107500319,admissible_et_classe,,2026-10-08T12:24:01.029146+00:00,DIRECTION DEPARTEMENTALE FINANCES PUBLIQUES SEINE ST DENIS (DDFIP)
93,13001107500327,admissible_et_classe,,2026-10-08T12:24:01.244205+00:00,DIRECTION DEPARTEMENTALE FINANCES PUBLIQUES SEINE ST DENIS (DDFIP)
93,13001107500350,admissible_et_classe,,2026-10-08T12:24:01.450409+00:00,DIRECTION DEPARTEMENTALE FINANCES PUBLIQUES SEINE ST DENIS (DDFIP)
93,13001107500376,admissible_et_classe,,2026-10-08T12:24:01.660102+00:00,DIRECTION DEPARTEMENTALE FINANCES PUBLIQUES SEINE ST DENIS (DDFIP)
93,13001107500392,admissible_et_classe,,2026-10-08T12:24:01.862793+00:00,DIRECTION DEPARTEMENTALE FINANCES PUBLIQUES SEINE ST DENIS (DDFIP)
93,13001107500418,admissible_et_classe,,2026-10-08T12:24:02.485970+00:00,DIRECTION DEPARTEMENTALE FINANCES PUBLIQUES SEINE ST DENIS (DDFIP)
93,13001107500467,admissible_et_classe,,2026-10-08T12:24:02.278826+00:00,DIRECTION DEPARTEMENTALE FINANCES PUBLIQUES SEINE ST DENIS (DDFIP)
93,13001107500483,admissible_et_classe,,2026-10-08T12:24:02.543632+00:00,DIRECTION DEPARTEMENTALE FINANCES PUBLIQUES SEINE ST DENIS (DDFIP)
93,13001107500491,admissible_et_classe,,2026-10-08T12:24:02.699125+00:00,DIRECTION DEPARTEMENTALE FINANCES PUBLIQUES SEINE ST DENIS (DDFIP)
93,13001107500657,admissible_et_classe,,2026-10-08T12:24:02.893203+00:00,DIRECTION DEPARTEMENTALE FINANCES PUBLIQUES SEINE ST DENIS (DDFIP)
93,13001107500699,admissible_et_classe,,2026-10-08T12:24:03.100910+00:00,DIRECTION DEPARTEMENTALE FINANCES PUBLIQUES SEINE ST DENIS (DDFIP)
93,13001107500715,admissible_et_classe,,2026-10-08T12:24:03.443313+00:00,DIRECTION DEPARTEMENTALE FINANCES PUBLIQUES SEINE ST DENIS (DDFIP)
93,13001107500764,admissible_et_classe,,2026-10-08T12:24:03.576500+00:00,DIRECTION DEPARTEMENTALE FINANCES PUBLIQUES SEINE ST DENIS (DDFIP)
93,13001107500780,admissible_et_classe,,2026-10-08T12:24:03.709948+00:00,DIRECTION DEPARTEMENTALE FINANCES PUBLIQUES SEINE ST DENIS (DDFIP)
93,13001107500814,admissible_et_classe,,2026-10-08T12:24:03.914486+00:00,DIRECTION DEPARTEMENTALE FINANCES PUBLIQUES SEINE ST DENIS (DDFIP)
93,13001107500822,admissible_et_classe,,2026-10-08T12:24:04.134629+00:00,DIRECTION DEPARTEMENTALE FINANCES PUBLIQUES SEINE ST DENIS (DDFIP)
93,13001107500830,admissible_et_classe,,2026-10-08T12:24:04.336663+00:00,DIRECTION DEPARTEMENTALE FINANCES PUBLIQUES SEINE ST DENIS (DDFIP)
93,13001107500855,admissible_et_classe,,2026-10-08T12:24:04.541333+00:00,DIRECTION DEPARTEMENTALE FINANCES PUBLIQUES SEINE ST DENIS (DDFIP)
93,13001107500889,admissible_et_classe,,2026-10-08T12:24:04.775051+00:00,DIRECTION DEPARTEMENTALE FINANCES PUBLIQUES SEINE ST DENIS (DDFIP)
93,13001107500897,admissible_et_classe,,2026-10-08T12:24:04.946437+00:00,DIRECTION DEPARTEMENTALE FINANCES PUBLIQUES SEINE ST DENIS (DDFIP)
93,13001107500921,admissible_et_classe,,2026-10-08T12:24:05.161028+00:00,DIRECTION DEPARTEMENTALE FINANCES PUBLIQUES SEINE ST DENIS (DDFIP)
93,13001107500939,admissible_et_classe,,2026-10-08T12:24:05.361095+00:00,DIRECTION DEPARTEMENTALE FINANCES PUBLIQUES SEINE ST DENIS (DDFIP)
93,13001107500947,admissible_et_classe,,2026-10-08T12:24:05.552762+00:00,DIRECTION DEPARTEMENTALE FINANCES PUBLIQUES SEINE ST DENIS (DDFIP)
93,13001107500970,admissible_et_classe,,2026-10-08T12:24:05.774468+00:00,DIRECTION DEPARTEMENTALE FINANCES PUBLIQUES SEINE ST DENIS (DDFIP)
93,13001107500988,admissible_et_classe,,2026-10-08T12:24:05.982692+00:00,DIRECTION DEPARTEMENTALE FINANCES PUBLIQUES SEINE ST DENIS (DDFIP)
93,13001107501002,admissible_et_classe,,2026-10-08T12:24:06.169717+00:00,DIRECTION DEPARTEMENTALE FINANCES PUBLIQUES SEINE ST DENIS (DDFIP)
77,13001283401019,admissible_et_classe,,2026-10-08T12:14:59.858960+00:00,DIRECTION DEPARTEMENTALE FINANCES PUBLIQUES SEINE ET MARNE (DDFIP)
77,13001283401027,admissible_et_classe,,2026-10-08T12:15:00.083947+00:00,DIRECTION DEPARTEMENTALE FINANCES PUBLIQUES SEINE ET MARNE (DDFIP)
77,13001283401035,admissible_et_classe,,2026-10-08T12:15:00.274403+00:00,DIRECTION DEPARTEMENTALE FINANCES PUBLIQUES SEINE ET MARNE (DDFIP)
77,13001283401050,admissible_et_classe,,2026-10-08T12:15:00.471815+00:00,DIRECTION DEPARTEMENTALE FINANCES PUBLIQUES SEINE ET MARNE (DDFIP)
77,13001283401068,admissible_et_classe,,2026-10-08T12:15:00.681737+00:00,DIRECTION DEPARTEMENTALE FINANCES PUBLIQUES SEINE ET MARNE (DDFIP)
77,13001283401076,admissible_et_classe,,2026-10-08T12:15:00.883147+00:00,DIRECTION DEPARTEMENTALE FINANCES PUBLIQUES SEINE ET MARNE (DDFIP)
77,13001283401092,admissible_et_classe,,2026-10-08T12:15:01.087859+00:00,DIRECTION DEPARTEMENTALE FINANCES PUBLIQUES SEINE ET MARNE (DDFIP)
77,13001283401100,admissible_et_classe,,2026-10-08T12:15:01.314733+00:00,DIRECTION DEPARTEMENTALE FINANCES PUBLIQUES SEINE ET MARNE (DDFIP)
77,13001283401118,admissible_et_classe,,2026-10-08T12:15:01.509136+00:00,DIRECTION DEPARTEMENTALE FINANCES PUBLIQUES SEINE ET MARNE (DDFIP)
77,13001283401126,admissible_et_classe,,2026-10-08T12:15:01.694687+00:00,DIRECTION DEPARTEMENTALE FINANCES PUBLIQUES SEINE ET MARNE (DDFIP)
77,13001283401134,admissible_et_classe,,2026-10-08T12:15:01.900155+00:00,DIRECTION DEPARTEMENTALE FINANCES PUBLIQUES SEINE ET MARNE (DDFIP)
77,13001283401159,admissible_et_classe,,2026-10-08T12:15:02.108397+00:00,DIRECTION DEPARTEMENTALE FINANCES PUBLIQUES SEINE ET MARNE (DDFIP)
77,13001283401167,admissible_et_classe,,2026-10-08T12:15:02.317411+00:00,DIRECTION DEPARTEMENTALE FINANCES PUBLIQUES SEINE ET MARNE (DDFIP)
77,13001283401175,admissible_et_classe,,2026-10-08T12:15:02.520788+00:00,DIRECTION DEPARTEMENTALE FINANCES PUBLIQUES SEINE ET MARNE (DDFIP)
77,13001283401191,admissible_et_classe,,2026-10-08T12:15:02.723069+00:00,DIRECTION DEPARTEMENTALE FINANCES PUBLIQUES SEINE ET MARNE (DDFIP)
77,13001283401209,admissible_et_classe,,2026-10-08T12:15:02.928217+00:00,DIRECTION DEPARTEMENTALE FINANCES PUBLIQUES SEINE ET MARNE (DDFIP)
77,13001283401217,admissible_et_classe,,2026-10-08T12:15:03.130212+00:00,DIRECTION DEPARTEMENTALE FINANCES PUBLIQUES SEINE ET MARNE (DDFIP)
77,13001779100489,admissible_et_classe,,2026-10-08T10:36:00.124510+00:00,VOIES NAVIGABLES DE FRANCE (VNF)
94,13001779100505,admissible_et_classe,,2026-10-08T10:37:39.590434+00:00,VOIES NAVIGABLES DE FRANCE (VNF)
77,13001779100513,admissible_et_classe,,2026-10-08T10:36:00.251683+00:00,VOIES NAVIGABLES DE FRANCE (VNF)
77,13001779100588,admissible_et_classe,,2026-10-08T10:36:00.346988+00:00,VOIES NAVIGABLES DE FRANCE (VNF)
77,13001779102311,admissible_et_classe,,2026-10-08T12:15:03.340072+00:00,VOIES NAVIGABLES DE FRANCE (VNF)
77,13001779102329,admissible_et_classe,,2026-10-08T12:15:03.531200+00:00,VOIES NAVIGABLES DE FRANCE (VNF)
77,13001779102337,admissible_et_classe,,2026-10-08T12:15:03.750183+00:00,VOIES NAVIGABLES DE FRANCE (VNF)
77,13001779102469,admissible_et_classe,,2026-10-08T12:15:04.017427+00:00,VOIES NAVIGABLES DE FRANCE (VNF)
77,13001779102493,admissible_et_classe,,2026-10-08T12:15:04.278836+00:00,VOIES NAVIGABLES DE FRANCE (VNF)
77,13001779102501,rejete_au_controle_actuel,sans_position,2026-10-08T12:15:04.346797+00:00,
77,13001779102535,rejete_au_controle_actuel,sans_position,2026-10-08T12:15:04.545014+00:00,
77,13001779102717,admissible_et_classe,,2026-10-08T12:15:04.754889+00:00,VOIES NAVIGABLES DE FRANCE (VNF)
77,13001779102725,admissible_et_classe,,2026-10-08T12:15:04.957299+00:00,VOIES NAVIGABLES DE FRANCE (VNF)
77,13001779102758,admissible_et_classe,,2026-10-08T12:15:05.162425+00:00,VOIES NAVIGABLES DE FRANCE (VNF)
77,13001779102766,admissible_et_classe,,2026-10-08T12:15:05.441527+00:00,VOIES NAVIGABLES DE FRANCE (VNF)
77,13001779102782,admissible_et_classe,,2026-10-08T12:15:05.567909+00:00,VOIES NAVIGABLES DE FRANCE (VNF)
77,13001779102840,rejete_au_controle_actuel,sans_position,2026-10-08T12:15:05.864216+00:00,
77,13001779102857,rejete_au_controle_actuel,sans_position,2026-10-08T12:15:05.982809+00:00,
77,13001779102865,admissible_et_classe,,2026-10-08T12:15:06.186639+00:00,VOIES NAVIGABLES DE FRANCE (VNF)
77,13001779102915,rejete_au_controle_actuel,sans_position,2026-10-08T12:15:06.419663+00:00,
77,13001779103004,admissible_et_classe,,2026-10-08T12:15:06.595042+00:00,VOIES NAVIGABLES DE FRANCE (VNF)
77,13001779103095,admissible_et_classe,,2026-10-08T12:15:06.801748+00:00,VOIES NAVIGABLES DE FRANCE (VNF)
77,13001779103251,admissible_et_classe,,2026-10-08T12:15:07.000118+00:00,VOIES NAVIGABLES DE FRANCE (VNF)
93,13002065401011,admissible_et_classe,,2026-10-08T10:36:47.673323+00:00,DIR CONTROLE FISCAL ILE-DE-FRANCE (DIRCOFI)
93,13002065401029,admissible_et_classe,,2026-10-08T10:36:47.904800+00:00,DIR CONTROLE FISCAL ILE-DE-FRANCE (DIRCOFI)
93,13002065401037,admissible_et_classe,,2026-10-08T10:36:48.079398+00:00,DIR CONTROLE FISCAL ILE-DE-FRANCE (DIRCOFI)
93,13002065401045,admissible_et_classe,,2026-10-08T10:36:48.249122+00:00,DIR CONTROLE FISCAL ILE-DE-FRANCE (DIRCOFI)
93,13002065401052,admissible_et_classe,,2026-10-08T10:36:48.523836+00:00,DIR CONTROLE FISCAL ILE-DE-FRANCE (DIRCOFI)
93,13002065401060,admissible_et_classe,,2026-10-08T10:36:48.676595+00:00,DIR CONTROLE FISCAL ILE-DE-FRANCE (DIRCOFI)
93,13002065401078,admissible_et_classe,,2026-10-08T10:36:48.875703+00:00,DIR CONTROLE FISCAL ILE-DE-FRANCE (DIRCOFI)
93,13002065401086,admissible_et_classe,,2026-10-08T10:36:49.073244+00:00,DIR CONTROLE FISCAL ILE-DE-FRANCE (DIRCOFI)
93,13002065401094,admissible_et_classe,,2026-10-08T10:36:49.314592+00:00,DIR CONTROLE FISCAL ILE-DE-FRANCE (DIRCOFI)
93,13002065401102,admissible_et_classe,,2026-10-08T10:36:49.486304+00:00,DIR CONTROLE FISCAL ILE-DE-FRANCE (DIRCOFI)
93,13002065401110,admissible_et_classe,,2026-10-08T10:36:49.703459+00:00,DIR CONTROLE FISCAL ILE-DE-FRANCE (DIRCOFI)
93,13002065401128,admissible_et_classe,,2026-10-08T10:36:49.905101+00:00,DIR CONTROLE FISCAL ILE-DE-FRANCE (DIRCOFI)
93,13002065401136,admissible_et_classe,,2026-10-08T10:36:50.158079+00:00,DIR CONTROLE FISCAL ILE-DE-FRANCE (DIRCOFI)
93,13002065401144,admissible_et_classe,,2026-10-08T10:36:50.313643+00:00,DIR CONTROLE FISCAL ILE-DE-FRANCE (DIRCOFI)
93,13002065401151,admissible_et_classe,,2026-10-08T10:36:50.517710+00:00,DIR CONTROLE FISCAL ILE-DE-FRANCE (DIRCOFI)
93,13002065401169,admissible_et_classe,,2026-10-08T10:36:50.719723+00:00,DIR CONTROLE FISCAL ILE-DE-FRANCE (DIRCOFI)
93,13002065401177,admissible_et_classe,,2026-10-08T10:36:50.928873+00:00,DIR CONTROLE FISCAL ILE-DE-FRANCE (DIRCOFI)
93,13002065401185,admissible_et_classe,,2026-10-08T10:36:51.135645+00:00,DIR CONTROLE FISCAL ILE-DE-FRANCE (DIRCOFI)
93,13002065401193,admissible_et_classe,,2026-10-08T10:36:51.331168+00:00,DIR CONTROLE FISCAL ILE-DE-FRANCE (DIRCOFI)
93,13002065401201,admissible_et_classe,,2026-10-08T10:36:51.530677+00:00,DIR CONTROLE FISCAL ILE-DE-FRANCE (DIRCOFI)
93,13002065401219,admissible_et_classe,,2026-10-08T10:36:51.742602+00:00,DIR CONTROLE FISCAL ILE-DE-FRANCE (DIRCOFI)
93,13002065401227,admissible_et_classe,,2026-10-08T10:36:51.955100+00:00,DIR CONTROLE FISCAL ILE-DE-FRANCE (DIRCOFI)
93,13002065401235,admissible_et_classe,,2026-10-08T10:36:52.164713+00:00,DIR CONTROLE FISCAL ILE-DE-FRANCE (DIRCOFI)
93,13002065401243,admissible_et_classe,,2026-10-08T10:36:52.365239+00:00,DIR CONTROLE FISCAL ILE-DE-FRANCE (DIRCOFI)
93,13002065401250,admissible_et_classe,,2026-10-08T10:36:52.575849+00:00,DIR CONTROLE FISCAL ILE-DE-FRANCE (DIRCOFI)
93,13002065401268,admissible_et_classe,,2026-10-08T10:36:52.781519+00:00,DIR CONTROLE FISCAL ILE-DE-FRANCE (DIRCOFI)
93,13002065401276,admissible_et_classe,,2026-10-08T10:36:52.986898+00:00,DIR CONTROLE FISCAL ILE-DE-FRANCE (DIRCOFI)
93,13002065401284,admissible_et_classe,,2026-10-08T10:36:53.200585+00:00,DIR CONTROLE FISCAL ILE-DE-FRANCE (DIRCOFI)
93,13002065401292,admissible_et_classe,,2026-10-08T10:36:53.410617+00:00,DIR CONTROLE FISCAL ILE-DE-FRANCE (DIRCOFI)
93,13002065401300,admissible_et_classe,,2026-10-08T10:36:53.617095+00:00,DIR CONTROLE FISCAL ILE-DE-FRANCE (DIRCOFI)
93,13002065401318,admissible_et_classe,,2026-10-08T10:36:53.835067+00:00,DIR CONTROLE FISCAL ILE-DE-FRANCE (DIRCOFI)
93,13002065401326,admissible_et_classe,,2026-10-08T10:36:54.019876+00:00,DIR CONTROLE FISCAL ILE-DE-FRANCE (DIRCOFI)
93,13002065401334,admissible_et_classe,,2026-10-08T10:36:54.238794+00:00,DIR CONTROLE FISCAL ILE-DE-FRANCE (DIRCOFI)
93,13002065401342,admissible_et_classe,,2026-10-08T10:36:54.444896+00:00,DIR CONTROLE FISCAL ILE-DE-FRANCE (DIRCOFI)
93,13002065401359,admissible_et_classe,,2026-10-08T10:36:54.654734+00:00,DIR CONTROLE FISCAL ILE-DE-FRANCE (DIRCOFI)
93,13002065401367,admissible_et_classe,,2026-10-08T10:36:54.856345+00:00,DIR CONTROLE FISCAL ILE-DE-FRANCE (DIRCOFI)
93,13002065401375,admissible_et_classe,,2026-10-08T10:36:55.073879+00:00,DIR CONTROLE FISCAL ILE-DE-FRANCE (DIRCOFI)
93,13002065401383,admissible_et_classe,,2026-10-08T10:36:55.264898+00:00,DIR CONTROLE FISCAL ILE-DE-FRANCE (DIRCOFI)
93,13002065401391,admissible_et_classe,,2026-10-08T10:36:55.470561+00:00,DIR CONTROLE FISCAL ILE-DE-FRANCE (DIRCOFI)
93,13002065401409,admissible_et_classe,,2026-10-08T10:36:55.684314+00:00,DIR CONTROLE FISCAL ILE-DE-FRANCE (DIRCOFI)
93,13002065401417,admissible_et_classe,,2026-10-08T10:36:55.877590+00:00,DIR CONTROLE FISCAL ILE-DE-FRANCE (DIRCOFI)
93,13002065401425,admissible_et_classe,,2026-10-08T10:36:56.166554+00:00,DIR CONTROLE FISCAL ILE-DE-FRANCE (DIRCOFI)
93,13002065401433,admissible_et_classe,,2026-10-08T10:36:56.295872+00:00,DIR CONTROLE FISCAL ILE-DE-FRANCE (DIRCOFI)
93,13002065401441,admissible_et_classe,,2026-10-08T10:36:56.524339+00:00,DIR CONTROLE FISCAL ILE-DE-FRANCE (DIRCOFI)
93,13002065401458,admissible_et_classe,,2026-10-08T10:36:56.717777+00:00,DIR CONTROLE FISCAL ILE-DE-FRANCE (DIRCOFI)
93,13002065401466,admissible_et_classe,,2026-10-08T10:36:56.936098+00:00,DIR CONTROLE FISCAL ILE-DE-FRANCE (DIRCOFI)
94,13002591900015,admissible_et_classe,,2026-10-08T10:37:39.794219+00:00,OFFICE FRANCAIS DE LA BIODIVERSITE (OFB)
77,13002591900551,admissible_et_classe,,2026-10-08T10:36:00.558243+00:00,OFFICE FRANCAIS DE LA BIODIVERSITE (OFB)
94,13002591902060,admissible_et_classe,,2026-10-08T12:31:00.816443+00:00,OFFICE FRANCAIS DE LA BIODIVERSITE (OFB)
94,13002591902128,admissible_et_classe,,2026-10-08T12:31:01.031289+00:00,OFFICE FRANCAIS DE LA BIODIVERSITE (OFB)
77,17750460200083,rejete_au_controle_actuel,sans_position,2026-10-08T12:15:07.200380+00:00,
77,17770232100171,rejete_au_controle_actuel,sans_position,2026-10-08T12:15:07.393704+00:00,
77,17770431900876,rejete_au_controle_actuel,sans_position,2026-10-08T12:15:07.612317+00:00,
77,17770431901023,admissible_et_classe,,2026-10-08T12:15:07.802608+00:00,DIRECTION DES SERVICES DEPARTEMENTAUX DE L EDUCATION NATIONALE DE LA SEINE ET MARNE (DSDEN)
77,17770431901031,admissible_et_classe,,2026-10-08T12:15:08.002594+00:00,DIRECTION DES SERVICES DEPARTEMENTAUX DE L EDUCATION NATIONALE DE LA SEINE ET MARNE (DSDEN)
77,17770431901049,admissible_et_classe,,2026-10-08T12:15:08.202504+00:00,DIRECTION DES SERVICES DEPARTEMENTAUX DE L EDUCATION NATIONALE DE LA SEINE ET MARNE (DSDEN)
77,17770431901056,admissible_et_classe,,2026-10-08T12:15:08.448931+00:00,DIRECTION DES SERVICES DEPARTEMENTAUX DE L EDUCATION NATIONALE DE LA SEINE ET MARNE (DSDEN)
77,17770431901064,admissible_et_classe,,2026-10-08T12:15:08.651162+00:00,DIRECTION DES SERVICES DEPARTEMENTAUX DE L EDUCATION NATIONALE DE LA SEINE ET MARNE (DSDEN)
77,17770431901072,admissible_et_classe,,2026-10-08T12:15:08.823637+00:00,DIRECTION DES SERVICES DEPARTEMENTAUX DE L EDUCATION NATIONALE DE LA SEINE ET MARNE (DSDEN)
77,17770431901080,admissible_et_classe,,2026-10-08T12:15:09.025076+00:00,DIRECTION DES SERVICES DEPARTEMENTAUX DE L EDUCATION NATIONALE DE LA SEINE ET MARNE (DSDEN)
77,17770431901098,admissible_et_classe,,2026-10-08T12:15:09.228272+00:00,DIRECTION DES SERVICES DEPARTEMENTAUX DE L EDUCATION NATIONALE DE LA SEINE ET MARNE (DSDEN)
77,17770431901106,admissible_et_classe,,2026-10-08T12:15:09.433931+00:00,DIRECTION DES SERVICES DEPARTEMENTAUX DE L EDUCATION NATIONALE DE LA SEINE ET MARNE (DSDEN)
77,17770431901114,admissible_et_classe,,2026-10-08T12:15:09.687322+00:00,DIRECTION DES SERVICES DEPARTEMENTAUX DE L EDUCATION NATIONALE DE LA SEINE ET MARNE (DSDEN)
93,17930431601086,admissible_et_classe,,2026-10-08T12:24:06.377708+00:00,DIRECTION DES SERVICES DEPARTEMENTAUX DE L EDUCATION NATIONALE DE LA SEINE SAINT DENIS (DSDEN)
93,17930431601094,admissible_et_classe,,2026-10-08T12:24:06.652212+00:00,DIRECTION DES SERVICES DEPARTEMENTAUX DE L EDUCATION NATIONALE DE LA SEINE SAINT DENIS (DSDEN)
93,17930431601102,admissible_et_classe,,2026-10-08T12:24:06.862656+00:00,DIRECTION DES SERVICES DEPARTEMENTAUX DE L EDUCATION NATIONALE DE LA SEINE SAINT DENIS (DSDEN)
93,17930431601110,admissible_et_classe,,2026-10-08T12:24:07.068064+00:00,DIRECTION DES SERVICES DEPARTEMENTAUX DE L EDUCATION NATIONALE DE LA SEINE SAINT DENIS (DSDEN)
93,17930431601128,admissible_et_classe,,2026-10-08T12:24:07.273844+00:00,DIRECTION DES SERVICES DEPARTEMENTAUX DE L EDUCATION NATIONALE DE LA SEINE SAINT DENIS (DSDEN)
93,17930431601136,admissible_et_classe,,2026-10-08T12:24:07.478251+00:00,DIRECTION DES SERVICES DEPARTEMENTAUX DE L EDUCATION NATIONALE DE LA SEINE SAINT DENIS (DSDEN)
93,17930431601144,admissible_et_classe,,2026-10-08T12:24:07.690904+00:00,DIRECTION DES SERVICES DEPARTEMENTAUX DE L EDUCATION NATIONALE DE LA SEINE SAINT DENIS (DSDEN)
93,17930431601151,admissible_et_classe,,2026-10-08T12:24:07.988892+00:00,DIRECTION DES SERVICES DEPARTEMENTAUX DE L EDUCATION NATIONALE DE LA SEINE SAINT DENIS (DSDEN)
93,17930431601169,admissible_et_classe,,2026-10-08T12:24:08.088064+00:00,DIRECTION DES SERVICES DEPARTEMENTAUX DE L EDUCATION NATIONALE DE LA SEINE SAINT DENIS (DSDEN)
93,17930431601177,admissible_et_classe,,2026-10-08T12:24:08.293522+00:00,DIRECTION DES SERVICES DEPARTEMENTAUX DE L EDUCATION NATIONALE DE LA SEINE SAINT DENIS (DSDEN)
93,17930431601185,admissible_et_classe,,2026-10-08T12:24:08.430690+00:00,DIRECTION DES SERVICES DEPARTEMENTAUX DE L EDUCATION NATIONALE DE LA SEINE SAINT DENIS (DSDEN)
93,17930431601193,admissible_et_classe,,2026-10-08T12:24:08.638954+00:00,DIRECTION DES SERVICES DEPARTEMENTAUX DE L EDUCATION NATIONALE DE LA SEINE SAINT DENIS (DSDEN)
93,17930431601201,admissible_et_classe,,2026-10-08T12:24:08.830895+00:00,DIRECTION DES SERVICES DEPARTEMENTAUX DE L EDUCATION NATIONALE DE LA SEINE SAINT DENIS (DSDEN)
93,17930431601219,admissible_et_classe,,2026-10-08T12:24:09.025792+00:00,DIRECTION DES SERVICES DEPARTEMENTAUX DE L EDUCATION NATIONALE DE LA SEINE SAINT DENIS (DSDEN)
93,17930431601243,admissible_et_classe,,2026-10-08T12:24:09.246692+00:00,DIRECTION DES SERVICES DEPARTEMENTAUX DE L EDUCATION NATIONALE DE LA SEINE SAINT DENIS (DSDEN)
93,17930431601276,admissible_et_classe,,2026-10-08T12:24:09.446610+00:00,DIRECTION DES SERVICES DEPARTEMENTAUX DE L EDUCATION NATIONALE DE LA SEINE SAINT DENIS (DSDEN)
93,17930431601284,admissible_et_classe,,2026-10-08T12:24:09.657503+00:00,DIRECTION DES SERVICES DEPARTEMENTAUX DE L EDUCATION NATIONALE DE LA SEINE SAINT DENIS (DSDEN)
93,17930431601292,admissible_et_classe,,2026-10-08T12:24:09.868392+00:00,DIRECTION DES SERVICES DEPARTEMENTAUX DE L EDUCATION NATIONALE DE LA SEINE SAINT DENIS (DSDEN)
93,17930431601300,admissible_et_classe,,2026-10-08T12:24:10.068655+00:00,DIRECTION DES SERVICES DEPARTEMENTAUX DE L EDUCATION NATIONALE DE LA SEINE SAINT DENIS (DSDEN)
93,17930431601318,admissible_et_classe,,2026-10-08T12:24:10.280601+00:00,DIRECTION DES SERVICES DEPARTEMENTAUX DE L EDUCATION NATIONALE DE LA SEINE SAINT DENIS (DSDEN)
93,17930431601326,admissible_et_classe,,2026-10-08T12:24:10.480525+00:00,DIRECTION DES SERVICES DEPARTEMENTAUX DE L EDUCATION NATIONALE DE LA SEINE SAINT DENIS (DSDEN)
93,17930431601334,admissible_et_classe,,2026-10-08T12:24:10.696087+00:00,DIRECTION DES SERVICES DEPARTEMENTAUX DE L EDUCATION NATIONALE DE LA SEINE SAINT DENIS (DSDEN)
93,17930431601342,admissible_et_classe,,2026-10-08T12:24:10.894150+00:00,DIRECTION DES SERVICES DEPARTEMENTAUX DE L EDUCATION NATIONALE DE LA SEINE SAINT DENIS (DSDEN)
93,17930431601359,admissible_et_classe,,2026-10-08T12:24:11.103117+00:00,DIRECTION DES SERVICES DEPARTEMENTAUX DE L EDUCATION NATIONALE DE LA SEINE SAINT DENIS (DSDEN)
93,17930431601367,admissible_et_classe,,2026-10-08T12:24:11.316421+00:00,DIRECTION DES SERVICES DEPARTEMENTAUX DE L EDUCATION NATIONALE DE LA SEINE SAINT DENIS (DSDEN)
93,17930431601375,admissible_et_classe,,2026-10-08T12:24:11.582623+00:00,DIRECTION DES SERVICES DEPARTEMENTAUX DE L EDUCATION NATIONALE DE LA SEINE SAINT DENIS (DSDEN)
93,17930431601383,admissible_et_classe,,2026-10-08T12:24:11.705654+00:00,DIRECTION DES SERVICES DEPARTEMENTAUX DE L EDUCATION NATIONALE DE LA SEINE SAINT DENIS (DSDEN)
93,17930431601391,admissible_et_classe,,2026-10-08T12:24:11.920111+00:00,DIRECTION DES SERVICES DEPARTEMENTAUX DE L EDUCATION NATIONALE DE LA SEINE SAINT DENIS (DSDEN)
93,17930431601409,admissible_et_classe,,2026-10-08T12:24:12.113339+00:00,DIRECTION DES SERVICES DEPARTEMENTAUX DE L EDUCATION NATIONALE DE LA SEINE SAINT DENIS (DSDEN)
93,17930431601417,admissible_et_classe,,2026-10-08T12:24:12.385045+00:00,DIRECTION DES SERVICES DEPARTEMENTAUX DE L EDUCATION NATIONALE DE LA SEINE SAINT DENIS (DSDEN)
93,17930431601425,admissible_et_classe,,2026-10-08T12:24:12.526203+00:00,DIRECTION DES SERVICES DEPARTEMENTAUX DE L EDUCATION NATIONALE DE LA SEINE SAINT DENIS (DSDEN)
93,17930431601433,admissible_et_classe,,2026-10-08T12:24:12.732307+00:00,DIRECTION DES SERVICES DEPARTEMENTAUX DE L EDUCATION NATIONALE DE LA SEINE SAINT DENIS (DSDEN)
93,17930431601441,admissible_et_classe,,2026-10-08T12:24:12.937811+00:00,DIRECTION DES SERVICES DEPARTEMENTAUX DE L EDUCATION NATIONALE DE LA SEINE SAINT DENIS (DSDEN)
93,17930431601458,admissible_et_classe,,2026-10-08T12:24:13.158885+00:00,DIRECTION DES SERVICES DEPARTEMENTAUX DE L EDUCATION NATIONALE DE LA SEINE SAINT DENIS (DSDEN)
94,17940430600138,rejete_au_controle_actuel,sans_position,2026-10-08T12:31:01.239384+00:00,
94,17940431400025,admissible_et_classe,,2026-10-08T12:31:01.453899+00:00,DIRECTION DES SERVICES DEPARTEMENTAUX DE L EDUCATION NATIONALE DU VAL DE MARNE (DSDEN)
94,17940431400033,admissible_et_classe,,2026-10-08T12:31:01.632685+00:00,DIRECTION DES SERVICES DEPARTEMENTAUX DE L EDUCATION NATIONALE DU VAL DE MARNE (DSDEN)
94,17940431400074,admissible_et_classe,,2026-10-08T12:31:01.831686+00:00,DIRECTION DES SERVICES DEPARTEMENTAUX DE L EDUCATION NATIONALE DU VAL DE MARNE (DSDEN)
94,17940431400090,admissible_et_classe,,2026-10-08T12:31:02.068043+00:00,DIRECTION DES SERVICES DEPARTEMENTAUX DE L EDUCATION NATIONALE DU VAL DE MARNE (DSDEN)
94,17940431400124,admissible_et_classe,,2026-10-08T12:31:02.255349+00:00,DIRECTION DES SERVICES DEPARTEMENTAUX DE L EDUCATION NATIONALE DU VAL DE MARNE (DSDEN)
94,17940431400140,admissible_et_classe,,2026-10-08T12:31:02.488752+00:00,DIRECTION DES SERVICES DEPARTEMENTAUX DE L EDUCATION NATIONALE DU VAL DE MARNE (DSDEN)
94,17940431400231,admissible_et_classe,,2026-10-08T12:31:02.658202+00:00,DIRECTION DES SERVICES DEPARTEMENTAUX DE L EDUCATION NATIONALE DU VAL DE MARNE (DSDEN)
94,17940431400272,admissible_et_classe,,2026-10-08T12:31:02.850845+00:00,DIRECTION DES SERVICES DEPARTEMENTAUX DE L EDUCATION NATIONALE DU VAL DE MARNE (DSDEN)
94,17940431400280,admissible_et_classe,,2026-10-08T12:31:03.104018+00:00,DIRECTION DES SERVICES DEPARTEMENTAUX DE L EDUCATION NATIONALE DU VAL DE MARNE (DSDEN)
94,17940431400330,admissible_et_classe,,2026-10-08T12:31:03.252593+00:00,DIRECTION DES SERVICES DEPARTEMENTAUX DE L EDUCATION NATIONALE DU VAL DE MARNE (DSDEN)
94,17940431400355,admissible_et_classe,,2026-10-08T12:31:03.447411+00:00,DIRECTION DES SERVICES DEPARTEMENTAUX DE L EDUCATION NATIONALE DU VAL DE MARNE (DSDEN)
94,17940431400405,admissible_et_classe,,2026-10-08T12:31:03.669476+00:00,DIRECTION DES SERVICES DEPARTEMENTAUX DE L EDUCATION NATIONALE DU VAL DE MARNE (DSDEN)
94,17940431400447,admissible_et_classe,,2026-10-08T12:31:03.885335+00:00,DIRECTION DES SERVICES DEPARTEMENTAUX DE L EDUCATION NATIONALE DU VAL DE MARNE (DSDEN)
94,17940431400512,admissible_et_classe,,2026-10-08T12:31:04.072704+00:00,DIRECTION DES SERVICES DEPARTEMENTAUX DE L EDUCATION NATIONALE DU VAL DE MARNE (DSDEN)
94,17940431400652,admissible_et_classe,,2026-10-08T12:31:04.329351+00:00,DIRECTION DES SERVICES DEPARTEMENTAUX DE L EDUCATION NATIONALE DU VAL DE MARNE (DSDEN)
94,17940431400678,admissible_et_classe,,2026-10-08T12:31:04.475720+00:00,DIRECTION DES SERVICES DEPARTEMENTAUX DE L EDUCATION NATIONALE DU VAL DE MARNE (DSDEN)
94,17940431400686,admissible_et_classe,,2026-10-08T12:31:04.675098+00:00,DIRECTION DES SERVICES DEPARTEMENTAUX DE L EDUCATION NATIONALE DU VAL DE MARNE (DSDEN)
94,17940431400694,admissible_et_classe,,2026-10-08T12:31:04.933902+00:00,DIRECTION DES SERVICES DEPARTEMENTAUX DE L EDUCATION NATIONALE DU VAL DE MARNE (DSDEN)
94,17940431400728,admissible_et_classe,,2026-10-08T12:31:05.083293+00:00,DIRECTION DES SERVICES DEPARTEMENTAUX DE L EDUCATION NATIONALE DU VAL DE MARNE (DSDEN)
94,17940431400801,admissible_et_classe,,2026-10-08T12:31:05.313795+00:00,DIRECTION DES SERVICES DEPARTEMENTAUX DE L EDUCATION NATIONALE DU VAL DE MARNE (DSDEN)
94,17940431400819,admissible_et_classe,,2026-10-08T12:31:05.502202+00:00,DIRECTION DES SERVICES DEPARTEMENTAUX DE L EDUCATION NATIONALE DU VAL DE MARNE (DSDEN)
94,17940431400827,admissible_et_classe,,2026-10-08T12:31:05.834694+00:00,DIRECTION DES SERVICES DEPARTEMENTAUX DE L EDUCATION NATIONALE DU VAL DE MARNE (DSDEN)
94,17940431400835,admissible_et_classe,,2026-10-08T12:31:05.903633+00:00,DIRECTION DES SERVICES DEPARTEMENTAUX DE L EDUCATION NATIONALE DU VAL DE MARNE (DSDEN)
94,17940431400843,admissible_et_classe,,2026-10-08T12:31:06.099967+00:00,DIRECTION DES SERVICES DEPARTEMENTAUX DE L EDUCATION NATIONALE DU VAL DE MARNE (DSDEN)
94,17940431400850,admissible_et_classe,,2026-10-08T12:31:06.606691+00:00,DIRECTION DES SERVICES DEPARTEMENTAUX DE L EDUCATION NATIONALE DU VAL DE MARNE (DSDEN)
94,17940431400876,admissible_et_classe,,2026-10-08T12:31:06.584457+00:00,DIRECTION DES SERVICES DEPARTEMENTAUX DE L EDUCATION NATIONALE DU VAL DE MARNE (DSDEN)
94,17940431400900,admissible_et_classe,,2026-10-08T12:31:06.713401+00:00,DIRECTION DES SERVICES DEPARTEMENTAUX DE L EDUCATION NATIONALE DU VAL DE MARNE (DSDEN)
94,17940431400918,admissible_et_classe,,2026-10-08T12:31:06.920840+00:00,DIRECTION DES SERVICES DEPARTEMENTAUX DE L EDUCATION NATIONALE DU VAL DE MARNE (DSDEN)
94,17940431400926,admissible_et_classe,,2026-10-08T12:31:07.116959+00:00,DIRECTION DES SERVICES DEPARTEMENTAUX DE L EDUCATION NATIONALE DU VAL DE MARNE (DSDEN)
94,17940431400934,admissible_et_classe,,2026-10-08T12:31:07.316824+00:00,DIRECTION DES SERVICES DEPARTEMENTAUX DE L EDUCATION NATIONALE DU VAL DE MARNE (DSDEN)
94,17940431400942,admissible_et_classe,,2026-10-08T12:31:07.517562+00:00,DIRECTION DES SERVICES DEPARTEMENTAUX DE L EDUCATION NATIONALE DU VAL DE MARNE (DSDEN)
94,17940431400959,admissible_et_classe,,2026-10-08T12:31:07.722643+00:00,DIRECTION DES SERVICES DEPARTEMENTAUX DE L EDUCATION NATIONALE DU VAL DE MARNE (DSDEN)
94,17940431400967,admissible_et_classe,,2026-10-08T12:31:07.931754+00:00,DIRECTION DES SERVICES DEPARTEMENTAUX DE L EDUCATION NATIONALE DU VAL DE MARNE (DSDEN)
94,17940431400975,rejete_au_controle_actuel,sans_position,2026-10-08T12:31:08.129578+00:00,
94,17940431400983,rejete_au_controle_actuel,sans_position,2026-10-08T12:31:08.330570+00:00,
94,17940431400991,rejete_au_controle_actuel,sans_position,2026-10-08T12:31:08.519713+00:00,
94,17940431401007,rejete_au_controle_actuel,sans_position,2026-10-08T12:31:08.871750+00:00,
94,17940431401015,rejete_au_controle_actuel,sans_position,2026-10-08T12:31:08.939699+00:00,
94,17940431401023,rejete_au_controle_actuel,sans_position,2026-10-08T12:31:09.266547+00:00,
94,17940431401031,rejete_au_controle_actuel,sans_position,2026-10-08T12:31:09.342165+00:00,
94,17940431401049,rejete_au_controle_actuel,sans_position,2026-10-08T12:31:09.547197+00:00,
94,17940431401056,rejete_au_controle_actuel,sans_position,2026-10-08T12:31:09.751381+00:00,
94,17940431401064,rejete_au_controle_actuel,sans_position,2026-10-08T12:31:09.940372+00:00,
93,18000701502247,admissible_et_classe,,2026-10-08T12:24:13.345613+00:00,OFFICE NATIONAL DES COMBATTANTS ET DES VICTIMES DE GUERRE (ONACVG)
94,18000701502304,admissible_et_classe,,2026-10-08T12:31:10.158100+00:00,OFFICE NATIONAL DES COMBATTANTS ET DES VICTIMES DE GUERRE (ONACVG)
94,18003402701241,admissible_et_classe,,2026-10-08T12:31:10.354318+00:00,OFFICE FRANCAIS DE L'IMMIGRATION ET DE L'INTEGRATION (OFII)
93,18003402701266,admissible_et_classe,,2026-10-08T12:24:13.534321+00:00,OFFICE FRANCAIS DE L'IMMIGRATION ET DE L'INTEGRATION (OFII)
77,18003402701274,admissible_et_classe,,2026-10-08T12:15:09.871653+00:00,OFFICE FRANCAIS DE L'IMMIGRATION ET DE L'INTEGRATION (OFII)
94,18003604801559,admissible_et_classe,,2026-10-08T12:31:10.575104+00:00,INSTITUT NATIONAL DE LA SANTE ET DE LA RECHERCHE MEDICALE (INSERM)
94,18003604801930,admissible_et_classe,,2026-10-08T12:31:10.764955+00:00,INSTITUT NATIONAL DE LA SANTE ET DE LA RECHERCHE MEDICALE (INSERM)
94,18003604801971,admissible_et_classe,,2026-10-08T12:31:10.996053+00:00,INSTITUT NATIONAL DE LA SANTE ET DE LA RECHERCHE MEDICALE (INSERM)
94,18003604802029,admissible_et_classe,,2026-10-08T12:31:11.170517+00:00,INSTITUT NATIONAL DE LA SANTE ET DE LA RECHERCHE MEDICALE (INSERM)
94,18003604802334,admissible_et_classe,,2026-10-08T12:31:11.485266+00:00,INSTITUT NATIONAL DE LA SANTE ET DE LA RECHERCHE MEDICALE (INSERM)
94,18003604802359,admissible_et_classe,,2026-10-08T12:31:11.575514+00:00,INSTITUT NATIONAL DE LA SANTE ET DE LA RECHERCHE MEDICALE (INSERM)
94,18003604802367,admissible_et_classe,,2026-10-08T12:31:11.762528+00:00,INSTITUT NATIONAL DE LA SANTE ET DE LA RECHERCHE MEDICALE (INSERM)
94,18003604802946,admissible_et_classe,,2026-10-08T12:31:11.990142+00:00,INSTITUT NATIONAL DE LA SANTE ET DE LA RECHERCHE MEDICALE (INSERM)
77,18006003001119,rejete_au_controle_actuel,sans_position,2026-10-08T12:15:10.150201+00:00,
94,18006003002109,rejete_au_controle_actuel,sans_position,2026-10-08T12:31:12.192328+00:00,
94,18006003002117,admissible_et_classe,,2026-10-08T12:31:12.395622+00:00,METEO-FRANCE
94,18007003901902,admissible_et_classe,,2026-10-08T12:31:12.592901+00:00,INSTITUT NATIONAL DE RECHERCHE POUR L'AGRICULTURE L'ALIMENTATION ET L'ENVIRONNEMENT (INRAE)
94,18008901300270,admissible_et_classe,,2026-10-08T12:31:12.793811+00:00,CENTRE NATIONAL DE LA RECHERCHE SCIENTIFIQUE (CNRS)
94,18008901300288,admissible_et_classe,,2026-10-08T12:31:12.999418+00:00,CENTRE NATIONAL DE LA RECHERCHE SCIENTIFIQUE (CNRS)
94,18008901301344,admissible_et_classe,,2026-10-08T12:31:13.201663+00:00,CENTRE NATIONAL DE LA RECHERCHE SCIENTIFIQUE (CNRS)
94,18008901301377,admissible_et_classe,,2026-10-08T12:31:13.414105+00:00,CENTRE NATIONAL DE LA RECHERCHE SCIENTIFIQUE (CNRS)
94,18008901301385,admissible_et_classe,,2026-10-08T12:31:13.620170+00:00,CENTRE NATIONAL DE LA RECHERCHE SCIENTIFIQUE (CNRS)
94,18008901301393,admissible_et_classe,,2026-10-08T12:31:13.818774+00:00,CENTRE NATIONAL DE LA RECHERCHE SCIENTIFIQUE (CNRS)
94,18008901301401,admissible_et_classe,,2026-10-08T12:31:14.049339+00:00,CENTRE NATIONAL DE LA RECHERCHE SCIENTIFIQUE (CNRS)
93,18008901301518,admissible_et_classe,,2026-10-08T12:24:13.752427+00:00,CENTRE NATIONAL DE LA RECHERCHE SCIENTIFIQUE (CNRS)
77,18008901303696,admissible_et_classe,,2026-10-08T12:15:10.278566+00:00,CENTRE NATIONAL DE LA RECHERCHE SCIENTIFIQUE (CNRS)
93,18008901304306,admissible_et_classe,,2026-10-08T12:24:13.943550+00:00,CENTRE NATIONAL DE LA RECHERCHE SCIENTIFIQUE (CNRS)
94,18008901304330,admissible_et_classe,,2026-10-08T12:31:14.217584+00:00,CENTRE NATIONAL DE LA RECHERCHE SCIENTIFIQUE (CNRS)
94,18008901304363,admissible_et_classe,,2026-10-08T12:31:14.436095+00:00,CENTRE NATIONAL DE LA RECHERCHE SCIENTIFIQUE (CNRS)
77,18008901304439,admissible_et_classe,,2026-10-08T12:15:10.448912+00:00,CENTRE NATIONAL DE LA RECHERCHE SCIENTIFIQUE (CNRS)
94,18008901306749,admissible_et_classe,,2026-10-08T12:31:14.629802+00:00,CENTRE NATIONAL DE LA RECHERCHE SCIENTIFIQUE (CNRS)
94,18008901307390,admissible_et_classe,,2026-10-08T12:31:14.834455+00:00,CENTRE NATIONAL DE LA RECHERCHE SCIENTIFIQUE (CNRS)
94,18008901307648,admissible_et_classe,,2026-10-08T12:31:15.033977+00:00,CENTRE NATIONAL DE LA RECHERCHE SCIENTIFIQUE (CNRS)
94,18008901307812,admissible_et_classe,,2026-10-08T12:31:15.293882+00:00,CENTRE NATIONAL DE LA RECHERCHE SCIENTIFIQUE (CNRS)
93,18008901308604,admissible_et_classe,,2026-10-08T12:24:14.161337+00:00,CENTRE NATIONAL DE LA RECHERCHE SCIENTIFIQUE (CNRS)
94,18008901308612,admissible_et_classe,,2026-10-08T12:31:15.437782+00:00,CENTRE NATIONAL DE LA RECHERCHE SCIENTIFIQUE (CNRS)
94,18008901308620,admissible_et_classe,,2026-10-08T12:31:15.650874+00:00,CENTRE NATIONAL DE LA RECHERCHE SCIENTIFIQUE (CNRS)
93,18008901309552,admissible_et_classe,,2026-10-08T12:24:14.362873+00:00,CENTRE NATIONAL DE LA RECHERCHE SCIENTIFIQUE (CNRS)
77,18008901310048,admissible_et_classe,,2026-10-08T12:15:10.693108+00:00,CENTRE NATIONAL DE LA RECHERCHE SCIENTIFIQUE (CNRS)
93,18008901310055,admissible_et_classe,,2026-10-08T12:24:14.649237+00:00,CENTRE NATIONAL DE LA RECHERCHE SCIENTIFIQUE (CNRS)
94,18008901310071,admissible_et_classe,,2026-10-08T12:31:15.844276+00:00,CENTRE NATIONAL DE LA RECHERCHE SCIENTIFIQUE (CNRS)
94,18008901310337,admissible_et_classe,,2026-10-08T12:31:16.037595+00:00,CENTRE NATIONAL DE LA RECHERCHE SCIENTIFIQUE (CNRS)
94,18008901310352,admissible_et_classe,,2026-10-08T12:31:16.240766+00:00,CENTRE NATIONAL DE LA RECHERCHE SCIENTIFIQUE (CNRS)
77,18008901310402,admissible_et_classe,,2026-10-08T12:15:10.857293+00:00,CENTRE NATIONAL DE LA RECHERCHE SCIENTIFIQUE (CNRS)
94,18009006001904,admissible_et_classe,,2026-10-08T12:31:16.451331+00:00,INSTITUTION DE GESTION SOCIALE DES ARMEES (IGESA)
77,20000415800016,rejete_au_controle_actuel,sans_position,2026-10-08T12:15:11.062623+00:00,
93,20001803400138,rejete_au_controle_actuel,sans_position,2026-10-08T12:24:14.849948+00:00,
77,20004025100049,rejete_au_controle_actuel,sans_position,2026-10-08T12:15:11.285852+00:00,
77,20007303900055,rejete_au_controle_actuel,sans_position,2026-10-08T12:15:11.480997+00:00,
77,20008217000016,rejete_au_controle_actuel,sans_position,2026-10-08T12:15:11.668634+00:00,
77,20008667600026,rejete_au_controle_actuel,sans_position,2026-10-08T12:15:11.869358+00:00,
77,20008711200013,rejete_au_controle_actuel,sans_position,2026-10-08T12:15:12.074336+00:00,
77,20008783100018,rejete_au_controle_actuel,sans_position,2026-10-08T12:15:12.274195+00:00,
77,20009260900011,rejete_au_controle_actuel,sans_position,2026-10-08T12:15:12.523157+00:00,
77,20009305200013,rejete_au_controle_actuel,sans_position,2026-10-08T12:15:12.730297+00:00,
77,21750001613350,admissible_et_classe,,2026-10-08T12:15:12.932686+00:00,VILLE DE PARIS
77,21750001613392,admissible_et_classe,,2026-10-08T12:15:13.136222+00:00,VILLE DE PARIS
77,21750001613426,admissible_et_classe,,2026-10-08T12:15:13.342245+00:00,VILLE DE PARIS
77,21750001613434,admissible_et_classe,,2026-10-08T12:15:13.547758+00:00,VILLE DE PARIS
77,21750001613442,admissible_et_classe,,2026-10-08T12:15:13.751778+00:00,VILLE DE PARIS
77,21750001613459,admissible_et_classe,,2026-10-08T12:15:13.957185+00:00,VILLE DE PARIS
93,21750001613749,admissible_et_classe,,2026-10-08T12:24:16.078577+00:00,VILLE DE PARIS
93,21750001613756,admissible_et_classe,,2026-10-08T12:24:16.297771+00:00,VILLE DE PARIS
93,21750001613780,admissible_et_classe,,2026-10-08T12:24:16.434508+00:00,VILLE DE PARIS
93,21750001613806,admissible_et_classe,,2026-10-08T12:24:16.638119+00:00,VILLE DE PARIS
94,21750001613814,rejete_au_controle_actuel,sans_position,2026-10-08T12:31:16.680035+00:00,
94,21750001613822,admissible_et_classe,,2026-10-08T12:31:16.854652+00:00,VILLE DE PARIS
94,21750001613830,admissible_et_classe,,2026-10-08T12:31:17.068883+00:00,VILLE DE PARIS
94,21750001613848,admissible_et_classe,,2026-10-08T12:31:17.267705+00:00,VILLE DE PARIS
94,21750001613855,admissible_et_classe,,2026-10-08T12:31:17.475436+00:00,VILLE DE PARIS
94,21750001613863,admissible_et_classe,,2026-10-08T12:31:17.674296+00:00,VILLE DE PARIS
94,21750001613871,admissible_et_classe,,2026-10-08T12:31:17.913108+00:00,VILLE DE PARIS
94,21750001613889,admissible_et_classe,,2026-10-08T12:31:18.080518+00:00,VILLE DE PARIS
94,21750001613897,admissible_et_classe,,2026-10-08T12:31:18.281684+00:00,VILLE DE PARIS
94,21750001613905,admissible_et_classe,,2026-10-08T12:31:18.478982+00:00,VILLE DE PARIS
94,21750001613913,admissible_et_classe,,2026-10-08T12:31:18.696621+00:00,VILLE DE PARIS
94,21750001613921,admissible_et_classe,,2026-10-08T12:31:18.882384+00:00,VILLE DE PARIS
94,21750001613939,admissible_et_classe,,2026-10-08T12:31:19.095147+00:00,VILLE DE PARIS
94,21750001613947,admissible_et_classe,,2026-10-08T12:31:19.287507+00:00,VILLE DE PARIS
94,21750001613954,admissible_et_classe,,2026-10-08T12:31:19.504057+00:00,VILLE DE PARIS
77,21750001614135,admissible_et_classe,,2026-10-08T12:15:14.183925+00:00,VILLE DE PARIS
77,21750001614143,rejete_au_controle_actuel,sans_position,2026-10-08T12:15:14.366049+00:00,
77,21750001614150,admissible_et_classe,,2026-10-08T12:15:14.573636+00:00,VILLE DE PARIS
77,21750001614168,rejete_au_controle_actuel,sans_position,2026-10-08T12:15:14.776684+00:00,
77,21750001614176,rejete_au_controle_actuel,sans_position,2026-10-08T12:15:14.983284+00:00,
77,21750001614192,rejete_au_controle_actuel,sans_position,2026-10-08T12:15:15.188318+00:00,
77,21750001614200,rejete_au_controle_actuel,sans_position,2026-10-08T12:15:15.391986+00:00,
77,21750001614283,admissible_et_classe,,2026-10-08T12:15:15.606927+00:00,VILLE DE PARIS
94,21750001614291,admissible_et_classe,,2026-10-08T12:31:19.760593+00:00,VILLE DE PARIS
77,21750001615579,rejete_au_controle_actuel,sans_position,2026-10-08T12:15:15.830968+00:00,
94,21750001615694,admissible_et_classe,,2026-10-08T12:31:19.910780+00:00,VILLE DE PARIS
94,21750001615702,admissible_et_classe,,2026-10-08T12:31:20.112429+00:00,VILLE DE PARIS
94,21750001615710,admissible_et_classe,,2026-10-08T12:31:20.321868+00:00,VILLE DE PARIS
94,21750001624068,admissible_et_classe,,2026-10-08T12:31:20.511429+00:00,VILLE DE PARIS
94,21750001624076,admissible_et_classe,,2026-10-08T12:31:20.749018+00:00,VILLE DE PARIS
94,21750001624084,admissible_et_classe,,2026-10-08T12:31:20.922884+00:00,VILLE DE PARIS
94,21750001624092,admissible_et_classe,,2026-10-08T12:31:21.126570+00:00,VILLE DE PARIS
94,21750001624100,admissible_et_classe,,2026-10-08T12:31:21.385018+00:00,VILLE DE PARIS
94,21750001624118,admissible_et_classe,,2026-10-08T12:31:21.539544+00:00,VILLE DE PARIS
93,21750001625826,admissible_et_classe,,2026-10-08T12:24:16.843149+00:00,VILLE DE PARIS
94,21750001625834,admissible_et_classe,,2026-10-08T12:31:21.737215+00:00,VILLE DE PARIS
94,21750001625842,admissible_et_classe,,2026-10-08T12:31:22.107280+00:00,VILLE DE PARIS
94,21750001625867,admissible_et_classe,,2026-10-08T12:31:22.146075+00:00,VILLE DE PARIS
93,21750001626329,admissible_et_classe,,2026-10-08T12:24:17.034033+00:00,VILLE DE PARIS
93,21750001626683,admissible_et_classe,,2026-10-08T12:24:17.241457+00:00,VILLE DE PARIS
93,21750001627251,admissible_et_classe,,2026-10-08T12:24:17.446786+00:00,VILLE DE PARIS
94,21750001627624,admissible_et_classe,,2026-10-08T12:31:22.345573+00:00,VILLE DE PARIS
93,21750001628986,admissible_et_classe,,2026-10-08T12:24:17.659253+00:00,VILLE DE PARIS
93,21750001629141,admissible_et_classe,,2026-10-08T12:24:18.008947+00:00,VILLE DE PARIS
94,21750001629158,admissible_et_classe,,2026-10-08T12:31:22.549097+00:00,VILLE DE PARIS
93,21750001629356,admissible_et_classe,,2026-10-08T12:24:18.100283+00:00,VILLE DE PARIS
94,21750001629372,admissible_et_classe,,2026-10-08T12:31:22.749007+00:00,VILLE DE PARIS
77,21750001629703,admissible_et_classe,,2026-10-08T12:15:16.006562+00:00,VILLE DE PARIS
77,21750001630024,admissible_et_classe,,2026-10-08T12:15:16.249747+00:00,VILLE DE PARIS
93,21750001630149,admissible_et_classe,,2026-10-08T12:24:18.275968+00:00,VILLE DE PARIS
77,21770002000019,rejete_au_controle_actuel,sans_position,2026-10-08T12:15:16.415245+00:00,
77,21770010300021,rejete_au_controle_actuel,sans_position,2026-10-08T12:15:16.619043+00:00,
77,21770012900026,rejete_au_controle_actuel,sans_position,2026-10-08T12:15:16.825331+00:00,
77,21770015200010,rejete_au_controle_actuel,sans_position,2026-10-08T12:15:17.034279+00:00,
77,21770031900031,rejete_au_controle_actuel,sans_position,2026-10-08T12:15:17.234508+00:00,
77,21770039200053,rejete_au_controle_actuel,sans_position,2026-10-08T12:15:17.437316+00:00,
77,21770052500025,rejete_au_controle_actuel,sans_position,2026-10-08T12:15:17.644473+00:00,
77,21770079800093,rejete_au_controle_actuel,sans_position,2026-10-08T12:15:17.840922+00:00,
77,21770091300015,rejete_au_controle_actuel,sans_position,2026-10-08T12:15:18.047543+00:00,
77,21770091300023,rejete_au_controle_actuel,sans_position,2026-10-08T12:15:18.257054+00:00,
77,21770093900028,rejete_au_controle_actuel,sans_position,2026-10-08T12:15:18.462013+00:00,
77,21770099600044,rejete_au_controle_actuel,sans_position,2026-10-08T12:15:18.666937+00:00,
77,21770100200032,rejete_au_controle_actuel,sans_position,2026-10-08T12:15:18.993119+00:00,
77,21770102800011,rejete_au_controle_actuel,sans_position,2026-10-08T12:15:19.182621+00:00,
77,21770112700011,rejete_au_controle_actuel,sans_position,2026-10-08T12:15:19.320563+00:00,
77,21770116800064,rejete_au_controle_actuel,sans_position,2026-10-08T12:15:19.487548+00:00,
77,21770117600018,rejete_au_controle_actuel,sans_position,2026-10-08T12:15:19.691427+00:00,
77,21770142400038,rejete_au_controle_actuel,sans_position,2026-10-08T12:15:19.895845+00:00,
77,21770153100030,rejete_au_controle_actuel,sans_position,2026-10-08T12:15:20.115140+00:00,
77,21770180400023,rejete_au_controle_actuel,sans_position,2026-10-08T12:15:20.309228+00:00,
77,21770200000019,rejete_au_controle_actuel,sans_position,2026-10-08T12:15:20.398329+00:00,
77,21770201800029,rejete_au_controle_actuel,sans_position,2026-10-08T12:15:20.592882+00:00,
77,21770218200015,rejete_au_controle_actuel,sans_position,2026-10-08T12:15:20.797583+00:00,
77,21770219000026,rejete_au_controle_actuel,sans_position,2026-10-08T12:15:21.039001+00:00,
77,21770224000011,rejete_au_controle_actuel,sans_position,2026-10-08T12:15:21.254466+00:00,
77,21770267900010,rejete_au_controle_actuel,sans_position,2026-10-08T12:15:21.412206+00:00,
77,21770267900028,rejete_au_controle_actuel,sans_position,2026-10-08T12:15:21.606764+00:00,
77,21770301600022,rejete_au_controle_actuel,sans_position,2026-10-08T12:15:21.815968+00:00,
77,21770304000014,rejete_au_controle_actuel,sans_position,2026-10-08T12:15:22.023971+00:00,
77,21770307300072,rejete_au_controle_actuel,sans_position,2026-10-08T12:15:22.254235+00:00,
77,21770330500045,rejete_au_controle_actuel,sans_position,2026-10-08T12:15:22.416703+00:00,
77,21770342000018,rejete_au_controle_actuel,sans_position,2026-10-08T12:15:22.624782+00:00,
77,21770354500038,rejete_au_controle_actuel,sans_position,2026-10-08T12:15:22.828377+00:00,
77,21770356000011,rejete_au_controle_actuel,sans_position,2026-10-08T12:15:23.062033+00:00,
77,21770361000022,rejete_au_controle_actuel,sans_position,2026-10-08T12:15:23.255643+00:00,
77,21770366900010,rejete_au_controle_actuel,sans_position,2026-10-08T12:15:23.441709+00:00,
77,21770371900021,rejete_au_controle_actuel,sans_position,2026-10-08T12:15:23.648421+00:00,
77,21770400600014,rejete_au_controle_actuel,sans_position,2026-10-08T12:15:23.849580+00:00,
77,21770400600022,rejete_au_controle_actuel,sans_position,2026-10-08T12:15:24.093472+00:00,
77,21770400600030,rejete_au_controle_actuel,sans_position,2026-10-08T12:15:24.244926+00:00,
77,21770403000030,rejete_au_controle_actuel,sans_position,2026-10-08T12:15:24.464026+00:00,
77,21770417000018,rejete_au_controle_actuel,sans_position,2026-10-08T12:15:24.664843+00:00,
77,21770424600024,rejete_au_controle_actuel,sans_position,2026-10-08T12:15:24.856511+00:00,
77,21770432900028,rejete_au_controle_actuel,sans_position,2026-10-08T12:15:25.083006+00:00,
77,21770432900036,rejete_au_controle_actuel,sans_position,2026-10-08T12:15:25.292652+00:00,
77,21770440200015,rejete_au_controle_actuel,sans_position,2026-10-08T12:15:25.482526+00:00,
77,21770451900024,rejete_au_controle_actuel,sans_position,2026-10-08T12:15:25.715346+00:00,
77,21770452700019,rejete_au_controle_actuel,sans_position,2026-10-08T12:15:25.885557+00:00,
77,21770457600016,rejete_au_controle_actuel,sans_position,2026-10-08T12:15:26.120940+00:00,
77,21770458400028,rejete_au_controle_actuel,sans_position,2026-10-08T12:15:26.302459+00:00,
77,21770458400119,rejete_au_controle_actuel,sans_position,2026-10-08T12:15:26.488512+00:00,
77,21770460000030,rejete_au_controle_actuel,sans_position,2026-10-08T12:15:26.695279+00:00,
77,21770465900010,rejete_au_controle_actuel,sans_position,2026-10-08T12:15:26.901097+00:00,
77,21770467500024,rejete_au_controle_actuel,sans_position,2026-10-08T12:15:27.101948+00:00,
77,21770472500019,rejete_au_controle_actuel,sans_position,2026-10-08T12:15:27.318455+00:00,
77,21770480800021,rejete_au_controle_actuel,sans_position,2026-10-08T12:15:27.501968+00:00,
77,21770482400077,rejete_au_controle_actuel,sans_position,2026-10-08T12:15:27.716804+00:00,
77,21770482400093,rejete_au_controle_actuel,sans_position,2026-10-08T12:15:27.919598+00:00,
77,21770514400145,rejete_au_controle_actuel,sans_position,2026-10-08T12:15:28.125857+00:00,
77,21770521900046,rejete_au_controle_actuel,sans_position,2026-10-08T12:15:28.312657+00:00,
77,21770532600015,rejete_au_controle_actuel,sans_position,2026-10-08T12:15:28.530535+00:00,
77,21770535900024,rejete_au_controle_actuel,sans_position,2026-10-08T12:15:28.735446+00:00,
93,21930005001048,admissible_et_classe,,2026-10-08T12:24:18.635056+00:00,COMMUNE D'AULNAY SOUS BOIS
93,21930005001055,admissible_et_classe,,2026-10-08T12:24:18.693335+00:00,COMMUNE D'AULNAY SOUS BOIS
93,21930005001063,admissible_et_classe,,2026-10-08T12:24:18.870686+00:00,COMMUNE D'AULNAY SOUS BOIS
93,21930005001071,admissible_et_classe,,2026-10-08T12:24:19.073963+00:00,COMMUNE D'AULNAY SOUS BOIS
77,21930027400053,rejete_au_controle_actuel,sans_position,2026-10-08T12:15:28.949436+00:00,
94,21940044700237,rejete_au_controle_actuel,sans_position,2026-10-08T12:31:22.947001+00:00,
94,21940081900724,rejete_au_controle_actuel,sans_position,2026-10-08T12:31:23.153382+00:00,
93,22930008201065,admissible_et_classe,,2026-10-08T12:24:19.287988+00:00,DEPARTEMENT DE LA SEINE SAINT DENIS
93,22930008201073,admissible_et_classe,,2026-10-08T12:24:19.491307+00:00,DEPARTEMENT DE LA SEINE SAINT DENIS
93,22930008201081,admissible_et_classe,,2026-10-08T12:24:19.699385+00:00,DEPARTEMENT DE LA SEINE SAINT DENIS
93,22930008201099,admissible_et_classe,,2026-10-08T12:24:19.912877+00:00,DEPARTEMENT DE LA SEINE SAINT DENIS
93,22930008201115,admissible_et_classe,,2026-10-08T12:24:20.100420+00:00,DEPARTEMENT DE LA SEINE SAINT DENIS
93,22930008201123,admissible_et_classe,,2026-10-08T12:24:20.308596+00:00,DEPARTEMENT DE LA SEINE SAINT DENIS
93,22930008201131,admissible_et_classe,,2026-10-08T12:24:20.567098+00:00,DEPARTEMENT DE LA SEINE SAINT DENIS
93,22930008201156,admissible_et_classe,,2026-10-08T12:24:20.715808+00:00,DEPARTEMENT DE LA SEINE SAINT DENIS
93,22930008201164,admissible_et_classe,,2026-10-08T12:24:20.909819+00:00,DEPARTEMENT DE LA SEINE SAINT DENIS
93,22930008201172,admissible_et_classe,,2026-10-08T12:24:21.118706+00:00,DEPARTEMENT DE LA SEINE SAINT DENIS
93,22930008201180,admissible_et_classe,,2026-10-08T12:24:21.326728+00:00,DEPARTEMENT DE LA SEINE SAINT DENIS
93,22930008201198,admissible_et_classe,,2026-10-08T12:24:21.559072+00:00,DEPARTEMENT DE LA SEINE SAINT DENIS
93,22930008201206,admissible_et_classe,,2026-10-08T12:24:21.735461+00:00,DEPARTEMENT DE LA SEINE SAINT DENIS
93,22930008201214,admissible_et_classe,,2026-10-08T12:24:21.952342+00:00,DEPARTEMENT DE LA SEINE SAINT DENIS
93,22930008201222,admissible_et_classe,,2026-10-08T12:24:22.151554+00:00,DEPARTEMENT DE LA SEINE SAINT DENIS
93,22930008201230,admissible_et_classe,,2026-10-08T12:24:22.353401+00:00,DEPARTEMENT DE LA SEINE SAINT DENIS
93,22930008201255,admissible_et_classe,,2026-10-08T12:24:22.632471+00:00,DEPARTEMENT DE LA SEINE SAINT DENIS
93,22930008201263,admissible_et_classe,,2026-10-08T12:24:22.837755+00:00,DEPARTEMENT DE LA SEINE SAINT DENIS
93,22930008201271,admissible_et_classe,,2026-10-08T12:24:23.043006+00:00,DEPARTEMENT DE LA SEINE SAINT DENIS
93,22930008201289,admissible_et_classe,,2026-10-08T12:24:23.264347+00:00,DEPARTEMENT DE LA SEINE SAINT DENIS
93,22930008201297,admissible_et_classe,,2026-10-08T12:24:23.453936+00:00,DEPARTEMENT DE LA SEINE SAINT DENIS
93,22930008201305,admissible_et_classe,,2026-10-08T12:24:23.683666+00:00,DEPARTEMENT DE LA SEINE SAINT DENIS
93,22930008201313,admissible_et_classe,,2026-10-08T12:24:23.878391+00:00,DEPARTEMENT DE LA SEINE SAINT DENIS
93,22930008201321,admissible_et_classe,,2026-10-08T12:24:24.069383+00:00,DEPARTEMENT DE LA SEINE SAINT DENIS
93,22930008201354,admissible_et_classe,,2026-10-08T12:24:24.282194+00:00,DEPARTEMENT DE LA SEINE SAINT DENIS
93,22930008201362,admissible_et_classe,,2026-10-08T12:24:24.415528+00:00,DEPARTEMENT DE LA SEINE SAINT DENIS
93,22930008201370,admissible_et_classe,,2026-10-08T12:24:24.617791+00:00,DEPARTEMENT DE LA SEINE SAINT DENIS
93,22930008201388,admissible_et_classe,,2026-10-08T12:24:24.838107+00:00,DEPARTEMENT DE LA SEINE SAINT DENIS
93,22930008201396,admissible_et_classe,,2026-10-08T12:24:25.042687+00:00,DEPARTEMENT DE LA SEINE SAINT DENIS
93,22930008201404,admissible_et_classe,,2026-10-08T12:24:25.246912+00:00,DEPARTEMENT DE LA SEINE SAINT DENIS
93,22930008201412,admissible_et_classe,,2026-10-08T12:24:25.467216+00:00,DEPARTEMENT DE LA SEINE SAINT DENIS
93,22930008201420,admissible_et_classe,,2026-10-08T12:24:25.682378+00:00,DEPARTEMENT DE LA SEINE SAINT DENIS
93,22930008201446,admissible_et_classe,,2026-10-08T12:24:25.872607+00:00,DEPARTEMENT DE LA SEINE SAINT DENIS
93,22930008201453,admissible_et_classe,,2026-10-08T12:24:26.076469+00:00,DEPARTEMENT DE LA SEINE SAINT DENIS
93,22930008201461,admissible_et_classe,,2026-10-08T12:24:26.282321+00:00,DEPARTEMENT DE LA SEINE SAINT DENIS
93,22930008201479,admissible_et_classe,,2026-10-08T12:24:26.482716+00:00,DEPARTEMENT DE LA SEINE SAINT DENIS
93,22930008201487,admissible_et_classe,,2026-10-08T12:24:26.691431+00:00,DEPARTEMENT DE LA SEINE SAINT DENIS
93,22930008201495,admissible_et_classe,,2026-10-08T12:24:26.904115+00:00,DEPARTEMENT DE LA SEINE SAINT DENIS
93,22930008201503,admissible_et_classe,,2026-10-08T12:24:27.109542+00:00,DEPARTEMENT DE LA SEINE SAINT DENIS
93,22930008201511,admissible_et_classe,,2026-10-08T12:24:27.303335+00:00,DEPARTEMENT DE LA SEINE SAINT DENIS
93,22930008201529,admissible_et_classe,,2026-10-08T12:24:27.510691+00:00,DEPARTEMENT DE LA SEINE SAINT DENIS
93,22930008201537,admissible_et_classe,,2026-10-08T12:24:27.715694+00:00,DEPARTEMENT DE LA SEINE SAINT DENIS
93,22930008201545,admissible_et_classe,,2026-10-08T12:24:27.984848+00:00,DEPARTEMENT DE LA SEINE SAINT DENIS
93,22930008201552,admissible_et_classe,,2026-10-08T12:24:28.118373+00:00,DEPARTEMENT DE LA SEINE SAINT DENIS
94,22940028801059,admissible_et_classe,,2026-10-08T10:37:39.081954+00:00,DEPARTEMENT DU VAL DE MARNE
94,22940028801067,admissible_et_classe,,2026-10-08T10:37:40.305924+00:00,DEPARTEMENT DU VAL DE MARNE
94,22940028801075,admissible_et_classe,,2026-10-08T10:37:39.491967+00:00,DEPARTEMENT DU VAL DE MARNE
94,22940028801083,admissible_et_classe,,2026-10-08T10:37:39.700216+00:00,DEPARTEMENT DU VAL DE MARNE
94,22940028801109,admissible_et_classe,,2026-10-08T10:37:39.918627+00:00,DEPARTEMENT DU VAL DE MARNE
94,22940028801117,admissible_et_classe,,2026-10-08T10:37:40.105313+00:00,DEPARTEMENT DU VAL DE MARNE
94,22940028801133,admissible_et_classe,,2026-10-08T10:37:40.330470+00:00,DEPARTEMENT DU VAL DE MARNE
94,22940028801141,admissible_et_classe,,2026-10-08T10:37:40.514750+00:00,DEPARTEMENT DU VAL DE MARNE
94,22940028801174,admissible_et_classe,,2026-10-08T10:37:40.819213+00:00,DEPARTEMENT DU VAL DE MARNE
94,22940028801182,admissible_et_classe,,2026-10-08T10:37:40.924628+00:00,DEPARTEMENT DU VAL DE MARNE
94,22940028801208,admissible_et_classe,,2026-10-08T10:37:41.225867+00:00,DEPARTEMENT DU VAL DE MARNE
94,22940028801216,admissible_et_classe,,2026-10-08T10:37:41.366679+00:00,DEPARTEMENT DU VAL DE MARNE
94,22940028801232,admissible_et_classe,,2026-10-08T10:37:41.532963+00:00,DEPARTEMENT DU VAL DE MARNE
94,22940028801240,admissible_et_classe,,2026-10-08T10:37:41.882908+00:00,DEPARTEMENT DU VAL DE MARNE
94,22940028801265,admissible_et_classe,,2026-10-08T10:37:42.161698+00:00,DEPARTEMENT DU VAL DE MARNE
94,22940028801281,admissible_et_classe,,2026-10-08T10:37:42.198288+00:00,DEPARTEMENT DU VAL DE MARNE
94,22940028801299,admissible_et_classe,,2026-10-08T10:37:42.363813+00:00,DEPARTEMENT DU VAL DE MARNE
94,22940028801307,admissible_et_classe,,2026-10-08T10:37:42.569850+00:00,DEPARTEMENT DU VAL DE MARNE
94,22940028801315,admissible_et_classe,,2026-10-08T10:37:43.842581+00:00,DEPARTEMENT DU VAL DE MARNE
94,22940028801323,admissible_et_classe,,2026-10-08T10:37:42.973726+00:00,DEPARTEMENT DU VAL DE MARNE
94,22940028801331,admissible_et_classe,,2026-10-08T10:37:43.260331+00:00,DEPARTEMENT DU VAL DE MARNE
94,22940028801349,admissible_et_classe,,2026-10-08T10:37:43.385377+00:00,DEPARTEMENT DU VAL DE MARNE
94,22940028801356,admissible_et_classe,,2026-10-08T10:37:43.589339+00:00,DEPARTEMENT DU VAL DE MARNE
94,22940028801372,admissible_et_classe,,2026-10-08T10:37:43.830420+00:00,DEPARTEMENT DU VAL DE MARNE
94,22940028801398,admissible_et_classe,,2026-10-08T10:37:44.058594+00:00,DEPARTEMENT DU VAL DE MARNE
94,22940028801414,admissible_et_classe,,2026-10-08T10:37:44.312151+00:00,DEPARTEMENT DU VAL DE MARNE
94,22940028801422,admissible_et_classe,,2026-10-08T10:37:44.477525+00:00,DEPARTEMENT DU VAL DE MARNE
94,22940028801430,admissible_et_classe,,2026-10-08T10:37:44.627108+00:00,DEPARTEMENT DU VAL DE MARNE
94,22940028801448,admissible_et_classe,,2026-10-08T10:37:44.831306+00:00,DEPARTEMENT DU VAL DE MARNE
94,22940028801455,admissible_et_classe,,2026-10-08T10:37:45.031377+00:00,DEPARTEMENT DU VAL DE MARNE
94,22940028801471,admissible_et_classe,,2026-10-08T10:37:45.279604+00:00,DEPARTEMENT DU VAL DE MARNE
94,22940028801489,admissible_et_classe,,2026-10-08T10:37:45.468415+00:00,DEPARTEMENT DU VAL DE MARNE
94,22940028801505,admissible_et_classe,,2026-10-08T10:37:45.657107+00:00,DEPARTEMENT DU VAL DE MARNE
94,22940028801562,admissible_et_classe,,2026-10-08T10:37:45.868762+00:00,DEPARTEMENT DU VAL DE MARNE
94,22940028801570,admissible_et_classe,,2026-10-08T10:37:46.069146+00:00,DEPARTEMENT DU VAL DE MARNE
94,22940028801588,admissible_et_classe,,2026-10-08T10:37:46.388950+00:00,DEPARTEMENT DU VAL DE MARNE
94,22940028801596,admissible_et_classe,,2026-10-08T10:37:46.477359+00:00,DEPARTEMENT DU VAL DE MARNE
94,22940028801646,admissible_et_classe,,2026-10-08T10:37:46.685853+00:00,DEPARTEMENT DU VAL DE MARNE
94,22940028801653,admissible_et_classe,,2026-10-08T10:37:46.891003+00:00,DEPARTEMENT DU VAL DE MARNE
94,22940028801661,admissible_et_classe,,2026-10-08T10:37:47.083013+00:00,DEPARTEMENT DU VAL DE MARNE
94,22940028801679,admissible_et_classe,,2026-10-08T10:37:47.296372+00:00,DEPARTEMENT DU VAL DE MARNE
94,22940028801687,admissible_et_classe,,2026-10-08T10:37:47.527392+00:00,DEPARTEMENT DU VAL DE MARNE
94,22940028801695,admissible_et_classe,,2026-10-08T10:37:47.705590+00:00,DEPARTEMENT DU VAL DE MARNE
94,22940028801703,admissible_et_classe,,2026-10-08T10:37:47.917331+00:00,DEPARTEMENT DU VAL DE MARNE
94,22940028801711,admissible_et_classe,,2026-10-08T10:37:48.132419+00:00,DEPARTEMENT DU VAL DE MARNE
94,22940028801737,admissible_et_classe,,2026-10-08T10:37:48.349022+00:00,DEPARTEMENT DU VAL DE MARNE
94,22940028801745,admissible_et_classe,,2026-10-08T10:37:48.530219+00:00,DEPARTEMENT DU VAL DE MARNE
94,22940028801752,admissible_et_classe,,2026-10-08T10:37:48.745669+00:00,DEPARTEMENT DU VAL DE MARNE
94,22940028801760,admissible_et_classe,,2026-10-08T10:37:48.957070+00:00,DEPARTEMENT DU VAL DE MARNE
94,22940028801778,admissible_et_classe,,2026-10-08T10:37:49.151142+00:00,DEPARTEMENT DU VAL DE MARNE
94,22940028801786,admissible_et_classe,,2026-10-08T10:37:49.363098+00:00,DEPARTEMENT DU VAL DE MARNE
94,22940028801794,admissible_et_classe,,2026-10-08T10:37:49.567232+00:00,DEPARTEMENT DU VAL DE MARNE
94,22940028801802,admissible_et_classe,,2026-10-08T10:37:49.778650+00:00,DEPARTEMENT DU VAL DE MARNE
94,22940028801810,admissible_et_classe,,2026-10-08T10:37:49.991891+00:00,DEPARTEMENT DU VAL DE MARNE
94,22940028801828,admissible_et_classe,,2026-10-08T10:37:50.182544+00:00,DEPARTEMENT DU VAL DE MARNE
94,22940028801836,admissible_et_classe,,2026-10-08T10:37:50.390855+00:00,DEPARTEMENT DU VAL DE MARNE
94,22940028801844,admissible_et_classe,,2026-10-08T10:37:50.610277+00:00,DEPARTEMENT DU VAL DE MARNE
94,22940028801851,admissible_et_classe,,2026-10-08T10:37:50.804050+00:00,DEPARTEMENT DU VAL DE MARNE
94,22940028801869,admissible_et_classe,,2026-10-08T10:37:51.022425+00:00,DEPARTEMENT DU VAL DE MARNE
94,22940028801877,admissible_et_classe,,2026-10-08T10:37:51.233026+00:00,DEPARTEMENT DU VAL DE MARNE
94,22940028801885,admissible_et_classe,,2026-10-08T10:37:51.448462+00:00,DEPARTEMENT DU VAL DE MARNE
94,22940028801893,admissible_et_classe,,2026-10-08T10:37:51.651544+00:00,DEPARTEMENT DU VAL DE MARNE
94,22940028801901,admissible_et_classe,,2026-10-08T10:37:51.836261+00:00,DEPARTEMENT DU VAL DE MARNE
94,22940028801919,admissible_et_classe,,2026-10-08T10:37:52.049962+00:00,DEPARTEMENT DU VAL DE MARNE
94,22940028801927,admissible_et_classe,,2026-10-08T10:37:52.291249+00:00,DEPARTEMENT DU VAL DE MARNE
94,22940028801935,admissible_et_classe,,2026-10-08T10:37:52.532430+00:00,DEPARTEMENT DU VAL DE MARNE
94,22940028801943,admissible_et_classe,,2026-10-08T10:37:52.701062+00:00,DEPARTEMENT DU VAL DE MARNE
94,22940028801950,rejete_au_controle_actuel,sans_position,2026-10-08T12:31:23.369782+00:00,
94,22940028801968,admissible_et_classe,,2026-10-08T10:37:53.031246+00:00,DEPARTEMENT DU VAL DE MARNE
94,22940028801976,admissible_et_classe,,2026-10-08T10:37:53.103614+00:00,DEPARTEMENT DU VAL DE MARNE
94,22940028801984,admissible_et_classe,,2026-10-08T10:37:53.315736+00:00,DEPARTEMENT DU VAL DE MARNE
94,22940028801992,admissible_et_classe,,2026-10-08T10:37:53.544854+00:00,DEPARTEMENT DU VAL DE MARNE
94,22940028802008,admissible_et_classe,,2026-10-08T10:37:53.724957+00:00,DEPARTEMENT DU VAL DE MARNE
94,22940028802016,admissible_et_classe,,2026-10-08T10:37:53.929444+00:00,DEPARTEMENT DU VAL DE MARNE
94,22940028802024,admissible_et_classe,,2026-10-08T10:37:54.134847+00:00,DEPARTEMENT DU VAL DE MARNE
94,22940028802040,admissible_et_classe,,2026-10-08T12:31:23.553914+00:00,DEPARTEMENT DU VAL DE MARNE
94,22940028802057,admissible_et_classe,,2026-10-08T12:31:23.766285+00:00,DEPARTEMENT DU VAL DE MARNE
94,22940028802065,admissible_et_classe,,2026-10-08T12:31:23.961933+00:00,DEPARTEMENT DU VAL DE MARNE
94,22940028802073,admissible_et_classe,,2026-10-08T12:31:24.165302+00:00,DEPARTEMENT DU VAL DE MARNE
94,22940028802081,admissible_et_classe,,2026-10-08T12:31:24.371615+00:00,DEPARTEMENT DU VAL DE MARNE
94,22940028802099,admissible_et_classe,,2026-10-08T12:31:24.567874+00:00,DEPARTEMENT DU VAL DE MARNE
94,22940028802107,admissible_et_classe,,2026-10-08T12:31:24.794066+00:00,DEPARTEMENT DU VAL DE MARNE
94,22940028802115,admissible_et_classe,,2026-10-08T12:31:24.978286+00:00,DEPARTEMENT DU VAL DE MARNE
94,22940028802123,admissible_et_classe,,2026-10-08T12:31:25.186346+00:00,DEPARTEMENT DU VAL DE MARNE
94,22940028802131,admissible_et_classe,,2026-10-08T12:31:25.387557+00:00,DEPARTEMENT DU VAL DE MARNE
94,22940028802149,admissible_et_classe,,2026-10-08T12:31:25.586204+00:00,DEPARTEMENT DU VAL DE MARNE
77,24770005700075,rejete_au_controle_actuel,sans_position,2026-10-08T12:15:29.196623+00:00,
77,24770022200018,rejete_au_controle_actuel,sans_position,2026-10-08T12:15:29.345954+00:00,
77,25770033600015,rejete_au_controle_actuel,sans_position,2026-10-08T12:15:29.551543+00:00,
77,25770044300019,rejete_au_controle_actuel,sans_position,2026-10-08T12:15:29.763692+00:00,
77,25770045000014,rejete_au_controle_actuel,sans_position,2026-10-08T12:15:29.960613+00:00,
77,25770120100010,rejete_au_controle_actuel,sans_position,2026-10-08T12:15:30.198278+00:00,
77,25770139100019,rejete_au_controle_actuel,sans_position,2026-10-08T12:15:30.374220+00:00,
77,25770189600033,rejete_au_controle_actuel,sans_position,2026-10-08T12:15:30.571314+00:00,
77,25770195300024,rejete_au_controle_actuel,sans_position,2026-10-08T12:15:30.780959+00:00,
77,25770213400012,rejete_au_controle_actuel,sans_position,2026-10-08T12:15:31.010373+00:00,
77,25770227400016,rejete_au_controle_actuel,sans_position,2026-10-08T12:15:31.179873+00:00,
77,25770236500012,rejete_au_controle_actuel,sans_position,2026-10-08T12:15:31.441534+00:00,
77,25770273800028,rejete_au_controle_actuel,sans_position,2026-10-08T12:15:31.601207+00:00,
77,25770275300019,rejete_au_controle_actuel,sans_position,2026-10-08T12:15:31.789128+00:00,
77,25770281100015,rejete_au_controle_actuel,sans_position,2026-10-08T12:15:32.072047+00:00,
77,25770287800014,rejete_au_controle_actuel,sans_position,2026-10-08T12:15:32.191033+00:00,
77,25770349600014,rejete_au_controle_actuel,sans_position,2026-10-08T12:15:32.401258+00:00,
77,25770368600010,rejete_au_controle_actuel,sans_position,2026-10-08T12:15:32.605834+00:00,
77,25770378500010,rejete_au_controle_actuel,sans_position,2026-10-08T12:15:32.861781+00:00,
77,25770393400014,rejete_au_controle_actuel,sans_position,2026-10-08T12:15:33.020777+00:00,
77,25770397500017,rejete_au_controle_actuel,sans_position,2026-10-08T12:15:33.220085+00:00,
77,25770407200012,rejete_au_controle_actuel,sans_position,2026-10-08T12:15:33.424935+00:00,
77,25770425400016,rejete_au_controle_actuel,sans_position,2026-10-08T12:15:33.625148+00:00,
77,25770449400018,rejete_au_controle_actuel,sans_position,2026-10-08T12:15:33.833793+00:00,
77,25770461900010,rejete_au_controle_actuel,sans_position,2026-10-08T12:15:34.437310+00:00,
77,25770473400017,rejete_au_controle_actuel,sans_position,2026-10-08T12:15:34.536106+00:00,
77,25770503800012,rejete_au_controle_actuel,sans_position,2026-10-08T12:15:34.744868+00:00,
77,25770541800016,rejete_au_controle_actuel,sans_position,2026-10-08T12:15:34.986189+00:00,
77,25770561600015,rejete_au_controle_actuel,sans_position,2026-10-08T12:15:35.159828+00:00,
94,26750004903118,admissible_et_classe,,2026-10-08T12:31:25.795997+00:00,CENTRE D'ACTION SOCIALE DE LA VILLE DE PARIS (CASVP)
94,26750004903456,admissible_et_classe,,2026-10-08T12:31:26.002238+00:00,CENTRE D'ACTION SOCIALE DE LA VILLE DE PARIS (CASVP)
94,26750004904454,admissible_et_classe,,2026-10-08T10:37:54.313056+00:00,CENTRE D'ACTION SOCIALE DE LA VILLE DE PARIS (CASVP)
77,26750035300060,rejete_au_controle_actuel,sans_position,2026-10-08T12:15:35.359205+00:00,
93,26750045201597,admissible_et_classe,,2026-10-08T12:24:28.321781+00:00,ASSISTANCE PUBLIQUE HOPITAUX DE PARIS (AP-HP)
94,26750045201647,admissible_et_classe,,2026-10-08T12:31:26.223887+00:00,ASSISTANCE PUBLIQUE HOPITAUX DE PARIS (AP-HP)
94,26750045201654,admissible_et_classe,,2026-10-08T12:31:26.404727+00:00,ASSISTANCE PUBLIQUE HOPITAUX DE PARIS (AP-HP)
94,26750045201746,admissible_et_classe,,2026-10-08T12:31:26.623273+00:00,ASSISTANCE PUBLIQUE HOPITAUX DE PARIS (AP-HP)
93,26750045201753,admissible_et_classe,,2026-10-08T12:24:28.563695+00:00,ASSISTANCE PUBLIQUE HOPITAUX DE PARIS (AP-HP)
94,26750045201761,admissible_et_classe,,2026-10-08T12:31:26.810839+00:00,ASSISTANCE PUBLIQUE HOPITAUX DE PARIS (AP-HP)
93,26750045201829,admissible_et_classe,,2026-10-08T12:24:28.761598+00:00,ASSISTANCE PUBLIQUE HOPITAUX DE PARIS (AP-HP)
94,26750045201845,admissible_et_classe,,2026-10-08T12:31:27.013249+00:00,ASSISTANCE PUBLIQUE HOPITAUX DE PARIS (AP-HP)
93,26750045201969,admissible_et_classe,,2026-10-08T12:24:28.938280+00:00,ASSISTANCE PUBLIQUE HOPITAUX DE PARIS (AP-HP)
77,26770017700020,rejete_au_controle_actuel,sans_position,2026-10-08T12:15:35.557064+00:00,
77,26770155500018,rejete_au_controle_actuel,sans_position,2026-10-08T12:15:35.704431+00:00,
77,26770766900011,rejete_au_controle_actuel,sans_position,2026-10-08T12:15:35.913015+00:00,
93,26930093500013,admissible_et_classe,,2026-10-08T12:24:29.147995+00:00,ETS PUBLIC DE SANTE DE VILLE-EVRARD
93,26930093500021,admissible_et_classe,,2026-10-08T12:24:29.358749+00:00,ETS PUBLIC DE SANTE DE VILLE-EVRARD
93,26930093500047,admissible_et_classe,,2026-10-08T12:24:29.559764+00:00,ETS PUBLIC DE SANTE DE VILLE-EVRARD
93,26930093500054,admissible_et_classe,,2026-10-08T12:24:29.762588+00:00,ETS PUBLIC DE SANTE DE VILLE-EVRARD
93,26930093500062,admissible_et_classe,,2026-10-08T12:24:29.966179+00:00,ETS PUBLIC DE SANTE DE VILLE-EVRARD
93,26930093500070,admissible_et_classe,,2026-10-08T12:24:30.167737+00:00,ETS PUBLIC DE SANTE DE VILLE-EVRARD
93,26930093500138,admissible_et_classe,,2026-10-08T12:24:30.416326+00:00,ETS PUBLIC DE SANTE DE VILLE-EVRARD
93,26930093500146,admissible_et_classe,,2026-10-08T12:24:30.620653+00:00,ETS PUBLIC DE SANTE DE VILLE-EVRARD
93,26930093500153,admissible_et_classe,,2026-10-08T12:24:30.824683+00:00,ETS PUBLIC DE SANTE DE VILLE-EVRARD
93,26930093500161,admissible_et_classe,,2026-10-08T12:24:31.030056+00:00,ETS PUBLIC DE SANTE DE VILLE-EVRARD
93,26930093500179,admissible_et_classe,,2026-10-08T12:24:31.234840+00:00,ETS PUBLIC DE SANTE DE VILLE-EVRARD
93,26930093500203,admissible_et_classe,,2026-10-08T12:24:31.439530+00:00,ETS PUBLIC DE SANTE DE VILLE-EVRARD
93,26930093500237,admissible_et_classe,,2026-10-08T12:24:31.644514+00:00,ETS PUBLIC DE SANTE DE VILLE-EVRARD
93,26930093500245,admissible_et_classe,,2026-10-08T12:24:31.964788+00:00,ETS PUBLIC DE SANTE DE VILLE-EVRARD
93,26930093500260,admissible_et_classe,,2026-10-08T12:24:32.066528+00:00,ETS PUBLIC DE SANTE DE VILLE-EVRARD
93,26930093500294,admissible_et_classe,,2026-10-08T12:24:32.228792+00:00,ETS PUBLIC DE SANTE DE VILLE-EVRARD
93,26930093500328,admissible_et_classe,,2026-10-08T12:24:32.407949+00:00,ETS PUBLIC DE SANTE DE VILLE-EVRARD
93,26930093500336,admissible_et_classe,,2026-10-08T12:24:32.618979+00:00,ETS PUBLIC DE SANTE DE VILLE-EVRARD
93,26930093500385,admissible_et_classe,,2026-10-08T12:24:32.829909+00:00,ETS PUBLIC DE SANTE DE VILLE-EVRARD
93,26930093500393,admissible_et_classe,,2026-10-08T12:24:33.028320+00:00,ETS PUBLIC DE SANTE DE VILLE-EVRARD
93,26930093500427,admissible_et_classe,,2026-10-08T12:24:33.236407+00:00,ETS PUBLIC DE SANTE DE VILLE-EVRARD
93,26930093500435,admissible_et_classe,,2026-10-08T12:24:33.433813+00:00,ETS PUBLIC DE SANTE DE VILLE-EVRARD
93,26930093500443,admissible_et_classe,,2026-10-08T12:24:33.642098+00:00,ETS PUBLIC DE SANTE DE VILLE-EVRARD
93,26930093500468,admissible_et_classe,,2026-10-08T12:24:33.855897+00:00,ETS PUBLIC DE SANTE DE VILLE-EVRARD
93,26930093500476,admissible_et_classe,,2026-10-08T12:24:34.071111+00:00,ETS PUBLIC DE SANTE DE VILLE-EVRARD
93,26930093500500,admissible_et_classe,,2026-10-08T12:24:34.256665+00:00,ETS PUBLIC DE SANTE DE VILLE-EVRARD
93,26930093500526,admissible_et_classe,,2026-10-08T12:24:34.463743+00:00,ETS PUBLIC DE SANTE DE VILLE-EVRARD
93,26930093500534,admissible_et_classe,,2026-10-08T12:24:34.666535+00:00,ETS PUBLIC DE SANTE DE VILLE-EVRARD
93,26930093500542,admissible_et_classe,,2026-10-08T12:24:34.880891+00:00,ETS PUBLIC DE SANTE DE VILLE-EVRARD
93,26930093500559,admissible_et_classe,,2026-10-08T12:24:35.075546+00:00,ETS PUBLIC DE SANTE DE VILLE-EVRARD
93,26930093500567,admissible_et_classe,,2026-10-08T12:24:35.282998+00:00,ETS PUBLIC DE SANTE DE VILLE-EVRARD
93,26930093500575,admissible_et_classe,,2026-10-08T12:24:35.494049+00:00,ETS PUBLIC DE SANTE DE VILLE-EVRARD
93,26930093500583,admissible_et_classe,,2026-10-08T12:24:35.696363+00:00,ETS PUBLIC DE SANTE DE VILLE-EVRARD
93,26930093500591,admissible_et_classe,,2026-10-08T12:24:36.051525+00:00,ETS PUBLIC DE SANTE DE VILLE-EVRARD
93,26930093500609,admissible_et_classe,,2026-10-08T12:24:36.164544+00:00,ETS PUBLIC DE SANTE DE VILLE-EVRARD
93,26930093500625,admissible_et_classe,,2026-10-08T12:24:36.322112+00:00,ETS PUBLIC DE SANTE DE VILLE-EVRARD
93,26930093500633,admissible_et_classe,,2026-10-08T12:24:36.514046+00:00,ETS PUBLIC DE SANTE DE VILLE-EVRARD
93,26930093500641,admissible_et_classe,,2026-10-08T12:24:36.746964+00:00,ETS PUBLIC DE SANTE DE VILLE-EVRARD
93,26930093500658,admissible_et_classe,,2026-10-08T12:24:36.916782+00:00,ETS PUBLIC DE SANTE DE VILLE-EVRARD
93,26930093500666,admissible_et_classe,,2026-10-08T12:24:37.133771+00:00,ETS PUBLIC DE SANTE DE VILLE-EVRARD
93,26930093500674,admissible_et_classe,,2026-10-08T12:24:37.331074+00:00,ETS PUBLIC DE SANTE DE VILLE-EVRARD
93,26930093500690,admissible_et_classe,,2026-10-08T12:24:37.538532+00:00,ETS PUBLIC DE SANTE DE VILLE-EVRARD
93,26930093500716,admissible_et_classe,,2026-10-08T12:24:37.767344+00:00,ETS PUBLIC DE SANTE DE VILLE-EVRARD
93,26930093500740,admissible_et_classe,,2026-10-08T12:24:37.949705+00:00,ETS PUBLIC DE SANTE DE VILLE-EVRARD
93,26930093500757,admissible_et_classe,,2026-10-08T12:24:38.149215+00:00,ETS PUBLIC DE SANTE DE VILLE-EVRARD
93,26930093500765,admissible_et_classe,,2026-10-08T12:24:38.352796+00:00,ETS PUBLIC DE SANTE DE VILLE-EVRARD
93,26930093500781,admissible_et_classe,,2026-10-08T12:24:38.568523+00:00,ETS PUBLIC DE SANTE DE VILLE-EVRARD
93,26930093500799,admissible_et_classe,,2026-10-08T12:24:38.768221+00:00,ETS PUBLIC DE SANTE DE VILLE-EVRARD
93,26930093500815,admissible_et_classe,,2026-10-08T12:24:38.973374+00:00,ETS PUBLIC DE SANTE DE VILLE-EVRARD
93,26930093500823,admissible_et_classe,,2026-10-08T12:24:39.168213+00:00,ETS PUBLIC DE SANTE DE VILLE-EVRARD
93,26930093500831,admissible_et_classe,,2026-10-08T12:24:39.378716+00:00,ETS PUBLIC DE SANTE DE VILLE-EVRARD
93,26930093500849,admissible_et_classe,,2026-10-08T12:24:39.631025+00:00,ETS PUBLIC DE SANTE DE VILLE-EVRARD
93,26930093500856,admissible_et_classe,,2026-10-08T12:24:39.783571+00:00,ETS PUBLIC DE SANTE DE VILLE-EVRARD
93,26930093500872,admissible_et_classe,,2026-10-08T12:24:39.999472+00:00,ETS PUBLIC DE SANTE DE VILLE-EVRARD
93,26930093500880,admissible_et_classe,,2026-10-08T12:24:40.223243+00:00,ETS PUBLIC DE SANTE DE VILLE-EVRARD
93,26930093500906,admissible_et_classe,,2026-10-08T12:24:40.412696+00:00,ETS PUBLIC DE SANTE DE VILLE-EVRARD
93,26930093500922,admissible_et_classe,,2026-10-08T12:24:40.605412+00:00,ETS PUBLIC DE SANTE DE VILLE-EVRARD
93,26930093500930,admissible_et_classe,,2026-10-08T12:24:40.824776+00:00,ETS PUBLIC DE SANTE DE VILLE-EVRARD
93,26930093500955,admissible_et_classe,,2026-10-08T12:24:41.028963+00:00,ETS PUBLIC DE SANTE DE VILLE-EVRARD
93,26930093500963,admissible_et_classe,,2026-10-08T12:24:41.219044+00:00,ETS PUBLIC DE SANTE DE VILLE-EVRARD
93,26930093500971,admissible_et_classe,,2026-10-08T12:24:41.424313+00:00,ETS PUBLIC DE SANTE DE VILLE-EVRARD
93,26930093500989,admissible_et_classe,,2026-10-08T12:24:41.657806+00:00,ETS PUBLIC DE SANTE DE VILLE-EVRARD
93,26930093500997,admissible_et_classe,,2026-10-08T12:24:41.862668+00:00,ETS PUBLIC DE SANTE DE VILLE-EVRARD
93,26930093501003,admissible_et_classe,,2026-10-08T12:24:42.031527+00:00,ETS PUBLIC DE SANTE DE VILLE-EVRARD
77,29770017100012,rejete_au_controle_actuel,sans_position,2026-10-08T12:15:36.182167+00:00,
77,29770141900014,rejete_au_controle_actuel,sans_position,2026-10-08T12:15:36.382646+00:00,
77,29770186400011,rejete_au_controle_actuel,sans_position,2026-10-08T12:15:36.588424+00:00,
77,29770210200015,rejete_au_controle_actuel,sans_position,2026-10-08T12:15:36.795134+00:00,
77,30056058800521,rejete_au_controle_actuel,sans_position,2026-10-08T12:15:36.925419+00:00,
77,30124112100013,rejete_au_controle_actuel,sans_position,2026-10-08T12:15:37.132413+00:00,
93,30134058403867,admissible_et_classe,,2026-10-08T12:24:42.291813+00:00,SAVELYS
77,30134058404477,admissible_et_classe,,2026-10-08T12:15:37.417113+00:00,SAVELYS
77,30134058404865,admissible_et_classe,,2026-10-08T12:15:37.612615+00:00,SAVELYS
93,30134058405300,admissible_et_classe,,2026-10-08T12:24:42.436944+00:00,SAVELYS
93,30134058405326,admissible_et_classe,,2026-10-08T12:24:42.652570+00:00,SAVELYS
94,30134058406746,admissible_et_classe,,2026-10-08T12:31:27.229552+00:00,SAVELYS
77,30134058407116,admissible_et_classe,,2026-10-08T12:15:37.817038+00:00,SAVELYS
77,30241999900065,rejete_au_classement,hors_filtre_nom,2026-10-08T12:15:38.015811+00:00,GDP GROUPE DE PREVENTION (GDP)
94,30247464800367,admissible_et_classe,,2026-10-08T12:31:27.557198+00:00,NATURALIA FRANCE
94,30247464800680,admissible_et_classe,,2026-10-08T12:31:27.629434+00:00,NATURALIA FRANCE
93,30247464800805,admissible_et_classe,,2026-10-08T12:24:42.863151+00:00,NATURALIA FRANCE
93,30247464802165,admissible_et_classe,,2026-10-08T12:24:43.065774+00:00,NATURALIA FRANCE
94,30247464802421,admissible_et_classe,,2026-10-08T12:31:27.825675+00:00,NATURALIA FRANCE
94,30247464802520,admissible_et_classe,,2026-10-08T12:31:28.025850+00:00,NATURALIA FRANCE
93,30247504102170,admissible_et_classe,,2026-10-08T12:24:43.291462+00:00,STELLANTIS &YOU FRANCE SAS
94,30247504102261,admissible_et_classe,,2026-10-08T12:31:28.320839+00:00,STELLANTIS &YOU FRANCE SAS
93,30247504102576,admissible_et_classe,,2026-10-08T12:24:43.485140+00:00,STELLANTIS &YOU FRANCE SAS
93,30247504102592,admissible_et_classe,,2026-10-08T12:24:43.685169+00:00,STELLANTIS &YOU FRANCE SAS
93,30247504102881,admissible_et_classe,,2026-10-08T12:24:43.892499+00:00,STELLANTIS &YOU FRANCE SAS
93,30247504102899,admissible_et_classe,,2026-10-08T12:24:44.094245+00:00,STELLANTIS &YOU FRANCE SAS
94,30247504103186,admissible_et_classe,,2026-10-08T12:31:28.445924+00:00,STELLANTIS &YOU FRANCE SAS
94,30247504103194,admissible_et_classe,,2026-10-08T12:31:28.639430+00:00,STELLANTIS &YOU FRANCE SAS
94,30247504103202,admissible_et_classe,,2026-10-08T12:31:28.851998+00:00,STELLANTIS &YOU FRANCE SAS
94,30247504103210,admissible_et_classe,,2026-10-08T12:31:29.048512+00:00,STELLANTIS &YOU FRANCE SAS
94,30247504103236,admissible_et_classe,,2026-10-08T12:31:29.256040+00:00,STELLANTIS &YOU FRANCE SAS
93,30247504103459,admissible_et_classe,,2026-10-08T12:24:44.289029+00:00,STELLANTIS &YOU FRANCE SAS
94,30269561401402,admissible_et_classe,,2026-10-08T12:31:29.445253+00:00,KONICA MINOLTA BUSINESS SOLUTIONS FRANCE
77,30269561401451,admissible_et_classe,,2026-10-08T12:15:38.225686+00:00,KONICA MINOLTA BUSINESS SOLUTIONS FRANCE
93,30343459100655,rejete_au_classement,hors_filtre_nom,2026-10-08T12:24:44.501572+00:00,SILLIKER (MERIEUX NUTRISCIENCES)
77,30343459100713,rejete_au_classement,hors_filtre_nom,2026-10-08T12:15:38.431954+00:00,SILLIKER (MERIEUX NUTRISCIENCES)
77,30431845400572,admissible_et_classe,,2026-10-08T10:36:00.761150+00:00,BESSON CHAUSSURES
77,30431845401125,admissible_et_classe,,2026-10-08T12:15:38.648019+00:00,BESSON CHAUSSURES
94,30431845401166,admissible_et_classe,,2026-10-08T12:31:29.669149+00:00,BESSON CHAUSSURES
94,30431845401513,admissible_et_classe,,2026-10-08T12:31:29.864222+00:00,BESSON CHAUSSURES
77,30431845401810,admissible_et_classe,,2026-10-08T12:15:38.841105+00:00,BESSON CHAUSSURES
77,30431845402008,admissible_et_classe,,2026-10-08T12:15:39.048328+00:00,BESSON CHAUSSURES
93,30438137900201,admissible_et_classe,,2026-10-08T10:36:57.136947+00:00,SELECT T.T. (RANDSTAD PROFESSIONAL & APPEL MEDICAL)
77,30449785203467,admissible_et_classe,,2026-10-08T12:15:39.250122+00:00,SECURITAS FRANCE SARL
77,30449785204028,admissible_et_classe,,2026-10-08T10:36:00.963648+00:00,SECURITAS FRANCE SARL
94,30449785204069,admissible_et_classe,,2026-10-08T10:37:54.529579+00:00,SECURITAS FRANCE SARL
94,30449785204077,admissible_et_classe,,2026-10-08T10:37:54.719280+00:00,SECURITAS FRANCE SARL
94,30449785204184,admissible_et_classe,,2026-10-08T10:37:54.930202+00:00,SECURITAS FRANCE SARL
77,30515426200862,admissible_et_classe,,2026-10-08T12:15:39.458429+00:00,JULES
94,30515426201589,admissible_et_classe,,2026-10-08T12:31:30.065750+00:00,JULES
93,30515426203361,admissible_et_classe,,2026-10-08T12:24:44.736800+00:00,JULES
93,30515426204013,admissible_et_classe,,2026-10-08T12:24:44.907462+00:00,JULES
77,30515426204344,admissible_et_classe,,2026-10-08T12:15:39.605918+00:00,JULES
77,30515426204351,admissible_et_classe,,2026-10-08T12:15:39.865303+00:00,JULES
93,30515426204476,admissible_et_classe,,2026-10-08T12:24:45.119653+00:00,JULES
77,30515426205796,admissible_et_classe,,2026-10-08T12:15:40.069067+00:00,JULES
93,30515426206166,admissible_et_classe,,2026-10-08T12:24:45.334170+00:00,JULES
94,30515426206455,admissible_et_classe,,2026-10-08T12:31:30.266007+00:00,JULES
77,30516533400015,rejete_au_controle_actuel,sans_position,2026-10-08T12:15:40.194200+00:00,
94,30525452600117,rejete_au_classement,hors_filtre_nom,2026-10-08T12:31:30.469557+00:00,INTERCONTROLE
93,30536216200060,admissible_et_classe,,2026-10-08T12:24:45.526594+00:00,ASSURANCES 2000
93,30536216200078,admissible_et_classe,,2026-10-08T12:24:45.723397+00:00,ASSURANCES 2000
94,30536216200094,admissible_et_classe,,2026-10-08T12:31:30.677844+00:00,ASSURANCES 2000
94,30536216200102,admissible_et_classe,,2026-10-08T12:31:30.891610+00:00,ASSURANCES 2000
94,30536216200193,admissible_et_classe,,2026-10-08T12:31:31.097096+00:00,ASSURANCES 2000
94,30536216200268,admissible_et_classe,,2026-10-08T12:31:31.296351+00:00,ASSURANCES 2000
94,30536216200284,admissible_et_classe,,2026-10-08T12:31:31.481680+00:00,ASSURANCES 2000
93,30536216200292,admissible_et_classe,,2026-10-08T12:24:45.929990+00:00,ASSURANCES 2000
93,30536216200300,admissible_et_classe,,2026-10-08T12:24:46.224893+00:00,ASSURANCES 2000
93,30536216200318,admissible_et_classe,,2026-10-08T12:24:46.390189+00:00,ASSURANCES 2000
94,30536216200367,admissible_et_classe,,2026-10-08T12:31:31.684949+00:00,ASSURANCES 2000
77,30536216200482,admissible_et_classe,,2026-10-08T12:15:40.355684+00:00,ASSURANCES 2000
93,30536216200524,admissible_et_classe,,2026-10-08T12:24:46.595413+00:00,ASSURANCES 2000
77,30536216200607,admissible_et_classe,,2026-10-08T12:15:40.564231+00:00,ASSURANCES 2000
93,30536216200631,admissible_et_classe,,2026-10-08T12:24:46.793924+00:00,ASSURANCES 2000
93,30536216200649,admissible_et_classe,,2026-10-08T12:24:47.005902+00:00,ASSURANCES 2000
93,30536216200672,admissible_et_classe,,2026-10-08T12:24:47.209513+00:00,ASSURANCES 2000
94,30536216200748,admissible_et_classe,,2026-10-08T12:31:31.921091+00:00,ASSURANCES 2000
94,30536216200755,admissible_et_classe,,2026-10-08T12:31:32.101279+00:00,ASSURANCES 2000
94,30536216200763,admissible_et_classe,,2026-10-08T12:31:32.295306+00:00,ASSURANCES 2000
77,30536216200961,admissible_et_classe,,2026-10-08T12:15:40.820974+00:00,ASSURANCES 2000
93,30536216200979,admissible_et_classe,,2026-10-08T12:24:47.413877+00:00,ASSURANCES 2000
93,30536216200995,admissible_et_classe,,2026-10-08T12:24:47.619283+00:00,ASSURANCES 2000
93,30536216201126,admissible_et_classe,,2026-10-08T12:24:47.825324+00:00,ASSURANCES 2000
94,30536216201191,admissible_et_classe,,2026-10-08T12:31:32.496266+00:00,ASSURANCES 2000
77,30536216201241,admissible_et_classe,,2026-10-08T12:15:40.979992+00:00,ASSURANCES 2000
93,30536216201258,admissible_et_classe,,2026-10-08T12:24:48.036270+00:00,ASSURANCES 2000
93,30536216201290,admissible_et_classe,,2026-10-08T12:24:48.227153+00:00,ASSURANCES 2000
77,30536216201514,admissible_et_classe,,2026-10-08T12:15:41.176044+00:00,ASSURANCES 2000
93,30536216201548,admissible_et_classe,,2026-10-08T12:24:48.404065+00:00,ASSURANCES 2000
77,30536216201738,admissible_et_classe,,2026-10-08T12:15:41.389797+00:00,ASSURANCES 2000
94,30536216203080,admissible_et_classe,,2026-10-08T10:37:55.144412+00:00,ASSURANCES 2000
77,30536216203700,admissible_et_classe,,2026-10-08T10:36:01.173146+00:00,ASSURANCES 2000
77,30536216203833,admissible_et_classe,,2026-10-08T10:36:01.391732+00:00,ASSURANCES 2000
94,30652266501636,admissible_et_classe,,2026-10-08T10:37:55.338963+00:00,"ABEILLE IARD & SANTE SOCIETE ANONYME D'ASSURANCES INCENDIE,  ACCIDENTS ET RISQUES DIVERS EN ABREGE ABEILLE IARD & SANTE (EUROFIL)"
93,30652266504093,admissible_et_classe,,2026-10-08T10:36:57.337132+00:00,"ABEILLE IARD & SANTE SOCIETE ANONYME D'ASSURANCES INCENDIE,  ACCIDENTS ET RISQUES DIVERS EN ABREGE ABEILLE IARD & SANTE (EUROFIL)"
77,30889577000185,admissible_et_classe,,2026-10-08T12:15:41.594901+00:00,SOGECA
77,30889577000250,admissible_et_classe,,2026-10-08T12:15:41.790097+00:00,SOGECA
77,30889577000268,admissible_et_classe,,2026-10-08T12:15:41.987504+00:00,SOGECA
77,30889577000326,admissible_et_classe,,2026-10-08T12:15:42.264480+00:00,SOGECA
93,30889577000359,admissible_et_classe,,2026-10-08T12:24:48.583683+00:00,SOGECA
93,30889577000367,admissible_et_classe,,2026-10-08T12:24:48.932970+00:00,SOGECA
93,30889577000383,admissible_et_classe,,2026-10-08T12:24:49.007515+00:00,SOGECA
77,30889577000441,admissible_et_classe,,2026-10-08T12:15:42.430104+00:00,SOGECA
94,30889577000458,admissible_et_classe,,2026-10-08T12:31:32.713960+00:00,SOGECA
94,30889577000615,admissible_et_classe,,2026-10-08T12:31:32.908635+00:00,SOGECA
93,30889577000839,admissible_et_classe,,2026-10-08T12:24:49.212798+00:00,SOGECA
94,30889577001282,admissible_et_classe,,2026-10-08T10:37:55.564614+00:00,SOGECA
94,30889577001563,admissible_et_classe,,2026-10-08T10:37:55.827912+00:00,SOGECA
77,30889577001738,admissible_et_classe,,2026-10-08T10:36:01.601342+00:00,SOGECA
94,30889577001746,admissible_et_classe,,2026-10-08T10:37:55.971693+00:00,SOGECA
77,30889577004799,admissible_et_classe,,2026-10-08T12:15:42.611281+00:00,SOGECA
77,30889577005358,admissible_et_classe,,2026-10-08T12:15:42.812115+00:00,SOGECA
94,30889577005374,admissible_et_classe,,2026-10-08T12:31:33.101473+00:00,SOGECA
94,30889577005424,admissible_et_classe,,2026-10-08T12:31:33.314457+00:00,SOGECA
77,30889577005663,admissible_et_classe,,2026-10-08T12:15:43.007005+00:00,SOGECA
93,30889577007115,admissible_et_classe,,2026-10-08T12:24:49.404964+00:00,SOGECA
77,30889577007172,admissible_et_classe,,2026-10-08T12:15:43.242266+00:00,SOGECA
94,30889577007289,admissible_et_classe,,2026-10-08T12:31:33.520985+00:00,SOGECA
77,30889577007461,admissible_et_classe,,2026-10-08T12:15:43.419551+00:00,SOGECA
77,30889577008006,admissible_et_classe,,2026-10-08T12:15:43.765744+00:00,SOGECA
94,30889577008014,admissible_et_classe,,2026-10-08T12:31:33.719342+00:00,SOGECA
94,30889577009087,admissible_et_classe,,2026-10-08T12:31:33.919769+00:00,SOGECA
77,30970699201727,admissible_et_classe,,2026-10-08T12:15:43.823020+00:00,GINGER
77,30983589000042,rejete_au_controle_actuel,sans_position,2026-10-08T12:15:44.025619+00:00,
94,30997963102364,admissible_et_classe,,2026-10-08T12:31:34.128100+00:00,LES COMPAGNONS
93,30997963102976,admissible_et_classe,,2026-10-08T12:24:49.617438+00:00,LES COMPAGNONS
77,30997963103271,admissible_et_classe,,2026-10-08T12:15:44.218621+00:00,LES COMPAGNONS
77,30997963103362,admissible_et_classe,,2026-10-08T12:15:44.434777+00:00,LES COMPAGNONS
94,31070064600022,rejete_au_controle_actuel,sans_position,2026-10-08T12:31:34.319024+00:00,
94,31099617801175,admissible_et_classe,,2026-10-08T12:31:34.530810+00:00,CIBLEX FRANCE
77,31116059202173,admissible_et_classe,,2026-10-08T12:15:44.853578+00:00,SODEXO SPORTS ET LOISIRS
77,31116059202181,admissible_et_classe,,2026-10-08T12:15:45.047143+00:00,SODEXO SPORTS ET LOISIRS
77,31116059202538,admissible_et_classe,,2026-10-08T12:15:45.342964+00:00,SODEXO SPORTS ET LOISIRS
93,31179945601230,admissible_et_classe,,2026-10-08T12:24:50.044509+00:00,DSV ROAD
77,31179945601248,admissible_et_classe,,2026-10-08T12:15:45.451709+00:00,DSV ROAD
94,31179945601271,admissible_et_classe,,2026-10-08T12:31:34.730682+00:00,DSV ROAD
94,31179945601412,admissible_et_classe,,2026-10-08T12:31:34.936838+00:00,DSV ROAD
93,31179945601446,admissible_et_classe,,2026-10-08T12:24:50.029608+00:00,DSV ROAD
93,31179945601453,admissible_et_classe,,2026-10-08T12:24:50.338128+00:00,DSV ROAD
77,31179945601487,admissible_et_classe,,2026-10-08T12:15:45.658037+00:00,DSV ROAD
77,31179945601925,admissible_et_classe,,2026-10-08T12:15:45.863176+00:00,DSV ROAD
77,31179945602097,admissible_et_classe,,2026-10-08T12:15:46.085128+00:00,DSV ROAD
94,31216038500059,rejete_au_controle_actuel,sans_position,2026-10-08T12:31:35.127359+00:00,
93,31221230100179,admissible_et_classe,,2026-10-08T12:24:50.432270+00:00,RENAULT RETAIL GROUP
93,31221230100187,admissible_et_classe,,2026-10-08T12:24:50.632807+00:00,RENAULT RETAIL GROUP
94,31221230100229,admissible_et_classe,,2026-10-08T12:31:35.394229+00:00,RENAULT RETAIL GROUP
94,31221230100237,admissible_et_classe,,2026-10-08T12:31:35.546096+00:00,RENAULT RETAIL GROUP
93,31221230102340,admissible_et_classe,,2026-10-08T12:24:50.840095+00:00,RENAULT RETAIL GROUP
94,31269439100110,rejete_au_controle_actuel,ferme_ou_autre_departement,2026-10-08T10:37:56.159267+00:00,
77,31376654500013,rejete_au_controle_actuel,sans_position,2026-10-08T12:15:46.262433+00:00,
77,31396568300011,rejete_au_controle_actuel,sans_position,2026-10-08T12:15:46.573231+00:00,
93,31411950401143,admissible_et_classe,,2026-10-08T12:24:51.054851+00:00,AIR LIQUIDE FRANCE INDUSTRIE
77,31411950401291,rejete_au_controle_actuel,sans_position,2026-10-08T12:15:46.705276+00:00,
77,31506328900013,rejete_au_controle_actuel,sans_position,2026-10-08T12:15:46.866203+00:00,
77,31531958200021,rejete_au_controle_actuel,sans_position,2026-10-08T12:15:47.370744+00:00,
94,31533401101400,admissible_et_classe,,2026-10-08T12:31:35.745638+00:00,GENERAL LOGISTICS SYSTEMS FRANCE
77,31533401102184,admissible_et_classe,,2026-10-08T12:15:47.282503+00:00,GENERAL LOGISTICS SYSTEMS FRANCE
93,31533401102291,admissible_et_classe,,2026-10-08T12:24:51.256471+00:00,GENERAL LOGISTICS SYSTEMS FRANCE
94,31533401102408,admissible_et_classe,,2026-10-08T12:31:35.936060+00:00,GENERAL LOGISTICS SYSTEMS FRANCE
77,31554935206572,admissible_et_classe,,2026-10-08T12:15:47.511943+00:00,MILEE (ADREXO ET LAST SMILE PARTNER)
77,31554935206598,admissible_et_classe,,2026-10-08T12:15:47.796049+00:00,MILEE (ADREXO ET LAST SMILE PARTNER)
77,31554935207141,admissible_et_classe,,2026-10-08T12:15:47.884964+00:00,MILEE (ADREXO ET LAST SMILE PARTNER)
94,31554935207166,admissible_et_classe,,2026-10-08T12:31:36.149709+00:00,MILEE (ADREXO ET LAST SMILE PARTNER)
93,31554935207232,admissible_et_classe,,2026-10-08T12:24:51.464498+00:00,MILEE (ADREXO ET LAST SMILE PARTNER)
77,31554935207331,admissible_et_classe,,2026-10-08T12:15:48.160169+00:00,MILEE (ADREXO ET LAST SMILE PARTNER)
77,31554935207471,admissible_et_classe,,2026-10-08T12:15:48.298444+00:00,MILEE (ADREXO ET LAST SMILE PARTNER)
77,31554935207745,admissible_et_classe,,2026-10-08T12:15:48.673014+00:00,MILEE (ADREXO ET LAST SMILE PARTNER)
77,31554935207752,admissible_et_classe,,2026-10-08T12:15:48.786567+00:00,MILEE (ADREXO ET LAST SMILE PARTNER)
93,31554935207802,admissible_et_classe,,2026-10-08T12:24:51.663105+00:00,MILEE (ADREXO ET LAST SMILE PARTNER)
93,31554935207992,admissible_et_classe,,2026-10-08T12:24:51.879575+00:00,MILEE (ADREXO ET LAST SMILE PARTNER)
77,31576925701163,admissible_et_classe,,2026-10-08T12:15:48.896940+00:00,CCF (CCF - BANQUE DES CARAIBES)
93,31576925702419,admissible_et_classe,,2026-10-08T12:24:52.068754+00:00,CCF (CCF - BANQUE DES CARAIBES)
93,31587164000431,admissible_et_classe,,2026-10-08T10:36:57.630749+00:00,IDEX ENERGIES
77,31716338400017,rejete_au_controle_actuel,sans_position,2026-10-08T12:15:49.113514+00:00,
77,31738571400017,rejete_au_controle_actuel,sans_position,2026-10-08T12:15:49.312010+00:00,
77,31778005400019,rejete_au_controle_actuel,sans_position,2026-10-08T12:15:49.573625+00:00,
77,31778006200491,admissible_et_classe,,2026-10-08T10:36:01.778714+00:00,STOKOMANI
77,31780344300512,rejete_au_controle_actuel,sans_position,2026-10-08T12:15:49.808174+00:00,
77,31808311001506,admissible_et_classe,,2026-10-08T12:15:49.914463+00:00,AMPLIFON FRANCE (CCAW)
77,31808311001571,admissible_et_classe,,2026-10-08T12:15:50.134271+00:00,AMPLIFON FRANCE (CCAW)
94,31808311001654,admissible_et_classe,,2026-10-08T12:31:36.348873+00:00,AMPLIFON FRANCE (CCAW)
77,31808311001829,admissible_et_classe,,2026-10-08T12:15:50.347816+00:00,AMPLIFON FRANCE (CCAW)
77,31808311001837,admissible_et_classe,,2026-10-08T12:15:50.571110+00:00,AMPLIFON FRANCE (CCAW)
77,31808311001845,admissible_et_classe,,2026-10-08T12:15:50.739333+00:00,AMPLIFON FRANCE (CCAW)
94,31808311001993,admissible_et_classe,,2026-10-08T12:31:36.622078+00:00,AMPLIFON FRANCE (CCAW)
77,31808311002116,admissible_et_classe,,2026-10-08T12:15:50.942205+00:00,AMPLIFON FRANCE (CCAW)
77,31808311002124,admissible_et_classe,,2026-10-08T12:15:51.186216+00:00,AMPLIFON FRANCE (CCAW)
93,31808311004260,admissible_et_classe,,2026-10-08T12:24:52.334457+00:00,AMPLIFON FRANCE (CCAW)
94,31808311005317,admissible_et_classe,,2026-10-08T12:31:36.924263+00:00,AMPLIFON FRANCE (CCAW)
93,31808311005325,admissible_et_classe,,2026-10-08T12:24:52.490829+00:00,AMPLIFON FRANCE (CCAW)
93,31808311005333,admissible_et_classe,,2026-10-08T12:24:52.682872+00:00,AMPLIFON FRANCE (CCAW)
93,31808311005366,admissible_et_classe,,2026-10-08T12:24:52.885943+00:00,AMPLIFON FRANCE (CCAW)
94,31808311005390,admissible_et_classe,,2026-10-08T12:31:37.025706+00:00,AMPLIFON FRANCE (CCAW)
94,31808311005408,admissible_et_classe,,2026-10-08T12:31:37.230923+00:00,AMPLIFON FRANCE (CCAW)
93,31808311005531,admissible_et_classe,,2026-10-08T12:24:53.084085+00:00,AMPLIFON FRANCE (CCAW)
93,31808311005812,admissible_et_classe,,2026-10-08T12:24:53.304227+00:00,AMPLIFON FRANCE (CCAW)
93,31808311005895,admissible_et_classe,,2026-10-08T12:24:53.542607+00:00,AMPLIFON FRANCE (CCAW)
93,31808311005903,admissible_et_classe,,2026-10-08T12:24:53.748149+00:00,AMPLIFON FRANCE (CCAW)
93,31808311005911,admissible_et_classe,,2026-10-08T12:24:53.920723+00:00,AMPLIFON FRANCE (CCAW)
93,31808311006109,admissible_et_classe,,2026-10-08T12:24:54.137232+00:00,AMPLIFON FRANCE (CCAW)
93,31808311006638,admissible_et_classe,,2026-10-08T12:24:54.330488+00:00,AMPLIFON FRANCE (CCAW)
94,31808311007446,admissible_et_classe,,2026-10-08T12:31:37.438158+00:00,AMPLIFON FRANCE (CCAW)
93,31808311007743,admissible_et_classe,,2026-10-08T12:24:54.540743+00:00,AMPLIFON FRANCE (CCAW)
93,31808311007750,admissible_et_classe,,2026-10-08T12:24:54.761358+00:00,AMPLIFON FRANCE (CCAW)
93,31808311008048,admissible_et_classe,,2026-10-08T12:24:54.971706+00:00,AMPLIFON FRANCE (CCAW)
77,31808311008824,admissible_et_classe,,2026-10-08T12:15:51.385653+00:00,AMPLIFON FRANCE (CCAW)
93,31808311009046,admissible_et_classe,,2026-10-08T12:24:55.166671+00:00,AMPLIFON FRANCE (CCAW)
94,31808311009079,admissible_et_classe,,2026-10-08T12:31:37.640161+00:00,AMPLIFON FRANCE (CCAW)
94,31808311009103,admissible_et_classe,,2026-10-08T12:31:37.887054+00:00,AMPLIFON FRANCE (CCAW)
77,31808311009343,admissible_et_classe,,2026-10-08T12:15:51.714944+00:00,AMPLIFON FRANCE (CCAW)
94,31808311009699,admissible_et_classe,,2026-10-08T12:31:38.050139+00:00,AMPLIFON FRANCE (CCAW)
77,31808311009756,admissible_et_classe,,2026-10-08T12:15:51.755177+00:00,AMPLIFON FRANCE (CCAW)
77,31808311010978,admissible_et_classe,,2026-10-08T12:15:51.949527+00:00,AMPLIFON FRANCE (CCAW)
77,31808311011109,admissible_et_classe,,2026-10-08T12:15:52.208993+00:00,AMPLIFON FRANCE (CCAW)
93,31808311011406,admissible_et_classe,,2026-10-08T12:24:55.360850+00:00,AMPLIFON FRANCE (CCAW)
77,31808311011463,admissible_et_classe,,2026-10-08T12:15:52.371621+00:00,AMPLIFON FRANCE (CCAW)
94,31808311011513,admissible_et_classe,,2026-10-08T12:31:38.256441+00:00,AMPLIFON FRANCE (CCAW)
77,31808311011612,admissible_et_classe,,2026-10-08T12:15:52.569523+00:00,AMPLIFON FRANCE (CCAW)
94,31808311012040,admissible_et_classe,,2026-10-08T12:31:38.421926+00:00,AMPLIFON FRANCE (CCAW)
77,31808311012370,admissible_et_classe,,2026-10-08T12:15:52.794956+00:00,AMPLIFON FRANCE (CCAW)
77,31808311012644,admissible_et_classe,,2026-10-08T12:15:52.968624+00:00,AMPLIFON FRANCE (CCAW)
77,31830809500047,rejete_au_controle_actuel,sans_position,2026-10-08T12:15:53.159546+00:00,
93,31882974400024,rejete_au_controle_actuel,sans_position,2026-10-08T12:24:55.694082+00:00,
77,31890644300326,admissible_et_classe,,2026-10-08T10:36:01.983772+00:00,BUFFALO GRILL
77,31890644300425,admissible_et_classe,,2026-10-08T10:36:02.187797+00:00,BUFFALO GRILL
93,31890644301225,admissible_et_classe,,2026-10-08T12:24:55.782496+00:00,BUFFALO GRILL
77,31890644301613,admissible_et_classe,,2026-10-08T12:15:53.370834+00:00,BUFFALO GRILL
93,31890644301662,admissible_et_classe,,2026-10-08T12:24:55.995860+00:00,BUFFALO GRILL
77,31890644301753,admissible_et_classe,,2026-10-08T12:15:53.591547+00:00,BUFFALO GRILL
77,31890644301894,admissible_et_classe,,2026-10-08T12:15:53.786776+00:00,BUFFALO GRILL
94,31890659101056,admissible_et_classe,,2026-10-08T12:31:38.590582+00:00,LA BRIOCHE DOREE
94,31890659101072,admissible_et_classe,,2026-10-08T12:31:38.788383+00:00,LA BRIOCHE DOREE
94,31890659101080,admissible_et_classe,,2026-10-08T12:31:38.994489+00:00,LA BRIOCHE DOREE
93,31890659101718,admissible_et_classe,,2026-10-08T12:24:56.195597+00:00,LA BRIOCHE DOREE
93,31890659101734,admissible_et_classe,,2026-10-08T12:24:56.546203+00:00,LA BRIOCHE DOREE
93,31890659101759,admissible_et_classe,,2026-10-08T12:24:56.600989+00:00,LA BRIOCHE DOREE
94,31890659101809,admissible_et_classe,,2026-10-08T12:31:39.192787+00:00,LA BRIOCHE DOREE
77,31890659102211,admissible_et_classe,,2026-10-08T12:15:53.981175+00:00,LA BRIOCHE DOREE
93,31890659102476,admissible_et_classe,,2026-10-08T12:24:56.955003+00:00,LA BRIOCHE DOREE
77,31942731600108,admissible_et_classe,,2026-10-08T12:15:54.194030+00:00,SANDRO ANDY
77,32044110800034,admissible_et_classe,,2026-10-08T12:15:54.395592+00:00,PUM
77,32044110800430,admissible_et_classe,,2026-10-08T12:15:54.595090+00:00,PUM
94,32044110800489,admissible_et_classe,,2026-10-08T12:31:39.401008+00:00,PUM
77,32044110800521,admissible_et_classe,,2026-10-08T12:15:54.809465+00:00,PUM
93,32044110802089,admissible_et_classe,,2026-10-08T10:36:57.745597+00:00,PUM
93,32044110802097,admissible_et_classe,,2026-10-08T10:36:57.960217+00:00,PUM
94,32044110803129,rejete_au_controle_actuel,sans_position,2026-10-08T12:31:39.601209+00:00,
77,32044110803236,admissible_et_classe,,2026-10-08T12:15:54.991337+00:00,PUM
77,32066035000176,rejete_au_controle_actuel,sans_position,2026-10-08T12:15:55.204643+00:00,
93,32077251001491,admissible_et_classe,,2026-10-08T10:36:58.163321+00:00,FLUNCH (FLUNCH)
94,32077251001517,admissible_et_classe,,2026-10-08T10:37:56.371281+00:00,FLUNCH (FLUNCH)
77,32077251001574,admissible_et_classe,,2026-10-08T10:36:02.402664+00:00,FLUNCH (FLUNCH)
77,32095387000013,rejete_au_controle_actuel,sans_position,2026-10-08T12:15:55.486660+00:00,
94,32095539602575,admissible_et_classe,,2026-10-08T12:31:39.834376+00:00,RUBIX FRANCE
94,32095539603680,admissible_et_classe,,2026-10-08T12:31:40.041483+00:00,RUBIX FRANCE
94,32173632401052,admissible_et_classe,,2026-10-08T12:31:40.206442+00:00,SO FRA DE
77,32208508500023,rejete_au_controle_actuel,sans_position,2026-10-08T12:15:55.624918+00:00,
77,32242434200176,admissible_et_classe,,2026-10-08T12:15:55.814344+00:00,VETIR
94,32242434200549,admissible_et_classe,,2026-10-08T12:31:40.521440+00:00,VETIR
77,32242434203238,admissible_et_classe,,2026-10-08T12:15:56.145443+00:00,VETIR
94,32242434204053,admissible_et_classe,,2026-10-08T12:31:40.726317+00:00,VETIR
77,32242434204095,admissible_et_classe,,2026-10-08T12:15:56.336158+00:00,VETIR
77,32242434204848,admissible_et_classe,,2026-10-08T12:15:56.531991+00:00,VETIR
77,32242434205738,admissible_et_classe,,2026-10-08T12:15:56.748456+00:00,VETIR
77,32242434206041,admissible_et_classe,,2026-10-08T12:15:56.817556+00:00,VETIR
77,32242434206074,admissible_et_classe,,2026-10-08T12:15:57.024569+00:00,VETIR
94,32242434206165,admissible_et_classe,,2026-10-08T12:31:40.920035+00:00,VETIR
77,32242434206876,admissible_et_classe,,2026-10-08T12:15:57.238258+00:00,VETIR
77,32242434207452,admissible_et_classe,,2026-10-08T12:15:57.429011+00:00,VETIR
77,32256604301101,admissible_et_classe,,2026-10-08T12:15:57.632148+00:00,HIPPO EXPLOITATION (HIPPOPOTAMUS) (HIPPO)
94,32256604301127,admissible_et_classe,,2026-10-08T12:31:41.124991+00:00,HIPPO EXPLOITATION (HIPPOPOTAMUS) (HIPPO)
94,32256604301143,admissible_et_classe,,2026-10-08T12:31:41.326433+00:00,HIPPO EXPLOITATION (HIPPOPOTAMUS) (HIPPO)
94,32256604301259,admissible_et_classe,,2026-10-08T12:31:41.532401+00:00,HIPPO EXPLOITATION (HIPPOPOTAMUS) (HIPPO)
93,32256604301473,admissible_et_classe,,2026-10-08T12:24:57.005297+00:00,HIPPO EXPLOITATION (HIPPOPOTAMUS) (HIPPO)
77,32256604301598,admissible_et_classe,,2026-10-08T12:15:57.835760+00:00,HIPPO EXPLOITATION (HIPPOPOTAMUS) (HIPPO)
77,32256604301606,admissible_et_classe,,2026-10-08T12:15:58.037626+00:00,HIPPO EXPLOITATION (HIPPOPOTAMUS) (HIPPO)
94,32305708300145,admissible_et_classe,,2026-10-08T10:37:56.654741+00:00,FOURNIER RETAIL
77,32365029100012,rejete_au_controle_actuel,sans_position,2026-10-08T12:15:58.233644+00:00,
77,32399798100028,rejete_au_controle_actuel,sans_position,2026-10-08T12:15:58.435288+00:00,
77,32399798100036,rejete_au_controle_actuel,sans_position,2026-10-08T12:15:58.649126+00:00,
77,32443355600010,rejete_au_controle_actuel,sans_position,2026-10-08T12:15:58.867389+00:00,
93,32461367801269,admissible_et_classe,,2026-10-08T12:24:57.305525+00:00,BRINK'S EVOLUTION
93,32461367801301,admissible_et_classe,,2026-10-08T12:24:57.408937+00:00,BRINK'S EVOLUTION
93,32461367801343,admissible_et_classe,,2026-10-08T12:24:57.610204+00:00,BRINK'S EVOLUTION
77,32517624600024,rejete_au_controle_actuel,sans_position,2026-10-08T12:15:59.053611+00:00,
94,32601977500658,admissible_et_classe,,2026-10-08T10:37:56.785695+00:00,DU PAREIL AU MEME (DPAM)
93,32601977502639,admissible_et_classe,,2026-10-08T12:24:57.816126+00:00,DU PAREIL AU MEME (DPAM)
93,32601977502647,admissible_et_classe,,2026-10-08T12:24:58.026811+00:00,DU PAREIL AU MEME (DPAM)
93,32601977502845,admissible_et_classe,,2026-10-08T12:24:58.240690+00:00,DU PAREIL AU MEME (DPAM)
93,32682006501321,admissible_et_classe,,2026-10-08T12:24:58.431875+00:00,SOPRA STERIA GROUP
77,32692395000207,rejete_au_controle_actuel,sans_position,2026-10-08T12:15:59.275295+00:00,
93,32712682700317,admissible_et_classe,,2026-10-08T12:24:58.646639+00:00,FITNESS PARK SUCCURSALES
94,32712682700390,admissible_et_classe,,2026-10-08T12:31:41.739185+00:00,FITNESS PARK SUCCURSALES
77,32712682700408,admissible_et_classe,,2026-10-08T12:15:59.478355+00:00,FITNESS PARK SUCCURSALES
94,32712682700416,admissible_et_classe,,2026-10-08T12:31:41.943949+00:00,FITNESS PARK SUCCURSALES
77,32712682700515,admissible_et_classe,,2026-10-08T12:15:59.673327+00:00,FITNESS PARK SUCCURSALES
93,32712682700523,admissible_et_classe,,2026-10-08T12:24:58.845756+00:00,FITNESS PARK SUCCURSALES
93,32712682700531,admissible_et_classe,,2026-10-08T12:24:59.039955+00:00,FITNESS PARK SUCCURSALES
93,32712682700549,admissible_et_classe,,2026-10-08T12:24:59.255322+00:00,FITNESS PARK SUCCURSALES
93,32712682700556,admissible_et_classe,,2026-10-08T12:24:59.610793+00:00,FITNESS PARK SUCCURSALES
93,32712682700598,admissible_et_classe,,2026-10-08T12:24:59.654758+00:00,FITNESS PARK SUCCURSALES
77,32712682700713,admissible_et_classe,,2026-10-08T12:15:59.883556+00:00,FITNESS PARK SUCCURSALES
77,32712682700721,admissible_et_classe,,2026-10-08T12:16:00.089078+00:00,FITNESS PARK SUCCURSALES
77,32712682700739,admissible_et_classe,,2026-10-08T12:16:00.284445+00:00,FITNESS PARK SUCCURSALES
77,32712682700945,rejete_au_controle_actuel,sans_position,2026-10-08T12:16:00.478284+00:00,
94,32712682700978,admissible_et_classe,,2026-10-08T12:31:42.083824+00:00,FITNESS PARK SUCCURSALES
94,32712682700986,admissible_et_classe,,2026-10-08T12:31:42.351938+00:00,FITNESS PARK SUCCURSALES
94,32712682700994,admissible_et_classe,,2026-10-08T12:31:42.449734+00:00,FITNESS PARK SUCCURSALES
94,32712682701000,admissible_et_classe,,2026-10-08T12:31:42.648200+00:00,FITNESS PARK SUCCURSALES
94,32735998000247,admissible_et_classe,,2026-10-08T10:37:57.003218+00:00,FEU VERT
94,32735998000536,admissible_et_classe,,2026-10-08T10:37:57.205255+00:00,FEU VERT
77,32735998001310,admissible_et_classe,,2026-10-08T12:16:00.697881+00:00,FEU VERT
77,32735998001484,admissible_et_classe,,2026-10-08T12:16:00.991535+00:00,FEU VERT
77,32740933000013,rejete_au_controle_actuel,sans_position,2026-10-08T12:16:01.121681+00:00,
77,32756256700021,rejete_au_controle_actuel,sans_position,2026-10-08T12:16:01.302521+00:00,
77,32756256700039,rejete_au_controle_actuel,sans_position,2026-10-08T12:16:01.494983+00:00,
77,32799940500019,rejete_au_controle_actuel,sans_position,2026-10-08T12:16:01.729472+00:00,
77,32818765300048,rejete_au_controle_actuel,sans_position,2026-10-08T12:16:01.897342+00:00,
77,32893161300694,rejete_au_controle_actuel,sans_position,2026-10-08T12:16:02.111259+00:00,
77,32893161301163,admissible_et_classe,,2026-10-08T12:16:02.319436+00:00,ONET SECURITE SOLUTIONS HUMAINES
94,32893161301254,admissible_et_classe,,2026-10-08T12:31:42.846380+00:00,ONET SECURITE SOLUTIONS HUMAINES
94,32893161301353,admissible_et_classe,,2026-10-08T12:31:43.044456+00:00,ONET SECURITE SOLUTIONS HUMAINES
94,32916803300150,rejete_au_classement,hors_filtre_nom,2026-10-08T12:31:43.249164+00:00,MISTRAS GROUP SAS
94,32933888301573,admissible_et_classe,,2026-10-08T12:31:43.472731+00:00,COLAS FRANCE
94,32933888301680,admissible_et_classe,,2026-10-08T12:31:43.672904+00:00,COLAS FRANCE
93,32933888302126,admissible_et_classe,,2026-10-08T10:36:58.364410+00:00,COLAS FRANCE
93,32933888302233,admissible_et_classe,,2026-10-08T10:36:58.576595+00:00,COLAS FRANCE
94,32981591400273,rejete_au_controle_actuel,sans_position,2026-10-08T12:31:43.860927+00:00,
77,32992501002109,admissible_et_classe,,2026-10-08T12:16:02.531789+00:00,SYNERGIE
77,32992501002174,admissible_et_classe,,2026-10-08T12:16:02.713448+00:00,SYNERGIE
77,32992501002745,admissible_et_classe,,2026-10-08T12:16:02.928292+00:00,SYNERGIE
77,32992501004402,admissible_et_classe,,2026-10-08T12:16:03.143373+00:00,SYNERGIE
77,32992501005318,admissible_et_classe,,2026-10-08T12:16:03.364194+00:00,SYNERGIE
93,32992501005409,admissible_et_classe,,2026-10-08T12:24:59.856146+00:00,SYNERGIE
77,32992501005748,admissible_et_classe,,2026-10-08T12:16:03.534367+00:00,SYNERGIE
77,32992501006035,admissible_et_classe,,2026-10-08T12:16:03.752388+00:00,SYNERGIE
77,32992501006142,admissible_et_classe,,2026-10-08T12:16:03.946133+00:00,SYNERGIE
77,32992501006258,admissible_et_classe,,2026-10-08T12:16:04.154047+00:00,SYNERGIE
93,32992501006647,admissible_et_classe,,2026-10-08T12:25:00.209051+00:00,SYNERGIE
77,32992501007397,rejete_au_controle_actuel,sans_position,2026-10-08T12:16:04.364653+00:00,
77,32992501007728,admissible_et_classe,,2026-10-08T12:16:04.552802+00:00,SYNERGIE
77,32992501007975,admissible_et_classe,,2026-10-08T12:16:04.768340+00:00,SYNERGIE
77,32992501007983,admissible_et_classe,,2026-10-08T12:16:04.961430+00:00,SYNERGIE
77,32992501008148,admissible_et_classe,,2026-10-08T12:16:05.169576+00:00,SYNERGIE
94,32992501008338,admissible_et_classe,,2026-10-08T12:31:44.078356+00:00,SYNERGIE
77,32992501008700,admissible_et_classe,,2026-10-08T12:16:05.433631+00:00,SYNERGIE
77,32992501008882,admissible_et_classe,,2026-10-08T12:16:05.565569+00:00,SYNERGIE
77,32992501008924,admissible_et_classe,,2026-10-08T12:16:05.825599+00:00,SYNERGIE
93,32992501008957,admissible_et_classe,,2026-10-08T12:25:00.277008+00:00,SYNERGIE
77,32992501008981,admissible_et_classe,,2026-10-08T12:16:05.972588+00:00,SYNERGIE
77,32992501009005,admissible_et_classe,,2026-10-08T12:16:06.193122+00:00,SYNERGIE
77,32992501009062,admissible_et_classe,,2026-10-08T12:16:06.418413+00:00,SYNERGIE
77,32992501009112,admissible_et_classe,,2026-10-08T12:16:06.576081+00:00,SYNERGIE
77,32992501009195,admissible_et_classe,,2026-10-08T12:16:06.776762+00:00,SYNERGIE
77,33017671000375,rejete_au_controle_actuel,sans_position,2026-10-08T12:16:06.985632+00:00,
77,33026769103546,admissible_et_classe,,2026-10-08T12:16:07.199924+00:00,CHAUSSEA SAS
93,33026769103736,admissible_et_classe,,2026-10-08T12:25:00.475831+00:00,CHAUSSEA SAS
77,33026769104148,admissible_et_classe,,2026-10-08T12:16:07.401322+00:00,CHAUSSEA SAS
77,33026769104189,admissible_et_classe,,2026-10-08T12:16:07.608483+00:00,CHAUSSEA SAS
77,33026769104932,admissible_et_classe,,2026-10-08T12:16:07.852492+00:00,CHAUSSEA SAS
77,33026769105731,admissible_et_classe,,2026-10-08T12:16:08.010290+00:00,CHAUSSEA SAS
77,33026769105749,admissible_et_classe,,2026-10-08T12:16:08.213941+00:00,CHAUSSEA SAS
77,33026769105848,admissible_et_classe,,2026-10-08T12:16:08.417680+00:00,CHAUSSEA SAS
94,33026769106630,admissible_et_classe,,2026-10-08T12:31:44.280882+00:00,CHAUSSEA SAS
93,33026769106648,admissible_et_classe,,2026-10-08T12:25:00.712896+00:00,CHAUSSEA SAS
77,33026769107224,admissible_et_classe,,2026-10-08T12:16:08.620638+00:00,CHAUSSEA SAS
93,33026769107232,admissible_et_classe,,2026-10-08T12:25:00.892562+00:00,CHAUSSEA SAS
93,33026769107315,admissible_et_classe,,2026-10-08T12:25:01.094730+00:00,CHAUSSEA SAS
77,33026769107356,admissible_et_classe,,2026-10-08T12:16:08.829748+00:00,CHAUSSEA SAS
77,33026769107554,admissible_et_classe,,2026-10-08T12:16:09.026660+00:00,CHAUSSEA SAS
77,33026769107620,admissible_et_classe,,2026-10-08T12:16:09.238648+00:00,CHAUSSEA SAS
94,33026769107760,admissible_et_classe,,2026-10-08T12:31:44.493820+00:00,CHAUSSEA SAS
94,33026769107828,admissible_et_classe,,2026-10-08T12:31:44.678428+00:00,CHAUSSEA SAS
93,33026769108776,admissible_et_classe,,2026-10-08T12:25:01.285770+00:00,CHAUSSEA SAS
77,33026769108925,admissible_et_classe,,2026-10-08T12:16:09.460409+00:00,CHAUSSEA SAS
77,33026769108933,admissible_et_classe,,2026-10-08T12:16:09.644202+00:00,CHAUSSEA SAS
93,33026769108974,admissible_et_classe,,2026-10-08T12:25:01.565487+00:00,CHAUSSEA SAS
94,33026769109055,admissible_et_classe,,2026-10-08T12:31:44.890860+00:00,CHAUSSEA SAS
77,33056623300012,rejete_au_controle_actuel,sans_position,2026-10-08T12:16:09.834357+00:00,
77,33070418000026,rejete_au_controle_actuel,sans_position,2026-10-08T12:16:10.037902+00:00,
93,33102556900194,rejete_au_classement,hors_filtre_nom,2026-10-08T12:25:01.687216+00:00,APAVE NON DESTRUCTIVE TESTING (APAVE NDT)
93,33125885500047,rejete_au_controle_actuel,sans_position,2026-10-08T12:25:01.894000+00:00,
77,33138464400018,rejete_au_controle_actuel,sans_position,2026-10-08T12:16:10.238576+00:00,
77,33138551800013,rejete_au_controle_actuel,sans_position,2026-10-08T12:16:10.443415+00:00,
77,33151882900014,rejete_au_controle_actuel,sans_position,2026-10-08T12:16:10.647739+00:00,
77,33183187500017,rejete_au_controle_actuel,sans_position,2026-10-08T12:16:10.854453+00:00,
77,33241611401325,admissible_et_classe,,2026-10-08T12:16:11.060051+00:00,ASSOCIATION DES DONNEURS DE VOIX
94,33241611401630,admissible_et_classe,,2026-10-08T12:31:45.086473+00:00,ASSOCIATION DES DONNEURS DE VOIX
77,33249492100023,rejete_au_controle_actuel,sans_position,2026-10-08T12:16:11.255543+00:00,
94,33259052000034,rejete_au_controle_actuel,sans_position,2026-10-08T12:31:45.283189+00:00,
77,33358346600052,admissible_et_classe,,2026-10-08T12:16:11.462025+00:00,KUEHNE+NAGEL
77,33358346600847,admissible_et_classe,,2026-10-08T12:16:11.690017+00:00,KUEHNE+NAGEL
77,33358346600912,admissible_et_classe,,2026-10-08T12:16:11.898778+00:00,KUEHNE+NAGEL
77,33413883100014,rejete_au_controle_actuel,sans_position,2026-10-08T12:16:12.241445+00:00,
77,33414026600019,rejete_au_controle_actuel,sans_position,2026-10-08T12:16:12.309008+00:00,
93,33415947200623,admissible_et_classe,,2026-10-08T12:25:02.112497+00:00,ANSAMBLE
94,33415947201407,admissible_et_classe,,2026-10-08T12:31:45.549739+00:00,ANSAMBLE
93,33415947206752,admissible_et_classe,,2026-10-08T12:25:02.316159+00:00,ANSAMBLE
77,33415947207586,admissible_et_classe,,2026-10-08T12:16:12.481923+00:00,ANSAMBLE
94,33415947207685,admissible_et_classe,,2026-10-08T12:31:45.704824+00:00,ANSAMBLE
94,33415947207743,admissible_et_classe,,2026-10-08T12:31:45.913215+00:00,ANSAMBLE
93,33415947207800,admissible_et_classe,,2026-10-08T10:36:58.769411+00:00,ANSAMBLE
94,33415947207990,admissible_et_classe,,2026-10-08T12:31:46.123203+00:00,ANSAMBLE
93,33415947208105,admissible_et_classe,,2026-10-08T12:25:02.513347+00:00,ANSAMBLE
94,33415947209087,admissible_et_classe,,2026-10-08T12:31:46.305453+00:00,ANSAMBLE
94,33415947209111,admissible_et_classe,,2026-10-08T12:31:46.525368+00:00,ANSAMBLE
93,33415947209384,admissible_et_classe,,2026-10-08T12:25:02.716007+00:00,ANSAMBLE
77,33415947209657,admissible_et_classe,,2026-10-08T12:16:12.756985+00:00,ANSAMBLE
94,33415947210127,admissible_et_classe,,2026-10-08T12:31:46.715248+00:00,ANSAMBLE
94,33415947210135,admissible_et_classe,,2026-10-08T12:31:46.914829+00:00,ANSAMBLE
77,33415947210143,admissible_et_classe,,2026-10-08T12:16:12.889191+00:00,ANSAMBLE
94,33415947210150,admissible_et_classe,,2026-10-08T12:31:47.112503+00:00,ANSAMBLE
77,33415947210291,admissible_et_classe,,2026-10-08T12:16:13.093915+00:00,ANSAMBLE
77,33415947210325,admissible_et_classe,,2026-10-08T12:16:13.305433+00:00,ANSAMBLE
94,33415947210440,admissible_et_classe,,2026-10-08T12:31:47.318481+00:00,ANSAMBLE
94,33415947210457,admissible_et_classe,,2026-10-08T12:31:47.526140+00:00,ANSAMBLE
77,33415947210598,admissible_et_classe,,2026-10-08T12:16:13.497133+00:00,ANSAMBLE
94,33415947210606,admissible_et_classe,,2026-10-08T12:31:47.726044+00:00,ANSAMBLE
77,33415947210614,admissible_et_classe,,2026-10-08T12:16:13.720326+00:00,ANSAMBLE
94,33415947210739,admissible_et_classe,,2026-10-08T12:31:47.933412+00:00,ANSAMBLE
77,33415947211000,admissible_et_classe,,2026-10-08T12:16:13.982633+00:00,ANSAMBLE
77,33415947211083,admissible_et_classe,,2026-10-08T12:16:14.108149+00:00,ANSAMBLE
94,33415947212388,admissible_et_classe,,2026-10-08T12:31:48.141953+00:00,ANSAMBLE
93,33415947214053,admissible_et_classe,,2026-10-08T12:25:02.917236+00:00,ANSAMBLE
93,33415947214061,admissible_et_classe,,2026-10-08T12:25:03.146112+00:00,ANSAMBLE
77,33424118900011,rejete_au_controle_actuel,sans_position,2026-10-08T12:16:14.304452+00:00,
77,33450557500012,rejete_au_controle_actuel,sans_position,2026-10-08T12:16:14.552359+00:00,
77,33457064500013,rejete_au_controle_actuel,sans_position,2026-10-08T12:16:14.724396+00:00,
94,33469181300052,rejete_au_controle_actuel,sans_position,2026-10-08T12:31:48.328004+00:00,
93,33487372602441,admissible_et_classe,,2026-10-08T12:25:03.470436+00:00,PROXISERVE
93,33487372602490,admissible_et_classe,,2026-10-08T12:25:03.539966+00:00,PROXISERVE
77,33487372602565,admissible_et_classe,,2026-10-08T12:16:14.931217+00:00,PROXISERVE
77,33496144800019,rejete_au_controle_actuel,sans_position,2026-10-08T12:16:15.121807+00:00,
77,33529312200016,rejete_au_controle_actuel,sans_position,2026-10-08T12:16:15.333258+00:00,
77,33708054301246,admissible_et_classe,,2026-10-08T12:16:15.556180+00:00,SUPPLAY
77,33708054301402,admissible_et_classe,,2026-10-08T12:16:15.743899+00:00,SUPPLAY
94,33762184101414,admissible_et_classe,,2026-10-08T10:37:57.401763+00:00,RICOH FRANCE
94,33762184101422,admissible_et_classe,,2026-10-08T10:37:57.610257+00:00,RICOH FRANCE
77,33773609400018,rejete_au_controle_actuel,sans_position,2026-10-08T12:16:16.010051+00:00,
94,33825308101592,admissible_et_classe,,2026-10-08T10:37:57.833167+00:00,SODEXO SANTE MEDICO SOCIAL (SFS)
93,33825308102236,admissible_et_classe,,2026-10-08T10:36:58.990788+00:00,SODEXO SANTE MEDICO SOCIAL (SFS)
93,33825308102244,admissible_et_classe,,2026-10-08T10:36:59.183684+00:00,SODEXO SANTE MEDICO SOCIAL (SFS)
94,33825308104786,admissible_et_classe,,2026-10-08T12:31:48.599811+00:00,SODEXO SANTE MEDICO SOCIAL (SFS)
77,33825308106823,admissible_et_classe,,2026-10-08T12:16:16.227166+00:00,SODEXO SANTE MEDICO SOCIAL (SFS)
94,33825308107300,admissible_et_classe,,2026-10-08T12:31:48.802558+00:00,SODEXO SANTE MEDICO SOCIAL (SFS)
93,33825308109462,admissible_et_classe,,2026-10-08T12:25:03.743259+00:00,SODEXO SANTE MEDICO SOCIAL (SFS)
93,33825308111435,admissible_et_classe,,2026-10-08T12:25:04.018520+00:00,SODEXO SANTE MEDICO SOCIAL (SFS)
94,33825308111765,admissible_et_classe,,2026-10-08T12:31:49.008133+00:00,SODEXO SANTE MEDICO SOCIAL (SFS)
77,33825308112391,admissible_et_classe,,2026-10-08T12:16:16.355703+00:00,SODEXO SANTE MEDICO SOCIAL (SFS)
94,33825308112722,admissible_et_classe,,2026-10-08T12:31:49.214597+00:00,SODEXO SANTE MEDICO SOCIAL (SFS)
94,33825308112896,admissible_et_classe,,2026-10-08T12:31:49.419423+00:00,SODEXO SANTE MEDICO SOCIAL (SFS)
94,33825308112920,admissible_et_classe,,2026-10-08T12:31:49.623213+00:00,SODEXO SANTE MEDICO SOCIAL (SFS)
93,33825308113464,admissible_et_classe,,2026-10-08T12:25:04.153729+00:00,SODEXO SANTE MEDICO SOCIAL (SFS)
77,33825308114157,admissible_et_classe,,2026-10-08T12:16:16.553790+00:00,SODEXO SANTE MEDICO SOCIAL (SFS)
94,33825308115238,admissible_et_classe,,2026-10-08T12:31:49.825994+00:00,SODEXO SANTE MEDICO SOCIAL (SFS)
77,33825308115451,admissible_et_classe,,2026-10-08T12:16:16.763757+00:00,SODEXO SANTE MEDICO SOCIAL (SFS)
94,33825308115634,admissible_et_classe,,2026-10-08T12:31:50.030774+00:00,SODEXO SANTE MEDICO SOCIAL (SFS)
94,33825308121855,admissible_et_classe,,2026-10-08T12:31:50.240214+00:00,SODEXO SANTE MEDICO SOCIAL (SFS)
94,33825308121863,admissible_et_classe,,2026-10-08T12:31:50.404128+00:00,SODEXO SANTE MEDICO SOCIAL (SFS)
94,33825308121871,admissible_et_classe,,2026-10-08T12:31:50.555791+00:00,SODEXO SANTE MEDICO SOCIAL (SFS)
77,33825308124008,admissible_et_classe,,2026-10-08T12:16:16.952892+00:00,SODEXO SANTE MEDICO SOCIAL (SFS)
94,33825308124396,admissible_et_classe,,2026-10-08T12:31:50.766231+00:00,SODEXO SANTE MEDICO SOCIAL (SFS)
77,33825308124420,admissible_et_classe,,2026-10-08T12:16:17.158940+00:00,SODEXO SANTE MEDICO SOCIAL (SFS)
94,33825308124818,admissible_et_classe,,2026-10-08T12:31:50.969745+00:00,SODEXO SANTE MEDICO SOCIAL (SFS)
93,33825308124883,admissible_et_classe,,2026-10-08T12:25:04.367507+00:00,SODEXO SANTE MEDICO SOCIAL (SFS)
77,33825308125484,admissible_et_classe,,2026-10-08T12:16:17.362316+00:00,SODEXO SANTE MEDICO SOCIAL (SFS)
94,33825308125963,admissible_et_classe,,2026-10-08T12:31:51.183621+00:00,SODEXO SANTE MEDICO SOCIAL (SFS)
93,33825308126235,admissible_et_classe,,2026-10-08T12:25:04.580052+00:00,SODEXO SANTE MEDICO SOCIAL (SFS)
77,33825308127134,admissible_et_classe,,2026-10-08T12:16:17.563037+00:00,SODEXO SANTE MEDICO SOCIAL (SFS)
77,33825308127399,admissible_et_classe,,2026-10-08T12:16:17.777241+00:00,SODEXO SANTE MEDICO SOCIAL (SFS)
77,33825308127662,admissible_et_classe,,2026-10-08T12:16:17.985770+00:00,SODEXO SANTE MEDICO SOCIAL (SFS)
77,33825308128058,admissible_et_classe,,2026-10-08T12:16:18.269649+00:00,SODEXO SANTE MEDICO SOCIAL (SFS)
93,33825308128066,admissible_et_classe,,2026-10-08T12:25:04.779475+00:00,SODEXO SANTE MEDICO SOCIAL (SFS)
77,33825308128090,admissible_et_classe,,2026-10-08T12:16:18.470579+00:00,SODEXO SANTE MEDICO SOCIAL (SFS)
93,33825308128827,admissible_et_classe,,2026-10-08T12:25:04.981067+00:00,SODEXO SANTE MEDICO SOCIAL (SFS)
93,33825308128850,admissible_et_classe,,2026-10-08T12:25:05.192623+00:00,SODEXO SANTE MEDICO SOCIAL (SFS)
93,33825308129254,admissible_et_classe,,2026-10-08T12:25:05.393236+00:00,SODEXO SANTE MEDICO SOCIAL (SFS)
93,33825308129288,admissible_et_classe,,2026-10-08T12:25:05.605570+00:00,SODEXO SANTE MEDICO SOCIAL (SFS)
77,33825308129296,admissible_et_classe,,2026-10-08T12:16:18.675378+00:00,SODEXO SANTE MEDICO SOCIAL (SFS)
94,33825308129387,admissible_et_classe,,2026-10-08T12:31:51.382206+00:00,SODEXO SANTE MEDICO SOCIAL (SFS)
94,33825308129395,admissible_et_classe,,2026-10-08T12:31:51.576519+00:00,SODEXO SANTE MEDICO SOCIAL (SFS)
93,33825308129734,admissible_et_classe,,2026-10-08T12:25:05.808889+00:00,SODEXO SANTE MEDICO SOCIAL (SFS)
93,33825308129957,admissible_et_classe,,2026-10-08T12:25:06.012686+00:00,SODEXO SANTE MEDICO SOCIAL (SFS)
77,33825308130013,admissible_et_classe,,2026-10-08T12:16:18.884158+00:00,SODEXO SANTE MEDICO SOCIAL (SFS)
77,33825308130104,admissible_et_classe,,2026-10-08T12:16:19.084694+00:00,SODEXO SANTE MEDICO SOCIAL (SFS)
77,33825308130112,admissible_et_classe,,2026-10-08T12:16:19.304512+00:00,SODEXO SANTE MEDICO SOCIAL (SFS)
77,33825308130468,admissible_et_classe,,2026-10-08T12:16:19.508551+00:00,SODEXO SANTE MEDICO SOCIAL (SFS)
93,33825308130906,admissible_et_classe,,2026-10-08T12:25:06.219575+00:00,SODEXO SANTE MEDICO SOCIAL (SFS)
77,33825308131565,admissible_et_classe,,2026-10-08T12:16:19.698892+00:00,SODEXO SANTE MEDICO SOCIAL (SFS)
93,33825313101363,admissible_et_classe,,2026-10-08T12:25:06.427724+00:00,SOCIETE FRANCAISE DE RESTAURATION ET SERVICES (SODEXO ECOLES & UNIVERSITES DEL APPRO LES PETITS GASTRONOMES SODEXO ENSEIGNEMENT SUPERIEUR) (SFRS)
77,33825313105471,admissible_et_classe,,2026-10-08T12:16:19.904460+00:00,SOCIETE FRANCAISE DE RESTAURATION ET SERVICES (SODEXO ECOLES & UNIVERSITES DEL APPRO LES PETITS GASTRONOMES SODEXO ENSEIGNEMENT SUPERIEUR) (SFRS)
93,33825313105521,admissible_et_classe,,2026-10-08T12:25:06.614084+00:00,SOCIETE FRANCAISE DE RESTAURATION ET SERVICES (SODEXO ECOLES & UNIVERSITES DEL APPRO LES PETITS GASTRONOMES SODEXO ENSEIGNEMENT SUPERIEUR) (SFRS)
93,33825313106529,admissible_et_classe,,2026-10-08T10:36:59.392628+00:00,SOCIETE FRANCAISE DE RESTAURATION ET SERVICES (SODEXO ECOLES & UNIVERSITES DEL APPRO LES PETITS GASTRONOMES SODEXO ENSEIGNEMENT SUPERIEUR) (SFRS)
93,33825313107162,admissible_et_classe,,2026-10-08T12:25:06.837936+00:00,SOCIETE FRANCAISE DE RESTAURATION ET SERVICES (SODEXO ECOLES & UNIVERSITES DEL APPRO LES PETITS GASTRONOMES SODEXO ENSEIGNEMENT SUPERIEUR) (SFRS)
93,33825313108202,admissible_et_classe,,2026-10-08T12:25:07.037329+00:00,SOCIETE FRANCAISE DE RESTAURATION ET SERVICES (SODEXO ECOLES & UNIVERSITES DEL APPRO LES PETITS GASTRONOMES SODEXO ENSEIGNEMENT SUPERIEUR) (SFRS)
94,33825313109861,admissible_et_classe,,2026-10-08T12:31:51.833188+00:00,SOCIETE FRANCAISE DE RESTAURATION ET SERVICES (SODEXO ECOLES & UNIVERSITES DEL APPRO LES PETITS GASTRONOMES SODEXO ENSEIGNEMENT SUPERIEUR) (SFRS)
77,33825313110976,admissible_et_classe,,2026-10-08T12:16:20.105773+00:00,SOCIETE FRANCAISE DE RESTAURATION ET SERVICES (SODEXO ECOLES & UNIVERSITES DEL APPRO LES PETITS GASTRONOMES SODEXO ENSEIGNEMENT SUPERIEUR) (SFRS)
94,33825313111537,admissible_et_classe,,2026-10-08T12:31:51.980254+00:00,SOCIETE FRANCAISE DE RESTAURATION ET SERVICES (SODEXO ECOLES & UNIVERSITES DEL APPRO LES PETITS GASTRONOMES SODEXO ENSEIGNEMENT SUPERIEUR) (SFRS)
94,33825313111545,admissible_et_classe,,2026-10-08T12:31:52.179434+00:00,SOCIETE FRANCAISE DE RESTAURATION ET SERVICES (SODEXO ECOLES & UNIVERSITES DEL APPRO LES PETITS GASTRONOMES SODEXO ENSEIGNEMENT SUPERIEUR) (SFRS)
94,33825313111602,admissible_et_classe,,2026-10-08T12:31:52.386110+00:00,SOCIETE FRANCAISE DE RESTAURATION ET SERVICES (SODEXO ECOLES & UNIVERSITES DEL APPRO LES PETITS GASTRONOMES SODEXO ENSEIGNEMENT SUPERIEUR) (SFRS)
94,33825313111628,admissible_et_classe,,2026-10-08T12:31:52.589098+00:00,SOCIETE FRANCAISE DE RESTAURATION ET SERVICES (SODEXO ECOLES & UNIVERSITES DEL APPRO LES PETITS GASTRONOMES SODEXO ENSEIGNEMENT SUPERIEUR) (SFRS)
77,33825313111800,admissible_et_classe,,2026-10-08T12:16:20.313315+00:00,SOCIETE FRANCAISE DE RESTAURATION ET SERVICES (SODEXO ECOLES & UNIVERSITES DEL APPRO LES PETITS GASTRONOMES SODEXO ENSEIGNEMENT SUPERIEUR) (SFRS)
93,33825313111891,admissible_et_classe,,2026-10-08T12:25:07.238232+00:00,SOCIETE FRANCAISE DE RESTAURATION ET SERVICES (SODEXO ECOLES & UNIVERSITES DEL APPRO LES PETITS GASTRONOMES SODEXO ENSEIGNEMENT SUPERIEUR) (SFRS)
93,33825313112659,admissible_et_classe,,2026-10-08T12:25:07.435966+00:00,SOCIETE FRANCAISE DE RESTAURATION ET SERVICES (SODEXO ECOLES & UNIVERSITES DEL APPRO LES PETITS GASTRONOMES SODEXO ENSEIGNEMENT SUPERIEUR) (SFRS)
93,33825313112808,admissible_et_classe,,2026-10-08T12:25:07.654584+00:00,SOCIETE FRANCAISE DE RESTAURATION ET SERVICES (SODEXO ECOLES & UNIVERSITES DEL APPRO LES PETITS GASTRONOMES SODEXO ENSEIGNEMENT SUPERIEUR) (SFRS)
94,33825313112923,admissible_et_classe,,2026-10-08T12:31:52.800397+00:00,SOCIETE FRANCAISE DE RESTAURATION ET SERVICES (SODEXO ECOLES & UNIVERSITES DEL APPRO LES PETITS GASTRONOMES SODEXO ENSEIGNEMENT SUPERIEUR) (SFRS)
93,33825313113343,admissible_et_classe,,2026-10-08T12:25:07.845848+00:00,SOCIETE FRANCAISE DE RESTAURATION ET SERVICES (SODEXO ECOLES & UNIVERSITES DEL APPRO LES PETITS GASTRONOMES SODEXO ENSEIGNEMENT SUPERIEUR) (SFRS)
93,33825313113384,admissible_et_classe,,2026-10-08T12:25:08.100480+00:00,SOCIETE FRANCAISE DE RESTAURATION ET SERVICES (SODEXO ECOLES & UNIVERSITES DEL APPRO LES PETITS GASTRONOMES SODEXO ENSEIGNEMENT SUPERIEUR) (SFRS)
77,33825313113467,admissible_et_classe,,2026-10-08T12:16:20.408623+00:00,SOCIETE FRANCAISE DE RESTAURATION ET SERVICES (SODEXO ECOLES & UNIVERSITES DEL APPRO LES PETITS GASTRONOMES SODEXO ENSEIGNEMENT SUPERIEUR) (SFRS)
93,33825313113624,admissible_et_classe,,2026-10-08T12:25:08.268028+00:00,SOCIETE FRANCAISE DE RESTAURATION ET SERVICES (SODEXO ECOLES & UNIVERSITES DEL APPRO LES PETITS GASTRONOMES SODEXO ENSEIGNEMENT SUPERIEUR) (SFRS)
93,33825313113681,admissible_et_classe,,2026-10-08T12:25:08.532069+00:00,SOCIETE FRANCAISE DE RESTAURATION ET SERVICES (SODEXO ECOLES & UNIVERSITES DEL APPRO LES PETITS GASTRONOMES SODEXO ENSEIGNEMENT SUPERIEUR) (SFRS)
94,33825313113707,admissible_et_classe,,2026-10-08T12:31:52.990285+00:00,SOCIETE FRANCAISE DE RESTAURATION ET SERVICES (SODEXO ECOLES & UNIVERSITES DEL APPRO LES PETITS GASTRONOMES SODEXO ENSEIGNEMENT SUPERIEUR) (SFRS)
77,33825313113715,admissible_et_classe,,2026-10-08T12:16:20.609049+00:00,SOCIETE FRANCAISE DE RESTAURATION ET SERVICES (SODEXO ECOLES & UNIVERSITES DEL APPRO LES PETITS GASTRONOMES SODEXO ENSEIGNEMENT SUPERIEUR) (SFRS)
93,33825313113814,admissible_et_classe,,2026-10-08T12:25:08.698274+00:00,SOCIETE FRANCAISE DE RESTAURATION ET SERVICES (SODEXO ECOLES & UNIVERSITES DEL APPRO LES PETITS GASTRONOMES SODEXO ENSEIGNEMENT SUPERIEUR) (SFRS)
94,33825313113863,admissible_et_classe,,2026-10-08T12:31:53.201987+00:00,SOCIETE FRANCAISE DE RESTAURATION ET SERVICES (SODEXO ECOLES & UNIVERSITES DEL APPRO LES PETITS GASTRONOMES SODEXO ENSEIGNEMENT SUPERIEUR) (SFRS)
94,33825313113897,admissible_et_classe,,2026-10-08T12:31:53.401649+00:00,SOCIETE FRANCAISE DE RESTAURATION ET SERVICES (SODEXO ECOLES & UNIVERSITES DEL APPRO LES PETITS GASTRONOMES SODEXO ENSEIGNEMENT SUPERIEUR) (SFRS)
94,33825313114135,admissible_et_classe,,2026-10-08T12:31:53.609381+00:00,SOCIETE FRANCAISE DE RESTAURATION ET SERVICES (SODEXO ECOLES & UNIVERSITES DEL APPRO LES PETITS GASTRONOMES SODEXO ENSEIGNEMENT SUPERIEUR) (SFRS)
77,33825313114143,admissible_et_classe,,2026-10-08T12:16:20.823264+00:00,SOCIETE FRANCAISE DE RESTAURATION ET SERVICES (SODEXO ECOLES & UNIVERSITES DEL APPRO LES PETITS GASTRONOMES SODEXO ENSEIGNEMENT SUPERIEUR) (SFRS)
77,33825313114820,admissible_et_classe,,2026-10-08T12:16:21.033571+00:00,SOCIETE FRANCAISE DE RESTAURATION ET SERVICES (SODEXO ECOLES & UNIVERSITES DEL APPRO LES PETITS GASTRONOMES SODEXO ENSEIGNEMENT SUPERIEUR) (SFRS)
77,33825313114838,admissible_et_classe,,2026-10-08T12:16:21.225624+00:00,SOCIETE FRANCAISE DE RESTAURATION ET SERVICES (SODEXO ECOLES & UNIVERSITES DEL APPRO LES PETITS GASTRONOMES SODEXO ENSEIGNEMENT SUPERIEUR) (SFRS)
94,33825313115124,admissible_et_classe,,2026-10-08T12:31:53.817537+00:00,SOCIETE FRANCAISE DE RESTAURATION ET SERVICES (SODEXO ECOLES & UNIVERSITES DEL APPRO LES PETITS GASTRONOMES SODEXO ENSEIGNEMENT SUPERIEUR) (SFRS)
93,33825313115314,admissible_et_classe,,2026-10-08T12:25:08.891600+00:00,SOCIETE FRANCAISE DE RESTAURATION ET SERVICES (SODEXO ECOLES & UNIVERSITES DEL APPRO LES PETITS GASTRONOMES SODEXO ENSEIGNEMENT SUPERIEUR) (SFRS)
94,33825313115488,admissible_et_classe,,2026-10-08T12:31:54.054795+00:00,SOCIETE FRANCAISE DE RESTAURATION ET SERVICES (SODEXO ECOLES & UNIVERSITES DEL APPRO LES PETITS GASTRONOMES SODEXO ENSEIGNEMENT SUPERIEUR) (SFRS)
77,33825313115561,admissible_et_classe,,2026-10-08T12:16:21.433631+00:00,SOCIETE FRANCAISE DE RESTAURATION ET SERVICES (SODEXO ECOLES & UNIVERSITES DEL APPRO LES PETITS GASTRONOMES SODEXO ENSEIGNEMENT SUPERIEUR) (SFRS)
77,33825323010380,admissible_et_classe,,2026-10-08T12:16:21.630311+00:00,SODEXO ENTREPRISES
93,33825323014309,admissible_et_classe,,2026-10-08T12:25:09.093033+00:00,SODEXO ENTREPRISES
93,33825323014515,admissible_et_classe,,2026-10-08T12:25:09.286887+00:00,SODEXO ENTREPRISES
93,33825323014531,admissible_et_classe,,2026-10-08T12:25:09.520676+00:00,SODEXO ENTREPRISES
77,33825323016387,admissible_et_classe,,2026-10-08T12:16:21.826272+00:00,SODEXO ENTREPRISES
93,33825323016650,admissible_et_classe,,2026-10-08T12:25:09.714617+00:00,SODEXO ENTREPRISES
93,33825323016957,admissible_et_classe,,2026-10-08T12:25:09.932396+00:00,SODEXO ENTREPRISES
93,33825323018052,admissible_et_classe,,2026-10-08T12:25:10.133109+00:00,SODEXO ENTREPRISES
94,33825323018797,admissible_et_classe,,2026-10-08T12:31:54.214250+00:00,SODEXO ENTREPRISES
77,33825323019266,admissible_et_classe,,2026-10-08T12:16:22.033678+00:00,SODEXO ENTREPRISES
77,33825323019332,admissible_et_classe,,2026-10-08T12:16:22.461383+00:00,SODEXO ENTREPRISES
93,33825323019621,admissible_et_classe,,2026-10-08T12:25:10.327168+00:00,SODEXO ENTREPRISES
77,33825323020025,admissible_et_classe,,2026-10-08T12:16:22.245260+00:00,SODEXO ENTREPRISES
93,33825323020215,admissible_et_classe,,2026-10-08T12:25:10.540973+00:00,SODEXO ENTREPRISES
94,33825323020686,admissible_et_classe,,2026-10-08T12:31:54.431761+00:00,SODEXO ENTREPRISES
93,33825323020819,admissible_et_classe,,2026-10-08T12:25:10.745507+00:00,SODEXO ENTREPRISES
94,33825323021056,admissible_et_classe,,2026-10-08T12:31:54.625398+00:00,SODEXO ENTREPRISES
93,33825323021072,admissible_et_classe,,2026-10-08T12:25:10.960996+00:00,SODEXO ENTREPRISES
93,33825323021080,admissible_et_classe,,2026-10-08T12:25:11.160172+00:00,SODEXO ENTREPRISES
94,33825323021163,admissible_et_classe,,2026-10-08T12:31:54.827745+00:00,SODEXO ENTREPRISES
77,33825323021452,rejete_au_controle_actuel,sans_position,2026-10-08T12:16:22.660435+00:00,
93,33825323021460,admissible_et_classe,,2026-10-08T12:25:11.365285+00:00,SODEXO ENTREPRISES
94,33825323022120,admissible_et_classe,,2026-10-08T12:31:55.203743+00:00,SODEXO ENTREPRISES
93,33825323022278,admissible_et_classe,,2026-10-08T12:25:11.565805+00:00,SODEXO ENTREPRISES
93,33825323022484,admissible_et_classe,,2026-10-08T12:25:11.847283+00:00,SODEXO ENTREPRISES
94,33825323023441,admissible_et_classe,,2026-10-08T12:31:55.238221+00:00,SODEXO ENTREPRISES
77,33825323023771,admissible_et_classe,,2026-10-08T12:16:22.854999+00:00,SODEXO ENTREPRISES
93,33825323023854,admissible_et_classe,,2026-10-08T12:25:12.004798+00:00,SODEXO ENTREPRISES
93,33825323023920,admissible_et_classe,,2026-10-08T12:25:12.370393+00:00,SODEXO ENTREPRISES
93,33825323024316,admissible_et_classe,,2026-10-08T12:25:12.388689+00:00,SODEXO ENTREPRISES
94,33825323024373,admissible_et_classe,,2026-10-08T12:31:55.523946+00:00,SODEXO ENTREPRISES
94,33825323025271,admissible_et_classe,,2026-10-08T12:31:55.632157+00:00,SODEXO ENTREPRISES
93,33825323025297,admissible_et_classe,,2026-10-08T12:25:12.593670+00:00,SODEXO ENTREPRISES
94,33825323025453,admissible_et_classe,,2026-10-08T12:31:55.851224+00:00,SODEXO ENTREPRISES
93,33825323025479,admissible_et_classe,,2026-10-08T12:25:12.800447+00:00,SODEXO ENTREPRISES
93,33825323025487,admissible_et_classe,,2026-10-08T12:25:13.020827+00:00,SODEXO ENTREPRISES
93,33825323025503,admissible_et_classe,,2026-10-08T12:25:13.216366+00:00,SODEXO ENTREPRISES
93,33825323025891,admissible_et_classe,,2026-10-08T12:25:13.612118+00:00,SODEXO ENTREPRISES
93,33825323025909,admissible_et_classe,,2026-10-08T12:25:13.613637+00:00,SODEXO ENTREPRISES
93,33825323025917,admissible_et_classe,,2026-10-08T12:25:13.833406+00:00,SODEXO ENTREPRISES
93,33825323025966,admissible_et_classe,,2026-10-08T12:25:14.043895+00:00,SODEXO ENTREPRISES
93,33825323025974,admissible_et_classe,,2026-10-08T12:25:14.240208+00:00,SODEXO ENTREPRISES
93,33825323025982,admissible_et_classe,,2026-10-08T12:25:14.463628+00:00,SODEXO ENTREPRISES
94,33825323025990,admissible_et_classe,,2026-10-08T12:31:56.045934+00:00,SODEXO ENTREPRISES
94,33825323026006,admissible_et_classe,,2026-10-08T12:31:56.245479+00:00,SODEXO ENTREPRISES
93,33825323026196,admissible_et_classe,,2026-10-08T12:25:14.651499+00:00,SODEXO ENTREPRISES
93,33825323026204,admissible_et_classe,,2026-10-08T12:25:14.843779+00:00,SODEXO ENTREPRISES
93,33825323026212,admissible_et_classe,,2026-10-08T12:25:15.045190+00:00,SODEXO ENTREPRISES
93,33825323026220,admissible_et_classe,,2026-10-08T12:25:15.245719+00:00,SODEXO ENTREPRISES
93,33825323026238,admissible_et_classe,,2026-10-08T12:25:15.494025+00:00,SODEXO ENTREPRISES
93,33825323026246,admissible_et_classe,,2026-10-08T12:25:15.659965+00:00,SODEXO ENTREPRISES
93,33825323026253,admissible_et_classe,,2026-10-08T12:25:15.867257+00:00,SODEXO ENTREPRISES
93,33825323026261,admissible_et_classe,,2026-10-08T12:25:16.071862+00:00,SODEXO ENTREPRISES
94,33825323026279,admissible_et_classe,,2026-10-08T12:31:56.471740+00:00,SODEXO ENTREPRISES
94,33825323026287,admissible_et_classe,,2026-10-08T12:31:56.644174+00:00,SODEXO ENTREPRISES
77,33825323026337,admissible_et_classe,,2026-10-08T12:16:23.056299+00:00,SODEXO ENTREPRISES
77,33825323026345,admissible_et_classe,,2026-10-08T12:16:23.295436+00:00,SODEXO ENTREPRISES
77,33825323026352,admissible_et_classe,,2026-10-08T12:16:23.466247+00:00,SODEXO ENTREPRISES
77,33825323026360,rejete_au_controle_actuel,sans_position,2026-10-08T12:16:23.663471+00:00,
77,33825323026444,admissible_et_classe,,2026-10-08T12:16:23.876926+00:00,SODEXO ENTREPRISES
77,33825323026543,admissible_et_classe,,2026-10-08T12:16:24.081351+00:00,SODEXO ENTREPRISES
77,33825323026550,admissible_et_classe,,2026-10-08T12:16:24.294605+00:00,SODEXO ENTREPRISES
93,33825323026741,admissible_et_classe,,2026-10-08T12:25:16.315043+00:00,SODEXO ENTREPRISES
94,33825323026840,admissible_et_classe,,2026-10-08T12:31:56.860141+00:00,SODEXO ENTREPRISES
93,33825323026873,admissible_et_classe,,2026-10-08T12:25:16.484292+00:00,SODEXO ENTREPRISES
77,33825323026980,admissible_et_classe,,2026-10-08T12:16:24.491686+00:00,SODEXO ENTREPRISES
93,33825323027160,admissible_et_classe,,2026-10-08T12:25:16.682138+00:00,SODEXO ENTREPRISES
77,33825323027202,admissible_et_classe,,2026-10-08T12:16:24.685336+00:00,SODEXO ENTREPRISES
77,33825323027319,admissible_et_classe,,2026-10-08T12:16:24.880790+00:00,SODEXO ENTREPRISES
93,33825323027525,admissible_et_classe,,2026-10-08T12:25:16.893687+00:00,SODEXO ENTREPRISES
93,33825323027590,admissible_et_classe,,2026-10-08T12:25:17.094505+00:00,SODEXO ENTREPRISES
93,33825323027608,admissible_et_classe,,2026-10-08T12:25:17.317782+00:00,SODEXO ENTREPRISES
93,33825323027665,admissible_et_classe,,2026-10-08T12:25:17.505814+00:00,SODEXO ENTREPRISES
77,33825323027855,admissible_et_classe,,2026-10-08T12:16:25.098516+00:00,SODEXO ENTREPRISES
94,33825323027897,admissible_et_classe,,2026-10-08T12:31:57.061212+00:00,SODEXO ENTREPRISES
93,33825323028036,admissible_et_classe,,2026-10-08T12:25:17.724595+00:00,SODEXO ENTREPRISES
93,33825323028168,admissible_et_classe,,2026-10-08T12:25:17.910276+00:00,SODEXO ENTREPRISES
94,33825323028390,admissible_et_classe,,2026-10-08T12:31:57.264041+00:00,SODEXO ENTREPRISES
94,33825323028499,admissible_et_classe,,2026-10-08T12:31:57.462263+00:00,SODEXO ENTREPRISES
77,33825323028572,admissible_et_classe,,2026-10-08T12:16:25.288516+00:00,SODEXO ENTREPRISES
77,33825323028598,rejete_au_controle_actuel,sans_position,2026-10-08T12:16:25.493396+00:00,
77,33825323028606,admissible_et_classe,,2026-10-08T12:16:25.747020+00:00,SODEXO ENTREPRISES
77,33825323028614,rejete_au_controle_actuel,sans_position,2026-10-08T12:16:25.897076+00:00,
77,33825323028622,admissible_et_classe,,2026-10-08T12:16:26.107819+00:00,SODEXO ENTREPRISES
77,33825323028630,admissible_et_classe,,2026-10-08T12:16:26.306591+00:00,SODEXO ENTREPRISES
77,33825323028648,admissible_et_classe,,2026-10-08T12:16:26.657441+00:00,SODEXO ENTREPRISES
77,33825323028655,admissible_et_classe,,2026-10-08T12:16:26.713467+00:00,SODEXO ENTREPRISES
77,33825323028663,admissible_et_classe,,2026-10-08T12:16:26.920494+00:00,SODEXO ENTREPRISES
77,33825323028671,admissible_et_classe,,2026-10-08T12:16:27.123777+00:00,SODEXO ENTREPRISES
77,33825323028689,admissible_et_classe,,2026-10-08T12:16:27.333646+00:00,SODEXO ENTREPRISES
94,33825323028770,admissible_et_classe,,2026-10-08T12:31:57.668182+00:00,SODEXO ENTREPRISES
93,33825323028903,admissible_et_classe,,2026-10-08T12:25:18.114588+00:00,SODEXO ENTREPRISES
93,33825323028994,admissible_et_classe,,2026-10-08T12:25:18.315691+00:00,SODEXO ENTREPRISES
93,33825323029166,admissible_et_classe,,2026-10-08T12:25:18.515841+00:00,SODEXO ENTREPRISES
94,33825323029232,admissible_et_classe,,2026-10-08T12:31:57.870335+00:00,SODEXO ENTREPRISES
94,33825323029299,admissible_et_classe,,2026-10-08T12:31:58.304652+00:00,SODEXO ENTREPRISES
77,33825323029349,admissible_et_classe,,2026-10-08T12:16:27.525004+00:00,SODEXO ENTREPRISES
77,33825323029430,admissible_et_classe,,2026-10-08T12:16:27.721068+00:00,SODEXO ENTREPRISES
77,33825323029539,admissible_et_classe,,2026-10-08T12:16:27.922387+00:00,SODEXO ENTREPRISES
93,33825323029661,admissible_et_classe,,2026-10-08T12:25:18.735781+00:00,SODEXO ENTREPRISES
94,33825323029976,admissible_et_classe,,2026-10-08T12:31:58.272310+00:00,SODEXO ENTREPRISES
77,33825323029984,admissible_et_classe,,2026-10-08T12:16:28.218531+00:00,SODEXO ENTREPRISES
77,33825323030149,admissible_et_classe,,2026-10-08T12:16:28.330538+00:00,SODEXO ENTREPRISES
77,33825323030222,admissible_et_classe,,2026-10-08T12:16:28.554619+00:00,SODEXO ENTREPRISES
77,33825323030388,admissible_et_classe,,2026-10-08T12:16:28.729541+00:00,SODEXO ENTREPRISES
93,33825323030404,admissible_et_classe,,2026-10-08T12:25:18.923163+00:00,SODEXO ENTREPRISES
77,33825323030461,rejete_au_controle_actuel,sans_position,2026-10-08T12:16:28.943202+00:00,
77,33825323030495,admissible_et_classe,,2026-10-08T12:16:29.140155+00:00,SODEXO ENTREPRISES
93,33825323030594,admissible_et_classe,,2026-10-08T12:25:19.136820+00:00,SODEXO ENTREPRISES
94,33825323030610,admissible_et_classe,,2026-10-08T12:31:58.477702+00:00,SODEXO ENTREPRISES
93,33825323030644,admissible_et_classe,,2026-10-08T12:25:19.333527+00:00,SODEXO ENTREPRISES
93,33888018000207,admissible_et_classe,,2026-10-08T12:25:19.541884+00:00,STOCK J BOUTIQUE JENNYFER
77,33888018000280,admissible_et_classe,,2026-10-08T12:16:29.347770+00:00,STOCK J BOUTIQUE JENNYFER
77,33888018000918,admissible_et_classe,,2026-10-08T12:16:29.613510+00:00,STOCK J BOUTIQUE JENNYFER
77,33888018001072,admissible_et_classe,,2026-10-08T10:36:02.600703+00:00,STOCK J BOUTIQUE JENNYFER
77,33888018001387,admissible_et_classe,,2026-10-08T10:36:02.816043+00:00,STOCK J BOUTIQUE JENNYFER
94,33888018002856,admissible_et_classe,,2026-10-08T12:31:58.900730+00:00,STOCK J BOUTIQUE JENNYFER
93,33888018003052,admissible_et_classe,,2026-10-08T12:25:19.749357+00:00,STOCK J BOUTIQUE JENNYFER
77,33937998400208,admissible_et_classe,,2026-10-08T12:16:29.755877+00:00,SAUR
77,33937998404085,admissible_et_classe,,2026-10-08T12:16:29.958721+00:00,SAUR
77,33937998404093,admissible_et_classe,,2026-10-08T12:16:30.214411+00:00,SAUR
77,33937998405876,admissible_et_classe,,2026-10-08T12:16:30.389660+00:00,SAUR
77,33937998406247,admissible_et_classe,,2026-10-08T12:16:30.660560+00:00,SAUR
77,33937998406288,admissible_et_classe,,2026-10-08T12:16:30.864378+00:00,SAUR
77,33960966101129,admissible_et_classe,,2026-10-08T12:16:31.071797+00:00,IDVERDE
77,33960966101210,admissible_et_classe,,2026-10-08T12:16:31.270684+00:00,IDVERDE
77,33960966101681,admissible_et_classe,,2026-10-08T12:16:31.487711+00:00,IDVERDE
77,33960966102028,admissible_et_classe,,2026-10-08T12:16:31.684378+00:00,IDVERDE
77,33970113800143,rejete_au_controle_actuel,sans_position,2026-10-08T12:16:31.885716+00:00,
77,33970578200011,rejete_au_classement,hors_filtre_nom,2026-10-08T12:16:32.089783+00:00,L.E.M.
77,34013077200015,rejete_au_controle_actuel,sans_position,2026-10-08T12:16:32.294169+00:00,
77,34057747700011,rejete_au_controle_actuel,sans_position,2026-10-08T12:16:32.420558+00:00,
93,34074747600042,rejete_au_controle_actuel,sans_position,2026-10-08T12:25:19.945966+00:00,
77,34079521000012,rejete_au_controle_actuel,sans_position,2026-10-08T12:16:32.606801+00:00,
93,34106769201794,admissible_et_classe,,2026-10-08T10:36:59.614967+00:00,CONVIVIO-RCO
94,34106769203121,admissible_et_classe,,2026-10-08T10:37:58.019542+00:00,CONVIVIO-RCO
93,34106769204566,admissible_et_classe,,2026-10-08T12:25:20.236559+00:00,CONVIVIO-RCO
77,34106769205159,admissible_et_classe,,2026-10-08T12:16:32.810383+00:00,CONVIVIO-RCO
93,34106769205183,admissible_et_classe,,2026-10-08T12:25:20.363888+00:00,CONVIVIO-RCO
94,34106769205191,admissible_et_classe,,2026-10-08T12:31:58.870915+00:00,CONVIVIO-RCO
94,34106769205316,admissible_et_classe,,2026-10-08T12:31:59.070331+00:00,CONVIVIO-RCO
77,34106769205530,admissible_et_classe,,2026-10-08T12:16:33.007354+00:00,CONVIVIO-RCO
77,34106769205563,admissible_et_classe,,2026-10-08T12:16:33.210133+00:00,CONVIVIO-RCO
77,34106769205589,admissible_et_classe,,2026-10-08T12:16:33.418040+00:00,CONVIVIO-RCO
94,34106769205597,admissible_et_classe,,2026-10-08T12:31:59.270573+00:00,CONVIVIO-RCO
77,34117411801063,admissible_et_classe,,2026-10-08T12:16:33.619184+00:00,MEDICA FRANCE
93,34117411801311,admissible_et_classe,,2026-10-08T12:25:20.583829+00:00,MEDICA FRANCE
77,34117411801832,admissible_et_classe,,2026-10-08T12:16:33.844119+00:00,MEDICA FRANCE
77,34120117600011,rejete_au_controle_actuel,sans_position,2026-10-08T12:16:34.035523+00:00,
77,34136245700028,rejete_au_controle_actuel,sans_position,2026-10-08T12:16:34.220388+00:00,
77,34146566400017,rejete_au_controle_actuel,sans_position,2026-10-08T12:16:34.432539+00:00,
77,34181023201245,admissible_et_classe,,2026-10-08T12:16:34.658280+00:00,TEXA SERVICES
77,34200649101751,admissible_et_classe,,2026-10-08T10:36:03.004317+00:00,SOCIETE NATIONALE D'ENTRAIDE DE LA MEDAILLE MILITAIRE (SNEMM)
77,34200649102007,admissible_et_classe,,2026-10-08T10:36:03.209547+00:00,SOCIETE NATIONALE D'ENTRAIDE DE LA MEDAILLE MILITAIRE (SNEMM)
77,34200649102098,admissible_et_classe,,2026-10-08T12:16:34.842549+00:00,SOCIETE NATIONALE D'ENTRAIDE DE LA MEDAILLE MILITAIRE (SNEMM)
77,34200649102114,admissible_et_classe,,2026-10-08T12:16:35.059877+00:00,SOCIETE NATIONALE D'ENTRAIDE DE LA MEDAILLE MILITAIRE (SNEMM)
77,34200649104367,admissible_et_classe,,2026-10-08T12:16:35.249427+00:00,SOCIETE NATIONALE D'ENTRAIDE DE LA MEDAILLE MILITAIRE (SNEMM)
93,34200649104375,admissible_et_classe,,2026-10-08T12:25:20.790600+00:00,SOCIETE NATIONALE D'ENTRAIDE DE LA MEDAILLE MILITAIRE (SNEMM)
77,34200649104417,admissible_et_classe,,2026-10-08T12:16:35.457046+00:00,SOCIETE NATIONALE D'ENTRAIDE DE LA MEDAILLE MILITAIRE (SNEMM)
94,34200649105075,admissible_et_classe,,2026-10-08T12:31:59.565546+00:00,SOCIETE NATIONALE D'ENTRAIDE DE LA MEDAILLE MILITAIRE (SNEMM)
94,34200649105943,admissible_et_classe,,2026-10-08T12:31:59.671528+00:00,SOCIETE NATIONALE D'ENTRAIDE DE LA MEDAILLE MILITAIRE (SNEMM)
94,34200649105968,admissible_et_classe,,2026-10-08T12:31:59.884559+00:00,SOCIETE NATIONALE D'ENTRAIDE DE LA MEDAILLE MILITAIRE (SNEMM)
94,34200649105976,admissible_et_classe,,2026-10-08T12:32:00.104442+00:00,SOCIETE NATIONALE D'ENTRAIDE DE LA MEDAILLE MILITAIRE (SNEMM)
94,34209083400249,admissible_et_classe,,2026-10-08T12:32:00.288354+00:00,NEXITY STUDEA
94,34209083402286,admissible_et_classe,,2026-10-08T12:32:00.493843+00:00,NEXITY STUDEA
94,34209083402401,admissible_et_classe,,2026-10-08T12:32:00.693994+00:00,NEXITY STUDEA
93,34209083402443,admissible_et_classe,,2026-10-08T12:25:21.029499+00:00,NEXITY STUDEA
93,34209083402633,admissible_et_classe,,2026-10-08T12:25:21.201550+00:00,NEXITY STUDEA
94,34209083402666,admissible_et_classe,,2026-10-08T12:32:00.894554+00:00,NEXITY STUDEA
94,34209083402674,admissible_et_classe,,2026-10-08T12:32:01.110114+00:00,NEXITY STUDEA
93,34209083402682,admissible_et_classe,,2026-10-08T12:25:21.405978+00:00,NEXITY STUDEA
77,34223161000011,rejete_au_controle_actuel,sans_position,2026-10-08T12:16:35.843970+00:00,
77,34224600600015,rejete_au_controle_actuel,sans_position,2026-10-08T12:16:36.038674+00:00,
77,34240439900053,admissible_et_classe,,2026-10-08T12:16:36.275730+00:00,T D F (TDF)
77,34240439900061,admissible_et_classe,,2026-10-08T12:16:36.468654+00:00,T D F (TDF)
77,34240439902232,admissible_et_classe,,2026-10-08T12:16:36.662885+00:00,T D F (TDF)
77,34250230900012,rejete_au_controle_actuel,sans_position,2026-10-08T12:16:36.854644+00:00,
77,34283741601274,admissible_et_classe,,2026-10-08T12:16:37.065336+00:00,CLAIRE'S FRANCE (CLAIRE'S)
77,34283741602009,admissible_et_classe,,2026-10-08T12:16:37.271810+00:00,CLAIRE'S FRANCE (CLAIRE'S)
77,34283741602207,admissible_et_classe,,2026-10-08T12:16:37.465895+00:00,CLAIRE'S FRANCE (CLAIRE'S)
94,34283741602462,admissible_et_classe,,2026-10-08T12:32:01.296769+00:00,CLAIRE'S FRANCE (CLAIRE'S)
77,34283741602587,admissible_et_classe,,2026-10-08T12:16:37.674398+00:00,CLAIRE'S FRANCE (CLAIRE'S)
77,34283741602884,admissible_et_classe,,2026-10-08T12:16:37.879171+00:00,CLAIRE'S FRANCE (CLAIRE'S)
93,34283741602983,admissible_et_classe,,2026-10-08T12:25:21.608969+00:00,CLAIRE'S FRANCE (CLAIRE'S)
94,34283741603213,admissible_et_classe,,2026-10-08T12:32:01.494674+00:00,CLAIRE'S FRANCE (CLAIRE'S)
77,34284949400014,rejete_au_controle_actuel,sans_position,2026-10-08T12:16:38.066646+00:00,
77,34294896500732,admissible_et_classe,,2026-10-08T12:16:38.301850+00:00,DEVRED
93,34294896500864,admissible_et_classe,,2026-10-08T12:25:21.862290+00:00,DEVRED
77,34294896500898,admissible_et_classe,,2026-10-08T12:16:38.542574+00:00,DEVRED
77,34294896502423,admissible_et_classe,,2026-10-08T12:16:38.745978+00:00,DEVRED
77,34294896502639,admissible_et_classe,,2026-10-08T12:16:38.953347+00:00,DEVRED
93,34294896502878,admissible_et_classe,,2026-10-08T12:25:22.007878+00:00,DEVRED
77,34294896502936,admissible_et_classe,,2026-10-08T12:16:39.160419+00:00,DEVRED
77,34301942800253,rejete_au_classement,hors_filtre_nom,2026-10-08T12:16:39.472157+00:00,SIGMA BETON
93,34305956401056,admissible_et_classe,,2026-10-08T12:25:22.231021+00:00,SOCIETE FRANCAISE DU RADIOTELEPHONE - S.F.R
94,34305956401783,admissible_et_classe,,2026-10-08T12:32:01.836824+00:00,SOCIETE FRANCAISE DU RADIOTELEPHONE - S.F.R
93,34305956401841,admissible_et_classe,,2026-10-08T12:25:22.429877+00:00,SOCIETE FRANCAISE DU RADIOTELEPHONE - S.F.R
93,34323414200051,admissible_et_classe,,2026-10-08T12:25:22.634146+00:00,NETEXIAL
94,34323414200754,admissible_et_classe,,2026-10-08T12:32:01.912159+00:00,NETEXIAL
93,34326262200230,admissible_et_classe,,2026-10-08T12:25:22.842053+00:00,LIDL (LIDL)
77,34326262200750,admissible_et_classe,,2026-10-08T12:16:39.667053+00:00,LIDL (LIDL)
93,34326262200883,admissible_et_classe,,2026-10-08T12:25:23.040593+00:00,LIDL (LIDL)
77,34326262202657,admissible_et_classe,,2026-10-08T12:16:39.769885+00:00,LIDL (LIDL)
77,34326262202707,admissible_et_classe,,2026-10-08T12:16:39.974291+00:00,LIDL (LIDL)
77,34326262202863,admissible_et_classe,,2026-10-08T12:16:40.183460+00:00,LIDL (LIDL)
94,34326262202988,admissible_et_classe,,2026-10-08T12:32:02.111071+00:00,LIDL (LIDL)
94,34326262204448,admissible_et_classe,,2026-10-08T12:32:02.309116+00:00,LIDL (LIDL)
93,34326262204737,admissible_et_classe,,2026-10-08T12:25:23.242067+00:00,LIDL (LIDL)
93,34326262204943,admissible_et_classe,,2026-10-08T12:25:23.457602+00:00,LIDL (LIDL)
94,34326262205049,admissible_et_classe,,2026-10-08T12:32:02.584068+00:00,LIDL (LIDL)
94,34326262205510,admissible_et_classe,,2026-10-08T12:32:02.720489+00:00,LIDL (LIDL)
94,34326262205692,admissible_et_classe,,2026-10-08T12:32:02.927077+00:00,LIDL (LIDL)
94,34326262206617,admissible_et_classe,,2026-10-08T12:32:03.139926+00:00,LIDL (LIDL)
94,34326262206914,admissible_et_classe,,2026-10-08T12:32:03.361709+00:00,LIDL (LIDL)
94,34326262207060,admissible_et_classe,,2026-10-08T12:32:03.541388+00:00,LIDL (LIDL)
94,34326262207094,admissible_et_classe,,2026-10-08T12:32:03.755102+00:00,LIDL (LIDL)
94,34326262209215,admissible_et_classe,,2026-10-08T12:32:03.969758+00:00,LIDL (LIDL)
93,34326262209405,admissible_et_classe,,2026-10-08T12:25:23.680215+00:00,LIDL (LIDL)
77,34326262209520,admissible_et_classe,,2026-10-08T12:16:40.349003+00:00,LIDL (LIDL)
93,34326262209553,admissible_et_classe,,2026-10-08T12:25:23.980675+00:00,LIDL (LIDL)
93,34326262209686,admissible_et_classe,,2026-10-08T12:25:24.078704+00:00,LIDL (LIDL)
77,34326262212052,admissible_et_classe,,2026-10-08T12:16:40.532539+00:00,LIDL (LIDL)
77,34326262212599,admissible_et_classe,,2026-10-08T12:16:40.722469+00:00,LIDL (LIDL)
77,34326262213639,admissible_et_classe,,2026-10-08T12:16:40.958396+00:00,LIDL (LIDL)
94,34326262214280,admissible_et_classe,,2026-10-08T12:32:04.167832+00:00,LIDL (LIDL)
93,34326262214553,admissible_et_classe,,2026-10-08T12:25:24.284372+00:00,LIDL (LIDL)
77,34326262214678,admissible_et_classe,,2026-10-08T12:16:41.132803+00:00,LIDL (LIDL)
93,34326262214850,admissible_et_classe,,2026-10-08T12:25:24.481323+00:00,LIDL (LIDL)
93,34326262215485,admissible_et_classe,,2026-10-08T12:25:24.691373+00:00,LIDL (LIDL)
93,34326262215527,admissible_et_classe,,2026-10-08T12:25:24.907923+00:00,LIDL (LIDL)
77,34326262215618,admissible_et_classe,,2026-10-08T12:16:41.367441+00:00,LIDL (LIDL)
77,34326262215626,admissible_et_classe,,2026-10-08T12:16:41.541233+00:00,LIDL (LIDL)
93,34326262215899,admissible_et_classe,,2026-10-08T12:25:25.106216+00:00,LIDL (LIDL)
94,34326262216079,admissible_et_classe,,2026-10-08T12:32:04.361425+00:00,LIDL (LIDL)
77,34326262217754,admissible_et_classe,,2026-10-08T12:16:41.747551+00:00,LIDL (LIDL)
77,34326262217762,admissible_et_classe,,2026-10-08T12:16:41.942584+00:00,LIDL (LIDL)
93,34326262218026,admissible_et_classe,,2026-10-08T12:25:25.316887+00:00,LIDL (LIDL)
77,34326262218075,admissible_et_classe,,2026-10-08T12:16:42.152791+00:00,LIDL (LIDL)
77,34326262218216,admissible_et_classe,,2026-10-08T12:16:42.348356+00:00,LIDL (LIDL)
94,34326262218562,admissible_et_classe,,2026-10-08T12:32:04.576321+00:00,LIDL (LIDL)
94,34326262218661,admissible_et_classe,,2026-10-08T12:32:04.803244+00:00,LIDL (LIDL)
93,34326262218760,admissible_et_classe,,2026-10-08T12:25:25.517441+00:00,LIDL (LIDL)
93,34326262218919,admissible_et_classe,,2026-10-08T12:25:25.719675+00:00,LIDL (LIDL)
93,34326262219099,admissible_et_classe,,2026-10-08T12:25:25.925424+00:00,LIDL (LIDL)
93,34326262219891,admissible_et_classe,,2026-10-08T12:25:26.136926+00:00,LIDL (LIDL)
77,34326262220170,admissible_et_classe,,2026-10-08T12:16:42.554962+00:00,LIDL (LIDL)
94,34326262220352,admissible_et_classe,,2026-10-08T12:32:04.964467+00:00,LIDL (LIDL)
94,34326262220394,admissible_et_classe,,2026-10-08T12:32:05.276153+00:00,LIDL (LIDL)
94,34326262221004,admissible_et_classe,,2026-10-08T12:32:05.535859+00:00,LIDL (LIDL)
93,34326262221046,admissible_et_classe,,2026-10-08T12:25:26.339986+00:00,LIDL (LIDL)
77,34326262221087,admissible_et_classe,,2026-10-08T12:16:42.763900+00:00,LIDL (LIDL)
77,34326262221418,admissible_et_classe,,2026-10-08T12:16:43.090640+00:00,LIDL (LIDL)
94,34326262221970,admissible_et_classe,,2026-10-08T12:32:05.570253+00:00,LIDL (LIDL)
77,34326262222341,admissible_et_classe,,2026-10-08T12:16:43.172666+00:00,LIDL (LIDL)
77,34326262222440,admissible_et_classe,,2026-10-08T12:16:43.390741+00:00,LIDL (LIDL)
94,34326262222556,admissible_et_classe,,2026-10-08T12:32:05.769464+00:00,LIDL (LIDL)
77,34326262222697,admissible_et_classe,,2026-10-08T12:16:43.583764+00:00,LIDL (LIDL)
77,34326262222895,admissible_et_classe,,2026-10-08T12:16:43.793214+00:00,LIDL (LIDL)
94,34326262222978,admissible_et_classe,,2026-10-08T12:32:05.968196+00:00,LIDL (LIDL)
93,34326262223109,admissible_et_classe,,2026-10-08T12:25:26.543369+00:00,LIDL (LIDL)
93,34326262223117,admissible_et_classe,,2026-10-08T12:25:26.764194+00:00,LIDL (LIDL)
77,34326262223505,admissible_et_classe,,2026-10-08T12:16:43.988336+00:00,LIDL (LIDL)
77,34326262223646,admissible_et_classe,,2026-10-08T12:16:44.195885+00:00,LIDL (LIDL)
93,34326262223786,admissible_et_classe,,2026-10-08T12:25:26.949683+00:00,LIDL (LIDL)
93,34326262223828,admissible_et_classe,,2026-10-08T12:25:27.168790+00:00,LIDL (LIDL)
94,34326262223919,admissible_et_classe,,2026-10-08T12:32:06.190488+00:00,LIDL (LIDL)
94,34326262224065,admissible_et_classe,,2026-10-08T12:32:06.389734+00:00,LIDL (LIDL)
77,34326262224123,admissible_et_classe,,2026-10-08T12:16:44.398810+00:00,LIDL (LIDL)
77,34326262224453,admissible_et_classe,,2026-10-08T12:16:44.907313+00:00,LIDL (LIDL)
77,34326262224511,admissible_et_classe,,2026-10-08T12:16:44.832943+00:00,LIDL (LIDL)
77,34326262224701,admissible_et_classe,,2026-10-08T12:16:45.002956+00:00,LIDL (LIDL)
94,34326262224982,admissible_et_classe,,2026-10-08T12:32:06.587575+00:00,LIDL (LIDL)
77,34326262224990,admissible_et_classe,,2026-10-08T12:16:45.207626+00:00,LIDL (LIDL)
94,34326262225021,admissible_et_classe,,2026-10-08T12:32:07.007864+00:00,LIDL (LIDL)
77,34326262225039,admissible_et_classe,,2026-10-08T12:16:45.416563+00:00,LIDL (LIDL)
77,34326262225179,admissible_et_classe,,2026-10-08T12:16:45.610829+00:00,LIDL (LIDL)
94,34326262225328,admissible_et_classe,,2026-10-08T12:32:06.992894+00:00,LIDL (LIDL)
77,34326262225435,admissible_et_classe,,2026-10-08T12:16:45.829192+00:00,LIDL (LIDL)
93,34326262225914,admissible_et_classe,,2026-10-08T12:25:27.379149+00:00,LIDL (LIDL)
77,34326262226045,admissible_et_classe,,2026-10-08T12:16:46.018419+00:00,LIDL (LIDL)
77,34326262226169,admissible_et_classe,,2026-10-08T12:16:46.239651+00:00,LIDL (LIDL)
94,34326262226185,admissible_et_classe,,2026-10-08T12:32:07.229041+00:00,LIDL (LIDL)
93,34326262226730,admissible_et_classe,,2026-10-08T12:25:27.570255+00:00,LIDL (LIDL)
93,34326262227324,admissible_et_classe,,2026-10-08T12:25:27.796709+00:00,LIDL (LIDL)
77,34326262227332,admissible_et_classe,,2026-10-08T12:16:46.528976+00:00,LIDL (LIDL)
93,34326262227340,admissible_et_classe,,2026-10-08T12:25:27.975574+00:00,LIDL (LIDL)
77,34326262227555,admissible_et_classe,,2026-10-08T12:16:46.733478+00:00,LIDL (LIDL)
77,34326262227662,admissible_et_classe,,2026-10-08T12:16:46.940481+00:00,LIDL (LIDL)
94,34326262227928,admissible_et_classe,,2026-10-08T12:32:07.398712+00:00,LIDL (LIDL)
77,34326262228108,admissible_et_classe,,2026-10-08T12:16:47.143920+00:00,LIDL (LIDL)
77,34340353101140,admissible_et_classe,,2026-10-08T12:16:47.348078+00:00,COLLECTES VALORISATION ENERGIE DECHETS - COVED (COVED)
77,34357771400029,rejete_au_controle_actuel,sans_position,2026-10-08T12:16:47.561917+00:00,
77,34357903300014,rejete_au_controle_actuel,sans_position,2026-10-08T12:16:47.685184+00:00,
77,34376545900031,rejete_au_controle_actuel,sans_position,2026-10-08T12:16:47.962167+00:00,
77,34376545900049,rejete_au_controle_actuel,sans_position,2026-10-08T12:16:48.094005+00:00,
94,34386265200546,admissible_et_classe,,2026-10-08T10:37:58.229564+00:00,FRAIKIN FRANCE
93,34386265201155,admissible_et_classe,,2026-10-08T12:25:28.178104+00:00,FRAIKIN FRANCE
93,34386265201684,admissible_et_classe,,2026-10-08T12:25:28.382051+00:00,FRAIKIN FRANCE
77,34386265202013,admissible_et_classe,,2026-10-08T12:16:48.322511+00:00,FRAIKIN FRANCE
94,34386265202963,admissible_et_classe,,2026-10-08T12:32:07.598615+00:00,FRAIKIN FRANCE
94,34386265203235,rejete_au_controle_actuel,sans_position,2026-10-08T12:32:07.785079+00:00,
77,34386453400015,rejete_au_controle_actuel,sans_position,2026-10-08T12:16:48.456743+00:00,
94,34408028800261,admissible_et_classe,,2026-10-08T10:37:58.428876+00:00,ANTONELLE
93,34408028800295,admissible_et_classe,,2026-10-08T10:36:59.995955+00:00,ANTONELLE
93,34408028800873,admissible_et_classe,,2026-10-08T10:37:00.031982+00:00,ANTONELLE
93,34408028800923,admissible_et_classe,,2026-10-08T10:37:00.229477+00:00,ANTONELLE
94,34410327001070,admissible_et_classe,,2026-10-08T12:32:08.018016+00:00,KIABI EUROPE (KIABI)
77,34410327001310,admissible_et_classe,,2026-10-08T12:16:48.667434+00:00,KIABI EUROPE (KIABI)
77,34410327001435,admissible_et_classe,,2026-10-08T12:16:48.872910+00:00,KIABI EUROPE (KIABI)
77,34410327001666,admissible_et_classe,,2026-10-08T12:16:49.079110+00:00,KIABI EUROPE (KIABI)
77,34410327003043,admissible_et_classe,,2026-10-08T12:16:49.271751+00:00,KIABI EUROPE (KIABI)
77,34410327003084,admissible_et_classe,,2026-10-08T12:16:49.470078+00:00,KIABI EUROPE (KIABI)
94,34410327003126,admissible_et_classe,,2026-10-08T12:32:08.357166+00:00,KIABI EUROPE (KIABI)
93,34410327003209,admissible_et_classe,,2026-10-08T12:25:28.577085+00:00,KIABI EUROPE (KIABI)
94,34410327003225,admissible_et_classe,,2026-10-08T12:32:08.463243+00:00,KIABI EUROPE (KIABI)
77,34410327003316,admissible_et_classe,,2026-10-08T12:16:49.733049+00:00,KIABI EUROPE (KIABI)
77,34430157700013,rejete_au_controle_actuel,sans_position,2026-10-08T12:16:49.893478+00:00,
77,34463258300011,rejete_au_controle_actuel,sans_position,2026-10-08T12:16:50.083987+00:00,
77,34500602701624,admissible_et_classe,,2026-10-08T12:16:50.283515+00:00,VERISURE (VERISURE)
93,34500602701772,admissible_et_classe,,2026-10-08T12:25:28.998631+00:00,VERISURE (VERISURE)
94,34500602701913,admissible_et_classe,,2026-10-08T12:32:08.619416+00:00,VERISURE (VERISURE)
77,34516491700014,rejete_au_controle_actuel,sans_position,2026-10-08T12:16:50.521277+00:00,
77,34738457000680,admissible_et_classe,,2026-10-08T10:36:03.417340+00:00,BOULANGER
93,34738457002124,admissible_et_classe,,2026-10-08T12:25:29.205622+00:00,BOULANGER
93,34738457002728,admissible_et_classe,,2026-10-08T12:25:29.415994+00:00,BOULANGER
77,34738457002900,admissible_et_classe,,2026-10-08T12:16:50.728223+00:00,BOULANGER
93,34738457002926,admissible_et_classe,,2026-10-08T12:25:29.619789+00:00,BOULANGER
77,34781228100025,rejete_au_classement,hors_filtre_nom,2026-10-08T12:16:50.934595+00:00,METAL CONTROL
77,34792671900738,admissible_et_classe,,2026-10-08T10:36:03.624530+00:00,KING JOUET (KING JOUET)
94,34792671900894,admissible_et_classe,,2026-10-08T10:37:58.726470+00:00,KING JOUET (KING JOUET)
94,34792671902650,admissible_et_classe,,2026-10-08T12:32:08.821849+00:00,KING JOUET (KING JOUET)
94,34792671902668,admissible_et_classe,,2026-10-08T12:32:09.027897+00:00,KING JOUET (KING JOUET)
94,34792671902726,admissible_et_classe,,2026-10-08T12:32:09.221310+00:00,KING JOUET (KING JOUET)
77,34792671902759,admissible_et_classe,,2026-10-08T12:16:51.140286+00:00,KING JOUET (KING JOUET)
77,34796082500060,rejete_au_controle_actuel,sans_position,2026-10-08T12:16:51.342353+00:00,
77,34841550601121,admissible_et_classe,,2026-10-08T12:16:51.648459+00:00,SERVICES ET SANTE
94,34841550601345,admissible_et_classe,,2026-10-08T12:32:09.454901+00:00,SERVICES ET SANTE
94,34841550601352,admissible_et_classe,,2026-10-08T12:32:09.631896+00:00,SERVICES ET SANTE
77,34841550601642,admissible_et_classe,,2026-10-08T12:16:51.750943+00:00,SERVICES ET SANTE
77,34841550601873,admissible_et_classe,,2026-10-08T12:16:51.954543+00:00,SERVICES ET SANTE
77,34841550601881,admissible_et_classe,,2026-10-08T12:16:52.155824+00:00,SERVICES ET SANTE
93,34841550601899,admissible_et_classe,,2026-10-08T12:25:29.879815+00:00,SERVICES ET SANTE
93,34841550602004,admissible_et_classe,,2026-10-08T12:25:30.036394+00:00,SERVICES ET SANTE
94,34841550602087,admissible_et_classe,,2026-10-08T12:32:10.385251+00:00,SERVICES ET SANTE
94,34841550602103,admissible_et_classe,,2026-10-08T12:32:10.028730+00:00,SERVICES ET SANTE
93,34867416902437,admissible_et_classe,,2026-10-08T12:25:30.259862+00:00,MARIONNAUD LAFAYETTE
77,34867416902502,admissible_et_classe,,2026-10-08T10:36:03.822465+00:00,MARIONNAUD LAFAYETTE
77,34867416902791,admissible_et_classe,,2026-10-08T10:36:04.023640+00:00,MARIONNAUD LAFAYETTE
77,34867416903120,admissible_et_classe,,2026-10-08T12:16:52.326967+00:00,MARIONNAUD LAFAYETTE
93,34867416905968,admissible_et_classe,,2026-10-08T12:25:30.526756+00:00,MARIONNAUD LAFAYETTE
93,34867416905992,admissible_et_classe,,2026-10-08T12:25:30.730724+00:00,MARIONNAUD LAFAYETTE
94,34867416906164,admissible_et_classe,,2026-10-08T12:32:10.242457+00:00,MARIONNAUD LAFAYETTE
93,34867416906388,admissible_et_classe,,2026-10-08T12:25:30.935563+00:00,MARIONNAUD LAFAYETTE
77,34867416906560,admissible_et_classe,,2026-10-08T12:16:52.537425+00:00,MARIONNAUD LAFAYETTE
93,34867416906776,admissible_et_classe,,2026-10-08T12:25:31.141029+00:00,MARIONNAUD LAFAYETTE
77,34877101500016,rejete_au_controle_actuel,sans_position,2026-10-08T12:16:52.728665+00:00,
93,34899155501641,admissible_et_classe,,2026-10-08T12:25:31.345515+00:00,ZARA FRANCE (ZARA FRANCE)
94,34899155501773,admissible_et_classe,,2026-10-08T12:32:10.447434+00:00,ZARA FRANCE (ZARA FRANCE)
77,34899155501807,admissible_et_classe,,2026-10-08T12:16:52.945419+00:00,ZARA FRANCE (ZARA FRANCE)
93,34899155502037,admissible_et_classe,,2026-10-08T10:37:00.420194+00:00,ZARA FRANCE (ZARA FRANCE)
94,34899155502136,admissible_et_classe,,2026-10-08T10:37:58.854068+00:00,ZARA FRANCE (ZARA FRANCE)
77,34914950000028,rejete_au_controle_actuel,sans_position,2026-10-08T12:16:53.140284+00:00,
77,34941088600015,rejete_au_controle_actuel,sans_position,2026-10-08T12:16:53.341933+00:00,
93,34949617401672,admissible_et_classe,,2026-10-08T12:25:31.553912+00:00,AIDES
93,34949617401995,admissible_et_classe,,2026-10-08T12:25:31.756187+00:00,AIDES
77,34949617402084,admissible_et_classe,,2026-10-08T10:36:04.360852+00:00,AIDES
94,34949617402316,admissible_et_classe,,2026-10-08T10:37:59.049837+00:00,AIDES
94,34958443300057,rejete_au_controle_actuel,sans_position,2026-10-08T12:32:10.635318+00:00,
77,34997493101288,admissible_et_classe,,2026-10-08T10:36:04.424453+00:00,CREDIT COOPERATIF
93,34997493101312,admissible_et_classe,,2026-10-08T10:37:00.641269+00:00,CREDIT COOPERATIF
94,34997493101445,admissible_et_classe,,2026-10-08T10:37:59.277970+00:00,CREDIT COOPERATIF
77,34997493101510,admissible_et_classe,,2026-10-08T10:36:04.631229+00:00,CREDIT COOPERATIF
93,34997493101635,admissible_et_classe,,2026-10-08T10:37:00.853084+00:00,CREDIT COOPERATIF
77,34997493101668,admissible_et_classe,,2026-10-08T10:36:04.832212+00:00,CREDIT COOPERATIF
94,35066817400062,rejete_au_controle_actuel,sans_position,2026-10-08T12:32:10.839600+00:00,
77,35091500500010,rejete_au_controle_actuel,sans_position,2026-10-08T12:16:53.555647+00:00,
93,35116448801418,admissible_et_classe,,2026-10-08T12:25:31.971364+00:00,SPODIS SA (CHAUSPORT)
93,35116448801541,admissible_et_classe,,2026-10-08T12:25:32.164251+00:00,SPODIS SA (CHAUSPORT)
93,35116448801855,admissible_et_classe,,2026-10-08T12:25:32.370531+00:00,SPODIS SA (CHAUSPORT)
77,35116448802176,admissible_et_classe,,2026-10-08T12:16:53.847259+00:00,SPODIS SA (CHAUSPORT)
94,35116448802259,admissible_et_classe,,2026-10-08T12:32:11.055595+00:00,SPODIS SA (CHAUSPORT)
93,35116448802408,admissible_et_classe,,2026-10-08T12:25:32.577548+00:00,SPODIS SA (CHAUSPORT)
94,35116448802549,admissible_et_classe,,2026-10-08T12:32:11.249439+00:00,SPODIS SA (CHAUSPORT)
93,35116448802556,admissible_et_classe,,2026-10-08T12:25:32.777440+00:00,SPODIS SA (CHAUSPORT)
94,35116448802739,admissible_et_classe,,2026-10-08T12:32:11.471727+00:00,SPODIS SA (CHAUSPORT)
77,35116448802804,admissible_et_classe,,2026-10-08T12:16:53.959703+00:00,SPODIS SA (CHAUSPORT)
77,35127092100015,rejete_au_controle_actuel,sans_position,2026-10-08T12:16:54.155626+00:00,
77,35144208200134,admissible_et_classe,,2026-10-08T10:36:05.037979+00:00,NEWREST RESTAURATION
77,35144208200159,admissible_et_classe,,2026-10-08T10:36:05.246496+00:00,NEWREST RESTAURATION
94,35144208200167,admissible_et_classe,,2026-10-08T10:37:59.473182+00:00,NEWREST RESTAURATION
93,35144208200290,admissible_et_classe,,2026-10-08T10:37:01.053931+00:00,NEWREST RESTAURATION
94,35144208200340,admissible_et_classe,,2026-10-08T10:37:59.669873+00:00,NEWREST RESTAURATION
94,35144208200472,admissible_et_classe,,2026-10-08T10:37:59.959445+00:00,NEWREST RESTAURATION
93,35144208200688,admissible_et_classe,,2026-10-08T10:37:01.256117+00:00,NEWREST RESTAURATION
94,35144208200787,admissible_et_classe,,2026-10-08T10:38:00.103082+00:00,NEWREST RESTAURATION
93,35144208203401,admissible_et_classe,,2026-10-08T12:25:32.986271+00:00,NEWREST RESTAURATION
94,35144208203575,admissible_et_classe,,2026-10-08T12:32:11.662024+00:00,NEWREST RESTAURATION
93,35144208204532,admissible_et_classe,,2026-10-08T12:25:33.189577+00:00,NEWREST RESTAURATION
93,35144208206149,admissible_et_classe,,2026-10-08T12:25:33.393606+00:00,NEWREST RESTAURATION
94,35144208206222,admissible_et_classe,,2026-10-08T12:32:11.863485+00:00,NEWREST RESTAURATION
94,35144208206404,admissible_et_classe,,2026-10-08T12:32:12.063894+00:00,NEWREST RESTAURATION
77,35144208206586,admissible_et_classe,,2026-10-08T12:16:54.375334+00:00,NEWREST RESTAURATION
77,35144208206651,admissible_et_classe,,2026-10-08T12:16:54.566146+00:00,NEWREST RESTAURATION
94,35144208206933,admissible_et_classe,,2026-10-08T12:32:12.259798+00:00,NEWREST RESTAURATION
93,35144208206941,admissible_et_classe,,2026-10-08T12:25:33.601442+00:00,NEWREST RESTAURATION
94,35144208207030,admissible_et_classe,,2026-10-08T12:32:12.500176+00:00,NEWREST RESTAURATION
94,35144208207048,admissible_et_classe,,2026-10-08T12:32:12.675272+00:00,NEWREST RESTAURATION
93,35144208207402,admissible_et_classe,,2026-10-08T12:25:33.802868+00:00,NEWREST RESTAURATION
94,35144208207451,admissible_et_classe,,2026-10-08T12:32:12.879229+00:00,NEWREST RESTAURATION
93,35144208207659,admissible_et_classe,,2026-10-08T12:25:34.016246+00:00,NEWREST RESTAURATION
94,35144208207691,admissible_et_classe,,2026-10-08T12:32:13.083800+00:00,NEWREST RESTAURATION
93,35144208207881,admissible_et_classe,,2026-10-08T12:25:34.213133+00:00,NEWREST RESTAURATION
94,35144208208418,admissible_et_classe,,2026-10-08T12:32:13.283207+00:00,NEWREST RESTAURATION
77,35171353202045,admissible_et_classe,,2026-10-08T12:16:54.783678+00:00,LEO LAGRANGE ANIMATION
77,35181269801103,rejete_au_classement,hors_filtre_nom,2026-10-08T12:16:54.971138+00:00,BUREAU ALPES CONTROLES
94,35181269801434,rejete_au_classement,hors_filtre_nom,2026-10-08T12:32:13.497605+00:00,BUREAU ALPES CONTROLES
93,35183740600906,admissible_et_classe,,2026-10-08T10:37:01.527655+00:00,ADOPT PARFUMS
94,35183740601193,admissible_et_classe,,2026-10-08T12:32:13.700165+00:00,ADOPT PARFUMS
77,35183740601235,admissible_et_classe,,2026-10-08T12:16:55.174840+00:00,ADOPT PARFUMS
77,35183740601466,admissible_et_classe,,2026-10-08T12:16:55.385898+00:00,ADOPT PARFUMS
94,35183740601813,admissible_et_classe,,2026-10-08T12:32:13.905869+00:00,ADOPT PARFUMS
77,35183740601854,admissible_et_classe,,2026-10-08T12:16:55.604790+00:00,ADOPT PARFUMS
93,35221687300617,admissible_et_classe,,2026-10-08T12:25:34.411444+00:00,ASSOCIATION POUR LE DROIT A L'INITIATIVE ECONOMIQUE (A.D.I.E.)
93,35221687300625,admissible_et_classe,,2026-10-08T12:25:34.622579+00:00,ASSOCIATION POUR LE DROIT A L'INITIATIVE ECONOMIQUE (A.D.I.E.)
94,35221687301474,admissible_et_classe,,2026-10-08T10:38:00.291769+00:00,ASSOCIATION POUR LE DROIT A L'INITIATIVE ECONOMIQUE (A.D.I.E.)
93,35221687301896,admissible_et_classe,,2026-10-08T10:37:01.668014+00:00,ASSOCIATION POUR LE DROIT A L'INITIATIVE ECONOMIQUE (A.D.I.E.)
93,35221687303405,admissible_et_classe,,2026-10-08T12:25:34.827033+00:00,ASSOCIATION POUR LE DROIT A L'INITIATIVE ECONOMIQUE (A.D.I.E.)
77,35228307100020,rejete_au_controle_actuel,sans_position,2026-10-08T12:16:55.782866+00:00,
77,35251915100018,rejete_au_controle_actuel,sans_position,2026-10-08T12:16:55.978610+00:00,
77,35251917700013,rejete_au_controle_actuel,sans_position,2026-10-08T12:16:56.236171+00:00,
94,35259603500043,rejete_au_classement,hors_filtre_nom,2026-10-08T12:32:14.094730+00:00,COTECNA INSPECTION FRANCE (CO-INS)
77,35269433500014,rejete_au_controle_actuel,sans_position,2026-10-08T12:16:56.389036+00:00,
93,35274574901112,admissible_et_classe,,2026-10-08T12:25:35.030978+00:00,EIFFAGE GENIE CIVIL
94,35279934001016,admissible_et_classe,,2026-10-08T12:32:14.438084+00:00,MRS PARIS (MRS)
93,35279934001032,admissible_et_classe,,2026-10-08T12:25:35.236688+00:00,MRS PARIS (MRS)
94,35279934001081,admissible_et_classe,,2026-10-08T12:32:14.495376+00:00,MRS PARIS (MRS)
93,35279934001180,admissible_et_classe,,2026-10-08T12:25:35.441474+00:00,MRS PARIS (MRS)
94,35279934001354,admissible_et_classe,,2026-10-08T12:32:14.708287+00:00,MRS PARIS (MRS)
94,35279934001388,admissible_et_classe,,2026-10-08T12:32:14.910034+00:00,MRS PARIS (MRS)
93,35279934001404,admissible_et_classe,,2026-10-08T12:25:35.646993+00:00,MRS PARIS (MRS)
94,35279934001461,admissible_et_classe,,2026-10-08T12:32:15.109351+00:00,MRS PARIS (MRS)
77,35310069600080,rejete_au_controle_actuel,sans_position,2026-10-08T12:16:56.591250+00:00,
77,35314291200040,rejete_au_classement,hors_filtre_nom,2026-10-08T12:16:56.793716+00:00,AGENCE PARISIENNE DE SURVEILLANCE
77,35349886800028,rejete_au_controle_actuel,sans_position,2026-10-08T12:16:57.001250+00:00,
77,35398682100018,rejete_au_controle_actuel,sans_position,2026-10-08T12:16:57.199347+00:00,
77,35600000036250,admissible_et_classe,,2026-10-08T12:16:57.441706+00:00,LA POSTE
77,35600000036255,admissible_et_classe,,2026-10-08T12:16:57.622207+00:00,LA POSTE
77,35600000036269,admissible_et_classe,,2026-10-08T12:16:57.833575+00:00,LA POSTE
77,35600000036278,admissible_et_classe,,2026-10-08T12:16:58.018526+00:00,LA POSTE
77,35600000036282,admissible_et_classe,,2026-10-08T12:16:58.282840+00:00,LA POSTE
77,35600000036287,admissible_et_classe,,2026-10-08T12:16:58.509886+00:00,LA POSTE
77,35600000036296,admissible_et_classe,,2026-10-08T12:16:58.642893+00:00,LA POSTE
77,35600000037295,admissible_et_classe,,2026-10-08T12:16:58.861065+00:00,LA POSTE
77,35600000037308,admissible_et_classe,,2026-10-08T12:16:59.042403+00:00,LA POSTE
77,35600000037312,admissible_et_classe,,2026-10-08T12:16:59.242023+00:00,LA POSTE
77,35600000037317,admissible_et_classe,,2026-10-08T12:16:59.461490+00:00,LA POSTE
77,35600000037326,admissible_et_classe,,2026-10-08T12:16:59.655775+00:00,LA POSTE
77,35600000037330,admissible_et_classe,,2026-10-08T12:16:59.846011+00:00,LA POSTE
77,35600000037335,admissible_et_classe,,2026-10-08T12:17:00.078185+00:00,LA POSTE
77,35600000037349,admissible_et_classe,,2026-10-08T12:17:00.243764+00:00,LA POSTE
77,35600000037353,admissible_et_classe,,2026-10-08T12:17:00.639273+00:00,LA POSTE
77,35600000037358,admissible_et_classe,,2026-10-08T12:17:00.658154+00:00,LA POSTE
77,35600000037376,admissible_et_classe,,2026-10-08T12:17:00.856946+00:00,LA POSTE
77,35600000037380,admissible_et_classe,,2026-10-08T12:17:01.076270+00:00,LA POSTE
77,35600000037385,admissible_et_classe,,2026-10-08T12:17:01.300194+00:00,LA POSTE
77,35600000037943,admissible_et_classe,,2026-10-08T12:17:01.545205+00:00,LA POSTE
77,35600000037948,admissible_et_classe,,2026-10-08T12:17:01.816143+00:00,LA POSTE
77,35600000037961,admissible_et_classe,,2026-10-08T12:17:01.926225+00:00,LA POSTE
77,35600000037970,admissible_et_classe,,2026-10-08T12:17:02.199352+00:00,LA POSTE
77,35600000037984,admissible_et_classe,,2026-10-08T12:17:02.315980+00:00,LA POSTE
77,35600000037989,admissible_et_classe,,2026-10-08T12:17:02.491476+00:00,LA POSTE
77,35600000037993,admissible_et_classe,,2026-10-08T12:17:02.731042+00:00,LA POSTE
77,35600000037998,admissible_et_classe,,2026-10-08T12:17:02.893396+00:00,LA POSTE
77,35600000038019,admissible_et_classe,,2026-10-08T12:17:03.095806+00:00,LA POSTE
77,35600000038028,admissible_et_classe,,2026-10-08T12:17:03.416462+00:00,LA POSTE
77,35600000038032,admissible_et_classe,,2026-10-08T12:17:03.497773+00:00,LA POSTE
77,35600000038569,admissible_et_classe,,2026-10-08T12:17:03.999478+00:00,LA POSTE
77,35600000038573,admissible_et_classe,,2026-10-08T12:17:03.935656+00:00,LA POSTE
77,35600000038591,admissible_et_classe,,2026-10-08T12:17:04.111160+00:00,LA POSTE
77,35600000038596,admissible_et_classe,,2026-10-08T12:17:04.318089+00:00,LA POSTE
77,35600000038604,admissible_et_classe,,2026-10-08T12:17:04.523927+00:00,LA POSTE
77,35600000038609,admissible_et_classe,,2026-10-08T12:17:04.730287+00:00,LA POSTE
77,35600000038613,admissible_et_classe,,2026-10-08T12:17:05.093508+00:00,LA POSTE
77,35600000038622,admissible_et_classe,,2026-10-08T12:17:05.139418+00:00,LA POSTE
77,35600000038627,admissible_et_classe,,2026-10-08T12:17:05.335626+00:00,LA POSTE
77,35600000038631,admissible_et_classe,,2026-10-08T12:17:05.572883+00:00,LA POSTE
77,35600000039013,admissible_et_classe,,2026-10-08T12:17:05.753844+00:00,LA POSTE
77,35600000039018,admissible_et_classe,,2026-10-08T12:17:05.987827+00:00,LA POSTE
77,35600000039022,admissible_et_classe,,2026-10-08T12:17:06.146580+00:00,LA POSTE
77,35600000039027,admissible_et_classe,,2026-10-08T12:17:06.359501+00:00,LA POSTE
77,35600000039036,admissible_et_classe,,2026-10-08T12:17:06.565682+00:00,LA POSTE
77,35600000039040,admissible_et_classe,,2026-10-08T12:17:06.847925+00:00,LA POSTE
77,35600000039045,admissible_et_classe,,2026-10-08T12:17:07.020565+00:00,LA POSTE
77,35600000039059,admissible_et_classe,,2026-10-08T12:17:07.182406+00:00,LA POSTE
77,35600000039063,admissible_et_classe,,2026-10-08T12:17:07.372465+00:00,LA POSTE
77,35600000039068,admissible_et_classe,,2026-10-08T12:17:07.588128+00:00,LA POSTE
77,35600000039072,admissible_et_classe,,2026-10-08T12:17:07.791472+00:00,LA POSTE
77,35600000039077,admissible_et_classe,,2026-10-08T12:17:08.103047+00:00,LA POSTE
77,35600000039081,admissible_et_classe,,2026-10-08T12:17:08.198530+00:00,LA POSTE
77,35600000039086,admissible_et_classe,,2026-10-08T12:17:08.400532+00:00,LA POSTE
77,35600000039090,admissible_et_classe,,2026-10-08T12:17:08.604459+00:00,LA POSTE
77,35600000039581,admissible_et_classe,,2026-10-08T12:17:08.799794+00:00,LA POSTE
77,35600000039586,admissible_et_classe,,2026-10-08T12:17:09.077120+00:00,LA POSTE
77,35600000039603,admissible_et_classe,,2026-10-08T12:17:09.210293+00:00,LA POSTE
77,35600000039617,admissible_et_classe,,2026-10-08T12:17:09.414867+00:00,LA POSTE
77,35600000039635,admissible_et_classe,,2026-10-08T12:17:09.610096+00:00,LA POSTE
77,35600000039653,admissible_et_classe,,2026-10-08T12:17:09.819758+00:00,LA POSTE
77,35600000040138,admissible_et_classe,,2026-10-08T12:17:10.026693+00:00,LA POSTE
77,35600000040142,admissible_et_classe,,2026-10-08T12:17:10.225815+00:00,LA POSTE
77,35600000040147,admissible_et_classe,,2026-10-08T12:17:10.430297+00:00,LA POSTE
77,35600000040151,admissible_et_classe,,2026-10-08T12:17:10.633750+00:00,LA POSTE
77,35600000040156,admissible_et_classe,,2026-10-08T12:17:10.838606+00:00,LA POSTE
77,35600000040160,admissible_et_classe,,2026-10-08T12:17:11.235632+00:00,LA POSTE
77,35600000040165,admissible_et_classe,,2026-10-08T12:17:11.238588+00:00,LA POSTE
77,35600000040174,admissible_et_classe,,2026-10-08T12:17:11.470310+00:00,LA POSTE
77,35600000040183,admissible_et_classe,,2026-10-08T12:17:11.653360+00:00,LA POSTE
77,35600000040188,admissible_et_classe,,2026-10-08T12:17:11.845556+00:00,LA POSTE
77,35600000040197,admissible_et_classe,,2026-10-08T12:17:12.068850+00:00,LA POSTE
77,35600000040205,admissible_et_classe,,2026-10-08T12:17:12.260669+00:00,LA POSTE
77,35600000040219,admissible_et_classe,,2026-10-08T12:17:12.475842+00:00,LA POSTE
77,35600000040223,admissible_et_classe,,2026-10-08T12:17:12.668769+00:00,LA POSTE
77,35600000040791,admissible_et_classe,,2026-10-08T12:17:12.867010+00:00,LA POSTE
77,35600000040813,admissible_et_classe,,2026-10-08T12:17:13.073115+00:00,LA POSTE
77,35600000040822,admissible_et_classe,,2026-10-08T12:17:13.264002+00:00,LA POSTE
77,35600000040840,admissible_et_classe,,2026-10-08T12:17:13.491217+00:00,LA POSTE
77,35600000040863,admissible_et_classe,,2026-10-08T12:17:13.688359+00:00,LA POSTE
77,35600000040868,admissible_et_classe,,2026-10-08T12:17:13.889265+00:00,LA POSTE
77,35600000040881,admissible_et_classe,,2026-10-08T12:17:14.096119+00:00,LA POSTE
77,35600000041466,admissible_et_classe,,2026-10-08T12:17:14.298871+00:00,LA POSTE
77,35600000041470,admissible_et_classe,,2026-10-08T12:17:14.507358+00:00,LA POSTE
77,35600000041475,admissible_et_classe,,2026-10-08T12:17:14.714563+00:00,LA POSTE
77,35600000041484,admissible_et_classe,,2026-10-08T12:17:14.937498+00:00,LA POSTE
77,35600000041493,admissible_et_classe,,2026-10-08T12:17:15.108081+00:00,LA POSTE
77,35600000041498,admissible_et_classe,,2026-10-08T12:17:15.307905+00:00,LA POSTE
77,35600000041501,admissible_et_classe,,2026-10-08T12:17:15.515271+00:00,LA POSTE
77,35600000041510,admissible_et_classe,,2026-10-08T12:17:15.710898+00:00,LA POSTE
77,35600000041524,admissible_et_classe,,2026-10-08T12:17:15.919207+00:00,LA POSTE
77,35600000041529,admissible_et_classe,,2026-10-08T12:17:16.188207+00:00,LA POSTE
77,35600000041533,admissible_et_classe,,2026-10-08T12:17:16.324915+00:00,LA POSTE
77,35600000041538,admissible_et_classe,,2026-10-08T12:17:16.523658+00:00,LA POSTE
77,35600000041542,admissible_et_classe,,2026-10-08T12:17:16.734689+00:00,LA POSTE
77,35600000041551,admissible_et_classe,,2026-10-08T12:17:16.937595+00:00,LA POSTE
77,35600000041556,admissible_et_classe,,2026-10-08T12:17:17.133199+00:00,LA POSTE
77,35600000042118,admissible_et_classe,,2026-10-08T12:17:17.339338+00:00,LA POSTE
77,35600000042122,admissible_et_classe,,2026-10-08T12:17:17.567351+00:00,LA POSTE
77,35600000042127,admissible_et_classe,,2026-10-08T12:17:17.739477+00:00,LA POSTE
77,35600000042136,admissible_et_classe,,2026-10-08T12:17:17.965396+00:00,LA POSTE
77,35600000042140,admissible_et_classe,,2026-10-08T12:17:18.221756+00:00,LA POSTE
77,35600000042154,admissible_et_classe,,2026-10-08T12:17:18.361517+00:00,LA POSTE
77,35600000042159,admissible_et_classe,,2026-10-08T12:17:18.591411+00:00,LA POSTE
77,35600000042163,admissible_et_classe,,2026-10-08T12:17:18.788588+00:00,LA POSTE
77,35600000042177,admissible_et_classe,,2026-10-08T12:17:18.967306+00:00,LA POSTE
77,35600000042181,admissible_et_classe,,2026-10-08T12:17:19.161372+00:00,LA POSTE
77,35600000042190,admissible_et_classe,,2026-10-08T12:17:19.370637+00:00,LA POSTE
77,35600000042195,admissible_et_classe,,2026-10-08T12:17:19.579946+00:00,LA POSTE
77,35600000042203,admissible_et_classe,,2026-10-08T12:17:19.805205+00:00,LA POSTE
77,35600000042208,admissible_et_classe,,2026-10-08T12:17:19.979259+00:00,LA POSTE
77,35600000043752,admissible_et_classe,,2026-10-08T12:17:20.203600+00:00,LA POSTE
77,35600000043757,admissible_et_classe,,2026-10-08T12:17:20.387568+00:00,LA POSTE
77,35600000043761,admissible_et_classe,,2026-10-08T12:17:20.587602+00:00,LA POSTE
77,35600000043784,admissible_et_classe,,2026-10-08T12:17:20.784235+00:00,LA POSTE
77,35600000043789,admissible_et_classe,,2026-10-08T12:17:20.991525+00:00,LA POSTE
77,35600000043793,admissible_et_classe,,2026-10-08T12:17:21.195423+00:00,LA POSTE
77,35600000043801,admissible_et_classe,,2026-10-08T12:17:21.416626+00:00,LA POSTE
77,35600000043810,admissible_et_classe,,2026-10-08T12:17:21.626232+00:00,LA POSTE
77,35600000043815,admissible_et_classe,,2026-10-08T12:17:21.793553+00:00,LA POSTE
77,35600000043829,admissible_et_classe,,2026-10-08T12:17:22.153241+00:00,LA POSTE
77,35600000043833,admissible_et_classe,,2026-10-08T12:17:22.349904+00:00,LA POSTE
77,35600000043838,admissible_et_classe,,2026-10-08T12:17:22.407630+00:00,LA POSTE
77,35600000043842,admissible_et_classe,,2026-10-08T12:17:22.609182+00:00,LA POSTE
77,35600000044607,admissible_et_classe,,2026-10-08T12:17:22.811606+00:00,LA POSTE
77,35600000044625,admissible_et_classe,,2026-10-08T12:17:23.019988+00:00,LA POSTE
77,35600000044634,admissible_et_classe,,2026-10-08T12:17:23.233013+00:00,LA POSTE
77,35600000044643,admissible_et_classe,,2026-10-08T12:17:23.425451+00:00,LA POSTE
77,35600000044648,admissible_et_classe,,2026-10-08T12:17:23.640147+00:00,LA POSTE
77,35600000044661,admissible_et_classe,,2026-10-08T12:17:23.828664+00:00,LA POSTE
77,35600000044666,admissible_et_classe,,2026-10-08T12:17:24.035581+00:00,LA POSTE
77,35600000044670,admissible_et_classe,,2026-10-08T12:17:24.234759+00:00,LA POSTE
77,35600000044675,admissible_et_classe,,2026-10-08T12:17:24.441077+00:00,LA POSTE
77,35600000044698,admissible_et_classe,,2026-10-08T12:17:24.637303+00:00,LA POSTE
93,35600000048266,admissible_et_classe,,2026-10-08T12:25:36.260577+00:00,LA POSTE
93,35600000048270,admissible_et_classe,,2026-10-08T12:25:36.436606+00:00,LA POSTE
93,35600000048275,admissible_et_classe,,2026-10-08T12:25:36.584891+00:00,LA POSTE
93,35600000048284,admissible_et_classe,,2026-10-08T12:25:36.788009+00:00,LA POSTE
93,35600000048289,admissible_et_classe,,2026-10-08T12:25:37.080643+00:00,LA POSTE
93,35600000048298,admissible_et_classe,,2026-10-08T12:25:37.186874+00:00,LA POSTE
93,35600000048301,admissible_et_classe,,2026-10-08T12:25:37.391420+00:00,LA POSTE
93,35600000048306,admissible_et_classe,,2026-10-08T12:25:37.595747+00:00,LA POSTE
93,35600000048324,admissible_et_classe,,2026-10-08T12:25:37.800877+00:00,LA POSTE
93,35600000048338,admissible_et_classe,,2026-10-08T12:25:38.015214+00:00,LA POSTE
93,35600000048342,admissible_et_classe,,2026-10-08T12:25:38.213223+00:00,LA POSTE
93,35600000048356,admissible_et_classe,,2026-10-08T12:25:38.438219+00:00,LA POSTE
93,35600000048563,admissible_et_classe,,2026-10-08T12:25:38.611368+00:00,LA POSTE
93,35600000048568,admissible_et_classe,,2026-10-08T12:25:38.816774+00:00,LA POSTE
93,35600000048572,admissible_et_classe,,2026-10-08T12:25:39.055283+00:00,LA POSTE
93,35600000048577,admissible_et_classe,,2026-10-08T12:25:39.223746+00:00,LA POSTE
93,35600000048581,admissible_et_classe,,2026-10-08T12:25:39.422899+00:00,LA POSTE
93,35600000048590,admissible_et_classe,,2026-10-08T12:25:39.641340+00:00,LA POSTE
93,35600000048595,admissible_et_classe,,2026-10-08T12:25:39.837228+00:00,LA POSTE
93,35600000048603,admissible_et_classe,,2026-10-08T12:25:40.035513+00:00,LA POSTE
93,35600000048608,admissible_et_classe,,2026-10-08T12:25:40.236330+00:00,LA POSTE
93,35600000048612,admissible_et_classe,,2026-10-08T12:25:40.438920+00:00,LA POSTE
93,35600000048621,admissible_et_classe,,2026-10-08T12:25:40.639369+00:00,LA POSTE
93,35600000048626,admissible_et_classe,,2026-10-08T12:25:40.843210+00:00,LA POSTE
93,35600000048630,admissible_et_classe,,2026-10-08T12:25:41.053693+00:00,LA POSTE
93,35600000048635,admissible_et_classe,,2026-10-08T12:25:41.254394+00:00,LA POSTE
93,35600000048644,admissible_et_classe,,2026-10-08T12:25:41.553235+00:00,LA POSTE
93,35600000048838,admissible_et_classe,,2026-10-08T12:25:41.673429+00:00,LA POSTE
93,35600000048842,admissible_et_classe,,2026-10-08T12:25:41.864768+00:00,LA POSTE
93,35600000048851,admissible_et_classe,,2026-10-08T12:25:42.091915+00:00,LA POSTE
93,35600000048860,admissible_et_classe,,2026-10-08T12:25:42.319923+00:00,LA POSTE
93,35600000048865,admissible_et_classe,,2026-10-08T12:25:42.489163+00:00,LA POSTE
93,35600000048874,admissible_et_classe,,2026-10-08T12:25:42.702729+00:00,LA POSTE
93,35600000048888,admissible_et_classe,,2026-10-08T12:25:42.907787+00:00,LA POSTE
93,35600000048892,admissible_et_classe,,2026-10-08T12:25:43.118526+00:00,LA POSTE
93,35600000048900,admissible_et_classe,,2026-10-08T12:25:43.332991+00:00,LA POSTE
93,35600000048919,admissible_et_classe,,2026-10-08T12:25:43.554180+00:00,LA POSTE
93,35600000049107,admissible_et_classe,,2026-10-08T12:25:43.753596+00:00,LA POSTE
93,35600000049111,admissible_et_classe,,2026-10-08T12:25:43.963999+00:00,LA POSTE
93,35600000049116,admissible_et_classe,,2026-10-08T12:25:44.167096+00:00,LA POSTE
93,35600000049120,admissible_et_classe,,2026-10-08T12:25:44.389788+00:00,LA POSTE
93,35600000049125,admissible_et_classe,,2026-10-08T12:25:44.565550+00:00,LA POSTE
93,35600000049134,admissible_et_classe,,2026-10-08T12:25:44.769396+00:00,LA POSTE
93,35600000049139,admissible_et_classe,,2026-10-08T12:25:44.984220+00:00,LA POSTE
93,35600000049148,admissible_et_classe,,2026-10-08T12:25:45.184800+00:00,LA POSTE
93,35600000049157,admissible_et_classe,,2026-10-08T12:25:45.396894+00:00,LA POSTE
93,35600000049161,admissible_et_classe,,2026-10-08T12:25:45.601260+00:00,LA POSTE
93,35600000049166,admissible_et_classe,,2026-10-08T12:25:45.830459+00:00,LA POSTE
93,35600000049170,admissible_et_classe,,2026-10-08T12:25:46.023956+00:00,LA POSTE
93,35600000049175,admissible_et_classe,,2026-10-08T12:25:46.224340+00:00,LA POSTE
93,35600000049184,admissible_et_classe,,2026-10-08T12:25:46.435198+00:00,LA POSTE
93,35600000049189,admissible_et_classe,,2026-10-08T12:25:46.643882+00:00,LA POSTE
93,35600000049495,admissible_et_classe,,2026-10-08T12:25:46.847145+00:00,LA POSTE
93,35600000049503,admissible_et_classe,,2026-10-08T12:25:47.059637+00:00,LA POSTE
93,35600000049512,admissible_et_classe,,2026-10-08T12:25:47.263331+00:00,LA POSTE
93,35600000049517,admissible_et_classe,,2026-10-08T12:25:47.475559+00:00,LA POSTE
93,35600000049521,admissible_et_classe,,2026-10-08T12:25:47.671954+00:00,LA POSTE
93,35600000049526,admissible_et_classe,,2026-10-08T12:25:47.873779+00:00,LA POSTE
93,35600000049530,admissible_et_classe,,2026-10-08T12:25:48.077340+00:00,LA POSTE
93,35600000049535,admissible_et_classe,,2026-10-08T12:25:48.281321+00:00,LA POSTE
93,35600000049544,admissible_et_classe,,2026-10-08T12:25:48.485762+00:00,LA POSTE
93,35600000049549,admissible_et_classe,,2026-10-08T12:25:48.702511+00:00,LA POSTE
93,35600000049553,admissible_et_classe,,2026-10-08T12:25:48.919351+00:00,LA POSTE
93,35600000049562,admissible_et_classe,,2026-10-08T12:25:49.103920+00:00,LA POSTE
93,35600000049567,admissible_et_classe,,2026-10-08T12:25:49.316336+00:00,LA POSTE
94,35600000050501,admissible_et_classe,,2026-10-08T12:32:15.322842+00:00,LA POSTE
94,35600000050510,admissible_et_classe,,2026-10-08T12:32:15.515638+00:00,LA POSTE
94,35600000050524,admissible_et_classe,,2026-10-08T12:32:15.714353+00:00,LA POSTE
94,35600000050533,admissible_et_classe,,2026-10-08T12:32:15.935350+00:00,LA POSTE
94,35600000050542,admissible_et_classe,,2026-10-08T12:32:16.130695+00:00,LA POSTE
94,35600000050547,admissible_et_classe,,2026-10-08T12:32:16.325363+00:00,LA POSTE
94,35600000050551,admissible_et_classe,,2026-10-08T12:32:16.654062+00:00,LA POSTE
94,35600000050556,admissible_et_classe,,2026-10-08T12:32:16.752767+00:00,LA POSTE
94,35600000050560,admissible_et_classe,,2026-10-08T12:32:16.957731+00:00,LA POSTE
94,35600000050565,admissible_et_classe,,2026-10-08T12:32:17.165312+00:00,LA POSTE
94,35600000050583,admissible_et_classe,,2026-10-08T12:32:17.372809+00:00,LA POSTE
94,35600000050588,admissible_et_classe,,2026-10-08T12:32:17.579086+00:00,LA POSTE
94,35600000050592,admissible_et_classe,,2026-10-08T12:32:17.777262+00:00,LA POSTE
94,35600000050812,admissible_et_classe,,2026-10-08T12:32:17.983634+00:00,LA POSTE
94,35600000050826,admissible_et_classe,,2026-10-08T12:32:18.187895+00:00,LA POSTE
94,35600000050830,admissible_et_classe,,2026-10-08T12:32:18.457817+00:00,LA POSTE
94,35600000050858,admissible_et_classe,,2026-10-08T12:32:18.568136+00:00,LA POSTE
94,35600000050862,admissible_et_classe,,2026-10-08T12:32:18.774059+00:00,LA POSTE
94,35600000050871,admissible_et_classe,,2026-10-08T12:32:18.980131+00:00,LA POSTE
94,35600000050876,admissible_et_classe,,2026-10-08T12:32:19.187791+00:00,LA POSTE
94,35600000050880,admissible_et_classe,,2026-10-08T12:32:19.380216+00:00,LA POSTE
94,35600000051069,admissible_et_classe,,2026-10-08T12:32:19.593096+00:00,LA POSTE
94,35600000051078,admissible_et_classe,,2026-10-08T12:32:19.787203+00:00,LA POSTE
94,35600000051087,admissible_et_classe,,2026-10-08T12:32:19.993958+00:00,LA POSTE
94,35600000051096,admissible_et_classe,,2026-10-08T12:32:20.197013+00:00,LA POSTE
94,35600000051104,admissible_et_classe,,2026-10-08T12:32:20.401336+00:00,LA POSTE
94,35600000051109,admissible_et_classe,,2026-10-08T12:32:20.609699+00:00,LA POSTE
94,35600000051113,admissible_et_classe,,2026-10-08T12:32:20.812975+00:00,LA POSTE
94,35600000051118,admissible_et_classe,,2026-10-08T12:32:21.017425+00:00,LA POSTE
94,35600000051127,admissible_et_classe,,2026-10-08T12:32:21.251947+00:00,LA POSTE
94,35600000051131,admissible_et_classe,,2026-10-08T12:32:21.439037+00:00,LA POSTE
94,35600000051136,admissible_et_classe,,2026-10-08T12:32:21.620014+00:00,LA POSTE
94,35600000051145,admissible_et_classe,,2026-10-08T12:32:21.922240+00:00,LA POSTE
94,35600000051159,admissible_et_classe,,2026-10-08T12:32:22.035195+00:00,LA POSTE
94,35600000051352,admissible_et_classe,,2026-10-08T12:32:22.242997+00:00,LA POSTE
94,35600000051357,admissible_et_classe,,2026-10-08T12:32:22.475659+00:00,LA POSTE
94,35600000051361,admissible_et_classe,,2026-10-08T12:32:22.665407+00:00,LA POSTE
94,35600000051366,admissible_et_classe,,2026-10-08T12:32:22.844618+00:00,LA POSTE
94,35600000051370,admissible_et_classe,,2026-10-08T12:32:23.054785+00:00,LA POSTE
94,35600000051375,admissible_et_classe,,2026-10-08T12:32:23.255104+00:00,LA POSTE
94,35600000051384,admissible_et_classe,,2026-10-08T12:32:23.519930+00:00,LA POSTE
94,35600000051393,admissible_et_classe,,2026-10-08T12:32:23.667181+00:00,LA POSTE
94,35600000051398,admissible_et_classe,,2026-10-08T12:32:23.861460+00:00,LA POSTE
94,35600000051410,admissible_et_classe,,2026-10-08T12:32:24.141667+00:00,LA POSTE
94,35600000051415,admissible_et_classe,,2026-10-08T12:32:24.273991+00:00,LA POSTE
94,35600000051627,admissible_et_classe,,2026-10-08T12:32:24.543539+00:00,LA POSTE
94,35600000051631,admissible_et_classe,,2026-10-08T12:32:24.702272+00:00,LA POSTE
94,35600000051640,admissible_et_classe,,2026-10-08T12:32:24.883734+00:00,LA POSTE
94,35600000051659,admissible_et_classe,,2026-10-08T12:32:25.103841+00:00,LA POSTE
94,35600000051663,admissible_et_classe,,2026-10-08T12:32:25.303055+00:00,LA POSTE
94,35600000051672,admissible_et_classe,,2026-10-08T12:32:25.502618+00:00,LA POSTE
94,35600000051677,admissible_et_classe,,2026-10-08T12:32:25.719567+00:00,LA POSTE
94,35600000051695,admissible_et_classe,,2026-10-08T12:32:25.895170+00:00,LA POSTE
94,35600000051708,admissible_et_classe,,2026-10-08T12:32:26.107678+00:00,LA POSTE
94,35600000051910,admissible_et_classe,,2026-10-08T12:32:26.301797+00:00,LA POSTE
94,35600000051915,admissible_et_classe,,2026-10-08T12:32:26.500699+00:00,LA POSTE
94,35600000051924,admissible_et_classe,,2026-10-08T12:32:26.705536+00:00,LA POSTE
94,35600000051929,admissible_et_classe,,2026-10-08T12:32:26.913931+00:00,LA POSTE
94,35600000051938,admissible_et_classe,,2026-10-08T12:32:27.118759+00:00,LA POSTE
94,35600000051947,admissible_et_classe,,2026-10-08T12:32:27.345067+00:00,LA POSTE
94,35600000051951,admissible_et_classe,,2026-10-08T12:32:27.517124+00:00,LA POSTE
94,35600000051965,admissible_et_classe,,2026-10-08T12:32:27.720323+00:00,LA POSTE
94,35600000051974,admissible_et_classe,,2026-10-08T12:32:27.927194+00:00,LA POSTE
94,35600000051992,admissible_et_classe,,2026-10-08T12:32:28.131111+00:00,LA POSTE
94,35600000052185,admissible_et_classe,,2026-10-08T12:32:28.328127+00:00,LA POSTE
94,35600000052194,admissible_et_classe,,2026-10-08T12:32:28.530890+00:00,LA POSTE
94,35600000052202,admissible_et_classe,,2026-10-08T12:32:28.727242+00:00,LA POSTE
94,35600000052211,admissible_et_classe,,2026-10-08T12:32:28.941282+00:00,LA POSTE
94,35600000052216,admissible_et_classe,,2026-10-08T12:32:29.137535+00:00,LA POSTE
94,35600000052225,admissible_et_classe,,2026-10-08T12:32:29.335608+00:00,LA POSTE
94,35600000052234,admissible_et_classe,,2026-10-08T12:32:29.572464+00:00,LA POSTE
94,35600000052243,admissible_et_classe,,2026-10-08T12:32:29.762213+00:00,LA POSTE
93,35600000052405,admissible_et_classe,,2026-10-08T12:25:49.523372+00:00,LA POSTE
93,35600000052414,admissible_et_classe,,2026-10-08T12:25:49.722131+00:00,LA POSTE
93,35600000052423,admissible_et_classe,,2026-10-08T12:25:49.927208+00:00,LA POSTE
93,35600000052432,admissible_et_classe,,2026-10-08T12:25:50.130376+00:00,LA POSTE
93,35600000052441,admissible_et_classe,,2026-10-08T12:25:50.327220+00:00,LA POSTE
93,35600000052450,admissible_et_classe,,2026-10-08T12:25:50.529088+00:00,LA POSTE
93,35600000052455,admissible_et_classe,,2026-10-08T12:25:50.728280+00:00,LA POSTE
93,35600000052469,admissible_et_classe,,2026-10-08T12:25:50.950509+00:00,LA POSTE
93,35600000052667,admissible_et_classe,,2026-10-08T12:25:51.144766+00:00,LA POSTE
93,35600000052671,admissible_et_classe,,2026-10-08T12:25:51.370455+00:00,LA POSTE
93,35600000052680,admissible_et_classe,,2026-10-08T12:25:51.651322+00:00,LA POSTE
93,35600000052685,admissible_et_classe,,2026-10-08T12:25:51.764946+00:00,LA POSTE
93,35600000052699,admissible_et_classe,,2026-10-08T12:25:51.967974+00:00,LA POSTE
93,35600000052702,admissible_et_classe,,2026-10-08T12:25:52.161270+00:00,LA POSTE
93,35600000052707,admissible_et_classe,,2026-10-08T12:25:52.367415+00:00,LA POSTE
93,35600000052716,admissible_et_classe,,2026-10-08T12:25:52.571927+00:00,LA POSTE
93,35600000052725,admissible_et_classe,,2026-10-08T12:25:52.813324+00:00,LA POSTE
93,35600000052739,admissible_et_classe,,2026-10-08T12:25:52.981023+00:00,LA POSTE
93,35600000052743,admissible_et_classe,,2026-10-08T12:25:53.195191+00:00,LA POSTE
93,35600000052748,admissible_et_classe,,2026-10-08T12:25:53.400288+00:00,LA POSTE
93,35600000052752,admissible_et_classe,,2026-10-08T12:25:53.617270+00:00,LA POSTE
93,35600000052757,admissible_et_classe,,2026-10-08T12:25:53.810553+00:00,LA POSTE
93,35600000065163,admissible_et_classe,,2026-10-08T12:25:54.017987+00:00,LA POSTE
94,35600000065410,admissible_et_classe,,2026-10-08T12:32:30.057924+00:00,LA POSTE
77,35600000065465,admissible_et_classe,,2026-10-08T12:17:24.838172+00:00,LA POSTE
77,35600000065500,admissible_et_classe,,2026-10-08T12:17:25.049712+00:00,LA POSTE
93,35600000065910,admissible_et_classe,,2026-10-08T12:25:54.220783+00:00,LA POSTE
77,35600000065938,admissible_et_classe,,2026-10-08T12:17:25.261219+00:00,LA POSTE
93,35600000066324,admissible_et_classe,,2026-10-08T12:25:54.415727+00:00,LA POSTE
93,35600000066329,admissible_et_classe,,2026-10-08T12:25:54.616555+00:00,LA POSTE
77,35600000066464,admissible_et_classe,,2026-10-08T12:17:25.464487+00:00,LA POSTE
77,35600000066563,admissible_et_classe,,2026-10-08T12:17:25.675683+00:00,LA POSTE
77,35600000066568,admissible_et_classe,,2026-10-08T12:17:25.895156+00:00,LA POSTE
93,35600000066680,admissible_et_classe,,2026-10-08T12:25:54.844043+00:00,LA POSTE
77,35600000066860,admissible_et_classe,,2026-10-08T12:17:26.115663+00:00,LA POSTE
93,35600000066900,admissible_et_classe,,2026-10-08T12:25:55.033648+00:00,LA POSTE
94,35600000066905,admissible_et_classe,,2026-10-08T12:32:30.176307+00:00,LA POSTE
93,35600000066937,admissible_et_classe,,2026-10-08T12:25:55.336814+00:00,LA POSTE
93,35600000067170,admissible_et_classe,,2026-10-08T12:25:55.457536+00:00,LA POSTE
94,35600000067332,admissible_et_classe,,2026-10-08T12:32:30.615811+00:00,LA POSTE
94,35600000067341,admissible_et_classe,,2026-10-08T12:32:30.568085+00:00,LA POSTE
94,35600000067346,admissible_et_classe,,2026-10-08T12:32:30.782760+00:00,LA POSTE
94,35600000067373,admissible_et_classe,,2026-10-08T12:32:30.980440+00:00,LA POSTE
94,35600000067391,admissible_et_classe,,2026-10-08T12:32:31.189614+00:00,LA POSTE
77,35600000067779,admissible_et_classe,,2026-10-08T12:17:26.329019+00:00,LA POSTE
77,35600000067783,admissible_et_classe,,2026-10-08T12:17:26.479192+00:00,LA POSTE
93,35600000067797,admissible_et_classe,,2026-10-08T12:25:55.654936+00:00,LA POSTE
77,35600000067909,admissible_et_classe,,2026-10-08T12:17:26.685784+00:00,LA POSTE
93,35600000067931,admissible_et_classe,,2026-10-08T12:25:55.871826+00:00,LA POSTE
93,35600000067959,admissible_et_classe,,2026-10-08T12:25:56.119596+00:00,LA POSTE
77,35600000068039,admissible_et_classe,,2026-10-08T12:17:26.882739+00:00,LA POSTE
77,35600000068075,admissible_et_classe,,2026-10-08T12:17:27.099012+00:00,LA POSTE
93,35600000068197,admissible_et_classe,,2026-10-08T12:25:56.283055+00:00,LA POSTE
93,35600000068278,admissible_et_classe,,2026-10-08T12:25:56.609220+00:00,LA POSTE
77,35600000068372,admissible_et_classe,,2026-10-08T12:17:27.293515+00:00,LA POSTE
93,35600000068444,admissible_et_classe,,2026-10-08T12:25:56.698822+00:00,LA POSTE
93,35600000068593,admissible_et_classe,,2026-10-08T12:25:56.897207+00:00,LA POSTE
93,35600000068688,admissible_et_classe,,2026-10-08T12:25:57.114421+00:00,LA POSTE
94,35600000068769,admissible_et_classe,,2026-10-08T12:32:31.379999+00:00,LA POSTE
94,35600000068886,admissible_et_classe,,2026-10-08T12:32:31.583643+00:00,LA POSTE
93,35600000069047,admissible_et_classe,,2026-10-08T12:25:57.312491+00:00,LA POSTE
77,35600000069182,admissible_et_classe,,2026-10-08T12:17:27.496324+00:00,LA POSTE
93,35600000069254,admissible_et_classe,,2026-10-08T12:25:57.507554+00:00,LA POSTE
94,35600000069317,admissible_et_classe,,2026-10-08T12:32:31.784614+00:00,LA POSTE
94,35600000069344,admissible_et_classe,,2026-10-08T12:32:32.008285+00:00,LA POSTE
77,35600000069362,admissible_et_classe,,2026-10-08T12:17:27.710249+00:00,LA POSTE
77,35600000069448,admissible_et_classe,,2026-10-08T12:17:27.916716+00:00,LA POSTE
93,35600000069470,admissible_et_classe,,2026-10-08T12:25:57.756505+00:00,LA POSTE
77,35600000069556,admissible_et_classe,,2026-10-08T12:17:28.110170+00:00,LA POSTE
93,35600000069583,admissible_et_classe,,2026-10-08T12:25:57.920902+00:00,LA POSTE
77,35600000069682,admissible_et_classe,,2026-10-08T12:17:28.326495+00:00,LA POSTE
94,35600000069727,admissible_et_classe,,2026-10-08T12:32:32.195187+00:00,LA POSTE
93,35600000070167,admissible_et_classe,,2026-10-08T12:25:58.114221+00:00,LA POSTE
94,35600000070216,admissible_et_classe,,2026-10-08T12:32:32.406312+00:00,LA POSTE
77,35600000070248,admissible_et_classe,,2026-10-08T12:17:28.524181+00:00,LA POSTE
93,35600000070266,admissible_et_classe,,2026-10-08T12:25:58.327522+00:00,LA POSTE
93,35600000070658,admissible_et_classe,,2026-10-08T12:25:58.531941+00:00,LA POSTE
93,35600000070770,admissible_et_classe,,2026-10-08T12:25:58.731464+00:00,LA POSTE
93,35600000070815,admissible_et_classe,,2026-10-08T12:25:58.960716+00:00,LA POSTE
77,35600000070824,admissible_et_classe,,2026-10-08T12:17:28.740873+00:00,LA POSTE
93,35600000070829,admissible_et_classe,,2026-10-08T12:25:59.142690+00:00,LA POSTE
77,35600000071300,admissible_et_classe,,2026-10-08T12:17:28.931074+00:00,LA POSTE
93,35600000071364,admissible_et_classe,,2026-10-08T12:25:59.355522+00:00,LA POSTE
77,35600000071544,admissible_et_classe,,2026-10-08T12:17:29.122634+00:00,LA POSTE
94,35600000071558,admissible_et_classe,,2026-10-08T12:32:32.606545+00:00,LA POSTE
77,35600000071599,admissible_et_classe,,2026-10-08T12:17:29.356013+00:00,LA POSTE
77,35600000071639,admissible_et_classe,,2026-10-08T12:17:29.516149+00:00,LA POSTE
94,35600000071661,admissible_et_classe,,2026-10-08T12:32:32.810963+00:00,LA POSTE
94,35600000071760,admissible_et_classe,,2026-10-08T12:32:33.005258+00:00,LA POSTE
94,35600000071783,admissible_et_classe,,2026-10-08T12:32:33.220120+00:00,LA POSTE
93,35600000071797,admissible_et_classe,,2026-10-08T12:25:59.557013+00:00,LA POSTE
77,35600000072034,admissible_et_classe,,2026-10-08T12:17:29.760171+00:00,LA POSTE
93,35600000072309,admissible_et_classe,,2026-10-08T12:25:59.748366+00:00,LA POSTE
77,35600000072408,admissible_et_classe,,2026-10-08T12:17:29.939793+00:00,LA POSTE
94,35600000072651,admissible_et_classe,,2026-10-08T12:32:33.406673+00:00,LA POSTE
77,35820037600079,rejete_au_classement,hors_filtre_nom,2026-10-08T12:17:30.117898+00:00,LENS POIDS LOURDS (LPL)
77,37800323000133,rejete_au_controle_actuel,sans_position,2026-10-08T12:17:30.318779+00:00,
77,37804750001622,admissible_et_classe,,2026-10-08T10:36:05.441730+00:00,B & B HOTELS FRANCE
94,37804750001630,admissible_et_classe,,2026-10-08T10:38:00.504532+00:00,B & B HOTELS FRANCE
94,37804750001648,admissible_et_classe,,2026-10-08T10:38:00.715732+00:00,B & B HOTELS FRANCE
77,37804750001747,admissible_et_classe,,2026-10-08T10:36:05.649075+00:00,B & B HOTELS FRANCE
77,37804750002323,admissible_et_classe,,2026-10-08T12:17:30.536083+00:00,B & B HOTELS FRANCE
93,37804750002422,admissible_et_classe,,2026-10-08T12:25:59.950297+00:00,B & B HOTELS FRANCE
93,37804750002430,admissible_et_classe,,2026-10-08T12:26:00.166719+00:00,B & B HOTELS FRANCE
94,37804750002489,admissible_et_classe,,2026-10-08T12:32:33.616466+00:00,B & B HOTELS FRANCE
93,37804750002554,admissible_et_classe,,2026-10-08T12:26:00.356733+00:00,B & B HOTELS FRANCE
93,37804750002562,admissible_et_classe,,2026-10-08T12:26:00.571752+00:00,B & B HOTELS FRANCE
77,37804750002687,admissible_et_classe,,2026-10-08T12:17:30.751361+00:00,B & B HOTELS FRANCE
94,37804750002695,admissible_et_classe,,2026-10-08T12:32:33.890097+00:00,B & B HOTELS FRANCE
94,37804750002778,admissible_et_classe,,2026-10-08T12:32:34.022123+00:00,B & B HOTELS FRANCE
94,37804750002786,admissible_et_classe,,2026-10-08T12:32:34.220528+00:00,B & B HOTELS FRANCE
93,37804750002836,admissible_et_classe,,2026-10-08T12:26:00.765353+00:00,B & B HOTELS FRANCE
93,37804750002950,admissible_et_classe,,2026-10-08T12:26:00.964955+00:00,B & B HOTELS FRANCE
77,37804750002968,admissible_et_classe,,2026-10-08T12:17:30.937791+00:00,B & B HOTELS FRANCE
77,37804750003032,admissible_et_classe,,2026-10-08T12:17:31.258942+00:00,B & B HOTELS FRANCE
77,37804750003081,admissible_et_classe,,2026-10-08T12:17:31.481326+00:00,B & B HOTELS FRANCE
94,37807623600033,rejete_au_classement,hors_filtre_nom,2026-10-08T12:32:34.407623+00:00,EVALUATION ET EXPLOITATION MEDICALE (E.E.M.)
77,37890056700017,rejete_au_controle_actuel,sans_position,2026-10-08T12:17:31.542551+00:00,
77,37899289501209,admissible_et_classe,,2026-10-08T12:17:31.838864+00:00,GXO LOGISTICS FRANCE (XPO SCH FR)
77,37912661800014,rejete_au_controle_actuel,sans_position,2026-10-08T12:17:31.950638+00:00,
93,37924316501210,admissible_et_classe,,2026-10-08T12:26:01.376333+00:00,SM AMIENS (SERGENT MAJOR)
77,37924316501368,admissible_et_classe,,2026-10-08T12:17:32.160701+00:00,SM AMIENS (SERGENT MAJOR)
94,37924316501426,admissible_et_classe,,2026-10-08T12:32:34.691647+00:00,SM AMIENS (SERGENT MAJOR)
77,37924316501459,admissible_et_classe,,2026-10-08T12:17:32.357550+00:00,SM AMIENS (SERGENT MAJOR)
77,37924316501491,admissible_et_classe,,2026-10-08T12:17:32.562708+00:00,SM AMIENS (SERGENT MAJOR)
93,37924316501566,admissible_et_classe,,2026-10-08T12:26:01.580333+00:00,SM AMIENS (SERGENT MAJOR)
94,37924316501590,admissible_et_classe,,2026-10-08T12:32:34.828154+00:00,SM AMIENS (SERGENT MAJOR)
77,37924316501863,admissible_et_classe,,2026-10-08T12:17:32.769095+00:00,SM AMIENS (SERGENT MAJOR)
93,37924316502069,admissible_et_classe,,2026-10-08T12:26:01.781002+00:00,SM AMIENS (SERGENT MAJOR)
77,37935305500013,rejete_au_controle_actuel,sans_position,2026-10-08T12:17:32.958714+00:00,
77,37939086700016,rejete_au_controle_actuel,sans_position,2026-10-08T12:17:33.213778+00:00,
93,37958790000091,admissible_et_classe,,2026-10-08T12:26:01.990537+00:00,THOM
93,37958790000117,admissible_et_classe,,2026-10-08T12:26:02.197738+00:00,THOM
93,37958790000125,admissible_et_classe,,2026-10-08T12:26:02.395852+00:00,THOM
93,37958790000133,admissible_et_classe,,2026-10-08T12:26:02.610663+00:00,THOM
93,37958790000141,admissible_et_classe,,2026-10-08T12:26:02.801070+00:00,THOM
93,37958790000158,admissible_et_classe,,2026-10-08T12:26:02.987670+00:00,THOM
77,37958790000240,admissible_et_classe,,2026-10-08T12:17:33.441238+00:00,THOM
94,37958790000471,admissible_et_classe,,2026-10-08T12:32:35.028781+00:00,THOM
94,37958790000497,admissible_et_classe,,2026-10-08T12:32:35.239736+00:00,THOM
94,37958790000505,admissible_et_classe,,2026-10-08T12:32:35.431775+00:00,THOM
94,37958790000513,admissible_et_classe,,2026-10-08T12:32:35.642892+00:00,THOM
93,37958790000695,admissible_et_classe,,2026-10-08T12:26:03.200303+00:00,THOM
93,37958790000737,admissible_et_classe,,2026-10-08T12:26:03.402334+00:00,THOM
77,37958790000968,admissible_et_classe,,2026-10-08T12:17:33.590011+00:00,THOM
77,37958790001016,admissible_et_classe,,2026-10-08T12:17:33.793590+00:00,THOM
94,37958790001057,admissible_et_classe,,2026-10-08T10:38:00.912488+00:00,THOM
94,37958790001065,admissible_et_classe,,2026-10-08T10:38:01.128178+00:00,THOM
93,37958790001115,admissible_et_classe,,2026-10-08T10:37:01.879440+00:00,THOM
77,37958790001628,admissible_et_classe,,2026-10-08T10:36:05.860150+00:00,THOM
94,37958790001669,admissible_et_classe,,2026-10-08T10:38:01.328289+00:00,THOM
94,37958790001974,admissible_et_classe,,2026-10-08T10:38:01.585601+00:00,THOM
93,37958790002147,admissible_et_classe,,2026-10-08T12:26:03.618573+00:00,THOM
93,37958790002436,admissible_et_classe,,2026-10-08T12:26:03.867648+00:00,THOM
93,37958790002519,admissible_et_classe,,2026-10-08T12:26:04.018994+00:00,THOM
93,37958790002535,admissible_et_classe,,2026-10-08T12:26:04.216578+00:00,THOM
93,37958790002543,admissible_et_classe,,2026-10-08T12:26:04.442006+00:00,THOM
93,37958790002568,admissible_et_classe,,2026-10-08T12:26:04.623805+00:00,THOM
93,37958790002584,admissible_et_classe,,2026-10-08T12:26:04.832278+00:00,THOM
77,37958790005074,admissible_et_classe,,2026-10-08T12:17:34.004177+00:00,THOM
77,37958790005108,admissible_et_classe,,2026-10-08T12:17:34.225337+00:00,THOM
77,37958790005116,admissible_et_classe,,2026-10-08T12:17:34.401972+00:00,THOM
93,37958790005579,admissible_et_classe,,2026-10-08T12:26:05.021235+00:00,THOM
94,37958790005587,admissible_et_classe,,2026-10-08T12:32:35.841494+00:00,THOM
77,37958790005785,admissible_et_classe,,2026-10-08T12:17:34.607852+00:00,THOM
77,37958790006049,admissible_et_classe,,2026-10-08T12:17:34.807259+00:00,THOM
77,37958790006106,admissible_et_classe,,2026-10-08T12:17:35.005408+00:00,THOM
77,37958790006650,admissible_et_classe,,2026-10-08T12:17:35.385850+00:00,THOM
77,37958790006791,admissible_et_classe,,2026-10-08T12:17:35.406762+00:00,THOM
77,37975530900018,rejete_au_controle_actuel,sans_position,2026-10-08T12:17:35.593208+00:00,
77,37987770700016,rejete_au_controle_actuel,sans_position,2026-10-08T12:17:35.801502+00:00,
77,37987847300014,rejete_au_controle_actuel,sans_position,2026-10-08T12:17:36.038099+00:00,
77,37995295500019,rejete_au_controle_actuel,sans_position,2026-10-08T12:17:36.212113+00:00,
94,38012986611391,admissible_et_classe,,2026-10-08T10:38:01.761248+00:00,ORANGE
77,38012986611714,admissible_et_classe,,2026-10-08T10:36:06.055569+00:00,ORANGE
77,38012986611722,admissible_et_classe,,2026-10-08T10:36:06.276480+00:00,ORANGE
77,38012986611730,rejete_au_controle_actuel,sans_position,2026-10-08T12:17:36.427961+00:00,
77,38012986611748,admissible_et_classe,,2026-10-08T10:36:06.476819+00:00,ORANGE
77,38012986611821,admissible_et_classe,,2026-10-08T10:36:06.660875+00:00,ORANGE
77,38012986612100,admissible_et_classe,,2026-10-08T10:36:06.860071+00:00,ORANGE
77,38012986612316,admissible_et_classe,,2026-10-08T12:17:36.625844+00:00,ORANGE
77,38012986612324,admissible_et_classe,,2026-10-08T12:17:36.826610+00:00,ORANGE
77,38012986612340,admissible_et_classe,,2026-10-08T12:17:37.038204+00:00,ORANGE
77,38012986612357,admissible_et_classe,,2026-10-08T12:17:37.239753+00:00,ORANGE
77,38012986612365,admissible_et_classe,,2026-10-08T12:17:37.443682+00:00,ORANGE
77,38012986612753,admissible_et_classe,,2026-10-08T12:17:37.636851+00:00,ORANGE
77,38012986612761,admissible_et_classe,,2026-10-08T12:17:37.850171+00:00,ORANGE
77,38012986612910,admissible_et_classe,,2026-10-08T12:17:38.048952+00:00,ORANGE
77,38012986612936,admissible_et_classe,,2026-10-08T12:17:38.260259+00:00,ORANGE
77,38012986612944,admissible_et_classe,,2026-10-08T12:17:38.459556+00:00,ORANGE
77,38012986612951,admissible_et_classe,,2026-10-08T12:17:38.725662+00:00,ORANGE
94,38012986613058,admissible_et_classe,,2026-10-08T12:32:36.159374+00:00,ORANGE
94,38012986613066,admissible_et_classe,,2026-10-08T12:32:36.242179+00:00,ORANGE
94,38012986613074,admissible_et_classe,,2026-10-08T12:32:36.477685+00:00,ORANGE
94,38012986613082,admissible_et_classe,,2026-10-08T12:32:36.807878+00:00,ORANGE
94,38012986613108,admissible_et_classe,,2026-10-08T12:32:36.861474+00:00,ORANGE
94,38012986613116,admissible_et_classe,,2026-10-08T12:32:37.064175+00:00,ORANGE
93,38012986613215,admissible_et_classe,,2026-10-08T12:26:05.219675+00:00,ORANGE
93,38012986618016,admissible_et_classe,,2026-10-08T12:26:05.424381+00:00,ORANGE
94,38012986618297,admissible_et_classe,,2026-10-08T12:32:37.271766+00:00,ORANGE
93,38012986619626,admissible_et_classe,,2026-10-08T12:26:05.666052+00:00,ORANGE
94,38012986619659,admissible_et_classe,,2026-10-08T12:32:37.472261+00:00,ORANGE
77,38012986623859,admissible_et_classe,,2026-10-08T12:17:38.865868+00:00,ORANGE
94,38012986624055,admissible_et_classe,,2026-10-08T12:32:37.670163+00:00,ORANGE
77,38012986625219,admissible_et_classe,,2026-10-08T12:17:39.073128+00:00,ORANGE
77,38012986625391,admissible_et_classe,,2026-10-08T12:17:39.278411+00:00,ORANGE
77,38012986630458,admissible_et_classe,,2026-10-08T12:17:39.474866+00:00,ORANGE
77,38012986630482,admissible_et_classe,,2026-10-08T12:17:39.683439+00:00,ORANGE
77,38012986630490,admissible_et_classe,,2026-10-08T12:17:39.960244+00:00,ORANGE
77,38012986630508,admissible_et_classe,,2026-10-08T12:17:40.087621+00:00,ORANGE
94,38012986630581,admissible_et_classe,,2026-10-08T12:32:37.880704+00:00,ORANGE
94,38012986630599,admissible_et_classe,,2026-10-08T12:32:38.089780+00:00,ORANGE
94,38012986630615,admissible_et_classe,,2026-10-08T12:32:38.276932+00:00,ORANGE
94,38012986630631,admissible_et_classe,,2026-10-08T12:32:38.479776+00:00,ORANGE
94,38012986630664,admissible_et_classe,,2026-10-08T12:32:38.701519+00:00,ORANGE
94,38012986630672,admissible_et_classe,,2026-10-08T12:32:38.890964+00:00,ORANGE
93,38012986630730,admissible_et_classe,,2026-10-08T12:26:05.827385+00:00,ORANGE
93,38012986630748,admissible_et_classe,,2026-10-08T12:26:06.049801+00:00,ORANGE
93,38012986630755,admissible_et_classe,,2026-10-08T12:26:06.240334+00:00,ORANGE
93,38012986630771,admissible_et_classe,,2026-10-08T12:26:06.442766+00:00,ORANGE
93,38012986630789,admissible_et_classe,,2026-10-08T12:26:06.641582+00:00,ORANGE
93,38012986630797,admissible_et_classe,,2026-10-08T12:26:06.853507+00:00,ORANGE
93,38012986630805,admissible_et_classe,,2026-10-08T12:26:07.053106+00:00,ORANGE
77,38012986630870,admissible_et_classe,,2026-10-08T12:17:40.295774+00:00,ORANGE
93,38012986630888,admissible_et_classe,,2026-10-08T12:26:07.256182+00:00,ORANGE
93,38012986630896,admissible_et_classe,,2026-10-08T12:26:07.451260+00:00,ORANGE
93,38012986631597,admissible_et_classe,,2026-10-08T12:26:07.656493+00:00,ORANGE
94,38012986631902,admissible_et_classe,,2026-10-08T12:32:39.096286+00:00,ORANGE
77,38012986634476,admissible_et_classe,,2026-10-08T12:17:40.499293+00:00,ORANGE
77,38012986634666,admissible_et_classe,,2026-10-08T12:17:40.795480+00:00,ORANGE
93,38012986635135,admissible_et_classe,,2026-10-08T12:26:07.927700+00:00,ORANGE
77,38012986635812,admissible_et_classe,,2026-10-08T12:17:41.024282+00:00,ORANGE
93,38012986636091,admissible_et_classe,,2026-10-08T12:26:08.200960+00:00,ORANGE
77,38012986637354,admissible_et_classe,,2026-10-08T12:17:41.122754+00:00,ORANGE
94,38012986637628,admissible_et_classe,,2026-10-08T12:32:39.300316+00:00,ORANGE
94,38012986639715,admissible_et_classe,,2026-10-08T12:32:39.505353+00:00,ORANGE
77,38012986640333,admissible_et_classe,,2026-10-08T12:17:41.328552+00:00,ORANGE
94,38012986642941,admissible_et_classe,,2026-10-08T12:32:39.698512+00:00,ORANGE
94,38012986645100,admissible_et_classe,,2026-10-08T12:32:39.905944+00:00,ORANGE
94,38012986645118,admissible_et_classe,,2026-10-08T12:32:40.109410+00:00,ORANGE
94,38012986645126,admissible_et_classe,,2026-10-08T12:32:40.316464+00:00,ORANGE
77,38012986645977,admissible_et_classe,,2026-10-08T12:17:41.530204+00:00,ORANGE
77,38012986646413,admissible_et_classe,,2026-10-08T12:17:41.721858+00:00,ORANGE
93,38012986646553,admissible_et_classe,,2026-10-08T12:26:08.263831+00:00,ORANGE
93,38012986647262,admissible_et_classe,,2026-10-08T12:26:08.480438+00:00,ORANGE
77,38012986647338,admissible_et_classe,,2026-10-08T12:17:41.938705+00:00,ORANGE
94,38012986647445,admissible_et_classe,,2026-10-08T12:32:40.622085+00:00,ORANGE
94,38012986647536,admissible_et_classe,,2026-10-08T12:32:40.857919+00:00,ORANGE
93,38012986647627,admissible_et_classe,,2026-10-08T12:26:08.673643+00:00,ORANGE
77,38012986647908,admissible_et_classe,,2026-10-08T12:17:42.122275+00:00,ORANGE
94,38012986648096,admissible_et_classe,,2026-10-08T12:32:41.032495+00:00,ORANGE
77,38012986648237,admissible_et_classe,,2026-10-08T12:17:42.336749+00:00,ORANGE
93,38012986648468,admissible_et_classe,,2026-10-08T12:26:08.886847+00:00,ORANGE
94,38012986648559,admissible_et_classe,,2026-10-08T12:32:41.234195+00:00,ORANGE
94,38012986648575,admissible_et_classe,,2026-10-08T12:32:41.441625+00:00,ORANGE
93,38012986648823,admissible_et_classe,,2026-10-08T12:26:09.072411+00:00,ORANGE
94,38012986648930,admissible_et_classe,,2026-10-08T12:32:41.645273+00:00,ORANGE
93,38012986648955,admissible_et_classe,,2026-10-08T12:26:09.279693+00:00,ORANGE
93,38012986649136,admissible_et_classe,,2026-10-08T12:26:09.480782+00:00,ORANGE
77,38015602600011,rejete_au_controle_actuel,sans_position,2026-10-08T12:17:42.542348+00:00,
93,38062233200043,admissible_et_classe,,2026-10-08T10:37:02.066326+00:00,ARMAND THIERY SAS (AT SAS)
77,38062233201462,admissible_et_classe,,2026-10-08T12:17:42.806085+00:00,ARMAND THIERY SAS (AT SAS)
94,38062233201728,admissible_et_classe,,2026-10-08T12:32:41.783781+00:00,ARMAND THIERY SAS (AT SAS)
77,38062233201835,admissible_et_classe,,2026-10-08T12:17:42.955183+00:00,ARMAND THIERY SAS (AT SAS)
77,38062233201843,admissible_et_classe,,2026-10-08T12:17:43.156829+00:00,ARMAND THIERY SAS (AT SAS)
77,38062233201876,admissible_et_classe,,2026-10-08T12:17:43.467528+00:00,ARMAND THIERY SAS (AT SAS)
77,38062233202114,admissible_et_classe,,2026-10-08T12:17:43.588523+00:00,ARMAND THIERY SAS (AT SAS)
93,38062233202122,admissible_et_classe,,2026-10-08T12:26:09.681099+00:00,ARMAND THIERY SAS (AT SAS)
93,38062233202130,admissible_et_classe,,2026-10-08T12:26:09.889138+00:00,ARMAND THIERY SAS (AT SAS)
77,38062233202536,admissible_et_classe,,2026-10-08T12:17:43.765581+00:00,ARMAND THIERY SAS (AT SAS)
77,38062233202718,admissible_et_classe,,2026-10-08T12:17:44.042594+00:00,ARMAND THIERY SAS (AT SAS)
93,38062233202965,admissible_et_classe,,2026-10-08T12:26:10.090176+00:00,ARMAND THIERY SAS (AT SAS)
94,38062233203195,admissible_et_classe,,2026-10-08T12:32:41.989434+00:00,ARMAND THIERY SAS (AT SAS)
94,38062233203732,admissible_et_classe,,2026-10-08T12:32:42.197096+00:00,ARMAND THIERY SAS (AT SAS)
77,38062233204151,admissible_et_classe,,2026-10-08T12:17:44.174708+00:00,ARMAND THIERY SAS (AT SAS)
77,38062233205091,admissible_et_classe,,2026-10-08T12:17:44.389060+00:00,ARMAND THIERY SAS (AT SAS)
94,38062233205158,admissible_et_classe,,2026-10-08T12:32:42.402229+00:00,ARMAND THIERY SAS (AT SAS)
77,38062233205380,admissible_et_classe,,2026-10-08T12:17:44.582769+00:00,ARMAND THIERY SAS (AT SAS)
77,38062233205406,admissible_et_classe,,2026-10-08T12:17:44.875763+00:00,ARMAND THIERY SAS (AT SAS)
93,38062233205596,admissible_et_classe,,2026-10-08T12:26:10.294690+00:00,ARMAND THIERY SAS (AT SAS)
93,38062233205604,admissible_et_classe,,2026-10-08T12:26:10.494491+00:00,ARMAND THIERY SAS (AT SAS)
93,38062233205612,admissible_et_classe,,2026-10-08T12:26:10.720419+00:00,ARMAND THIERY SAS (AT SAS)
77,38062233205992,admissible_et_classe,,2026-10-08T12:17:45.094456+00:00,ARMAND THIERY SAS (AT SAS)
77,38062233207030,admissible_et_classe,,2026-10-08T12:17:45.407368+00:00,ARMAND THIERY SAS (AT SAS)
93,38062233207162,admissible_et_classe,,2026-10-08T12:26:10.903977+00:00,ARMAND THIERY SAS (AT SAS)
77,38062233207188,admissible_et_classe,,2026-10-08T12:17:45.390080+00:00,ARMAND THIERY SAS (AT SAS)
77,38062233207303,admissible_et_classe,,2026-10-08T12:17:45.588596+00:00,ARMAND THIERY SAS (AT SAS)
94,38062233207501,admissible_et_classe,,2026-10-08T12:32:42.605058+00:00,ARMAND THIERY SAS (AT SAS)
77,38062233207527,admissible_et_classe,,2026-10-08T12:17:45.894078+00:00,ARMAND THIERY SAS (AT SAS)
94,38062233207600,admissible_et_classe,,2026-10-08T12:32:42.803433+00:00,ARMAND THIERY SAS (AT SAS)
94,38062233207949,admissible_et_classe,,2026-10-08T12:32:42.988146+00:00,ARMAND THIERY SAS (AT SAS)
77,38062233208061,admissible_et_classe,,2026-10-08T12:17:46.001069+00:00,ARMAND THIERY SAS (AT SAS)
77,38062233208079,rejete_au_controle_actuel,sans_position,2026-10-08T12:17:46.191143+00:00,
77,38062233208806,admissible_et_classe,,2026-10-08T12:17:46.497511+00:00,ARMAND THIERY SAS (AT SAS)
77,38094474400024,rejete_au_controle_actuel,sans_position,2026-10-08T12:17:46.588739+00:00,
77,38153557400010,rejete_au_controle_actuel,sans_position,2026-10-08T12:17:46.787306+00:00,
77,38153751300024,rejete_au_controle_actuel,sans_position,2026-10-08T12:17:46.989437+00:00,
77,38166649400012,rejete_au_controle_actuel,sans_position,2026-10-08T12:17:47.383762+00:00,
77,38228526002046,admissible_et_classe,,2026-10-08T12:17:47.419389+00:00,CRAMA PARIS VAL DE LOIRE (GROUPAMA PARIS VAL DE LOIRE)
77,38228526002053,admissible_et_classe,,2026-10-08T12:17:47.631269+00:00,CRAMA PARIS VAL DE LOIRE (GROUPAMA PARIS VAL DE LOIRE)
94,38228526002459,admissible_et_classe,,2026-10-08T12:32:43.179391+00:00,CRAMA PARIS VAL DE LOIRE (GROUPAMA PARIS VAL DE LOIRE)
93,38228526002475,admissible_et_classe,,2026-10-08T12:26:11.095012+00:00,CRAMA PARIS VAL DE LOIRE (GROUPAMA PARIS VAL DE LOIRE)
94,38232903500234,rejete_au_controle_actuel,sans_position,2026-10-08T12:32:43.383621+00:00,
94,38240186700488,admissible_et_classe,,2026-10-08T10:38:01.953843+00:00,FOOT LOCKER FRANCE
77,38240186700900,admissible_et_classe,,2026-10-08T10:36:07.064396+00:00,FOOT LOCKER FRANCE
94,38240186702088,admissible_et_classe,,2026-10-08T12:32:43.610873+00:00,FOOT LOCKER FRANCE
93,38240186702161,admissible_et_classe,,2026-10-08T12:26:11.298212+00:00,FOOT LOCKER FRANCE
94,38254431001139,admissible_et_classe,,2026-10-08T10:38:02.141531+00:00,MAJE
93,38279303200113,rejete_au_classement,hors_filtre_nom,2026-10-08T12:26:11.509360+00:00,QUALIGAZ EVONIA
77,38290094200543,admissible_et_classe,,2026-10-08T10:36:07.256198+00:00,CAISSE D'EPARGNE ET DE PREVOYANCE ILE-DE-FRANCE (CEIDF)
77,38290094200600,admissible_et_classe,,2026-10-08T10:36:07.495491+00:00,CAISSE D'EPARGNE ET DE PREVOYANCE ILE-DE-FRANCE (CEIDF)
77,38290094200618,admissible_et_classe,,2026-10-08T10:36:07.657600+00:00,CAISSE D'EPARGNE ET DE PREVOYANCE ILE-DE-FRANCE (CEIDF)
77,38290094200634,admissible_et_classe,,2026-10-08T10:36:07.869477+00:00,CAISSE D'EPARGNE ET DE PREVOYANCE ILE-DE-FRANCE (CEIDF)
77,38290094200642,admissible_et_classe,,2026-10-08T10:36:08.068800+00:00,CAISSE D'EPARGNE ET DE PREVOYANCE ILE-DE-FRANCE (CEIDF)
77,38290094200659,admissible_et_classe,,2026-10-08T10:36:08.259862+00:00,CAISSE D'EPARGNE ET DE PREVOYANCE ILE-DE-FRANCE (CEIDF)
77,38290094200675,admissible_et_classe,,2026-10-08T10:36:08.541204+00:00,CAISSE D'EPARGNE ET DE PREVOYANCE ILE-DE-FRANCE (CEIDF)
77,38290094200683,admissible_et_classe,,2026-10-08T10:36:08.678477+00:00,CAISSE D'EPARGNE ET DE PREVOYANCE ILE-DE-FRANCE (CEIDF)
77,38290094200709,admissible_et_classe,,2026-10-08T10:36:08.880142+00:00,CAISSE D'EPARGNE ET DE PREVOYANCE ILE-DE-FRANCE (CEIDF)
77,38290094200717,admissible_et_classe,,2026-10-08T10:36:09.086606+00:00,CAISSE D'EPARGNE ET DE PREVOYANCE ILE-DE-FRANCE (CEIDF)
77,38290094200725,admissible_et_classe,,2026-10-08T10:36:09.292607+00:00,CAISSE D'EPARGNE ET DE PREVOYANCE ILE-DE-FRANCE (CEIDF)
77,38290094200741,admissible_et_classe,,2026-10-08T10:36:09.511659+00:00,CAISSE D'EPARGNE ET DE PREVOYANCE ILE-DE-FRANCE (CEIDF)
77,38290094200758,admissible_et_classe,,2026-10-08T10:36:09.686702+00:00,CAISSE D'EPARGNE ET DE PREVOYANCE ILE-DE-FRANCE (CEIDF)
94,38290094200816,admissible_et_classe,,2026-10-08T10:38:02.439496+00:00,CAISSE D'EPARGNE ET DE PREVOYANCE ILE-DE-FRANCE (CEIDF)
94,38290094200824,admissible_et_classe,,2026-10-08T10:38:02.635448+00:00,CAISSE D'EPARGNE ET DE PREVOYANCE ILE-DE-FRANCE (CEIDF)
94,38290094200832,admissible_et_classe,,2026-10-08T10:38:02.935266+00:00,CAISSE D'EPARGNE ET DE PREVOYANCE ILE-DE-FRANCE (CEIDF)
94,38290094200840,admissible_et_classe,,2026-10-08T10:38:04.069063+00:00,CAISSE D'EPARGNE ET DE PREVOYANCE ILE-DE-FRANCE (CEIDF)
94,38290094200857,admissible_et_classe,,2026-10-08T10:38:03.249866+00:00,CAISSE D'EPARGNE ET DE PREVOYANCE ILE-DE-FRANCE (CEIDF)
94,38290094200865,admissible_et_classe,,2026-10-08T10:38:04.478246+00:00,CAISSE D'EPARGNE ET DE PREVOYANCE ILE-DE-FRANCE (CEIDF)
94,38290094200881,admissible_et_classe,,2026-10-08T10:38:03.657486+00:00,CAISSE D'EPARGNE ET DE PREVOYANCE ILE-DE-FRANCE (CEIDF)
94,38290094200899,admissible_et_classe,,2026-10-08T10:38:03.862718+00:00,CAISSE D'EPARGNE ET DE PREVOYANCE ILE-DE-FRANCE (CEIDF)
77,38290094200923,admissible_et_classe,,2026-10-08T10:36:09.899722+00:00,CAISSE D'EPARGNE ET DE PREVOYANCE ILE-DE-FRANCE (CEIDF)
77,38290094200949,admissible_et_classe,,2026-10-08T10:36:10.096942+00:00,CAISSE D'EPARGNE ET DE PREVOYANCE ILE-DE-FRANCE (CEIDF)
77,38290094200964,admissible_et_classe,,2026-10-08T10:36:10.304406+00:00,CAISSE D'EPARGNE ET DE PREVOYANCE ILE-DE-FRANCE (CEIDF)
77,38290094200972,admissible_et_classe,,2026-10-08T10:36:10.500589+00:00,CAISSE D'EPARGNE ET DE PREVOYANCE ILE-DE-FRANCE (CEIDF)
77,38290094200980,admissible_et_classe,,2026-10-08T10:36:10.702171+00:00,CAISSE D'EPARGNE ET DE PREVOYANCE ILE-DE-FRANCE (CEIDF)
77,38290094200998,admissible_et_classe,,2026-10-08T10:36:10.923842+00:00,CAISSE D'EPARGNE ET DE PREVOYANCE ILE-DE-FRANCE (CEIDF)
77,38290094201210,rejete_au_controle_actuel,sans_position,2026-10-08T12:17:47.825053+00:00,
93,38290094202010,admissible_et_classe,,2026-10-08T12:26:11.698248+00:00,CAISSE D'EPARGNE ET DE PREVOYANCE ILE-DE-FRANCE (CEIDF)
94,38290094202028,admissible_et_classe,,2026-10-08T12:32:43.895474+00:00,CAISSE D'EPARGNE ET DE PREVOYANCE ILE-DE-FRANCE (CEIDF)
93,38290094202036,admissible_et_classe,,2026-10-08T12:26:11.931635+00:00,CAISSE D'EPARGNE ET DE PREVOYANCE ILE-DE-FRANCE (CEIDF)
94,38290094202077,admissible_et_classe,,2026-10-08T12:32:43.998065+00:00,CAISSE D'EPARGNE ET DE PREVOYANCE ILE-DE-FRANCE (CEIDF)
94,38290094202085,admissible_et_classe,,2026-10-08T12:32:44.203557+00:00,CAISSE D'EPARGNE ET DE PREVOYANCE ILE-DE-FRANCE (CEIDF)
94,38290094202093,admissible_et_classe,,2026-10-08T12:32:44.407278+00:00,CAISSE D'EPARGNE ET DE PREVOYANCE ILE-DE-FRANCE (CEIDF)
94,38290094202135,admissible_et_classe,,2026-10-08T12:32:44.614918+00:00,CAISSE D'EPARGNE ET DE PREVOYANCE ILE-DE-FRANCE (CEIDF)
94,38290094202176,admissible_et_classe,,2026-10-08T12:32:44.818005+00:00,CAISSE D'EPARGNE ET DE PREVOYANCE ILE-DE-FRANCE (CEIDF)
94,38290094202234,admissible_et_classe,,2026-10-08T12:32:45.049105+00:00,CAISSE D'EPARGNE ET DE PREVOYANCE ILE-DE-FRANCE (CEIDF)
94,38290094202259,admissible_et_classe,,2026-10-08T12:32:45.230031+00:00,CAISSE D'EPARGNE ET DE PREVOYANCE ILE-DE-FRANCE (CEIDF)
94,38290094202275,admissible_et_classe,,2026-10-08T12:32:45.634988+00:00,CAISSE D'EPARGNE ET DE PREVOYANCE ILE-DE-FRANCE (CEIDF)
94,38290094202598,admissible_et_classe,,2026-10-08T12:32:45.635224+00:00,CAISSE D'EPARGNE ET DE PREVOYANCE ILE-DE-FRANCE (CEIDF)
77,38290094202648,admissible_et_classe,,2026-10-08T12:17:48.127515+00:00,CAISSE D'EPARGNE ET DE PREVOYANCE ILE-DE-FRANCE (CEIDF)
94,38290094202945,admissible_et_classe,,2026-10-08T12:32:45.840501+00:00,CAISSE D'EPARGNE ET DE PREVOYANCE ILE-DE-FRANCE (CEIDF)
94,38290094203158,admissible_et_classe,,2026-10-08T12:32:46.046255+00:00,CAISSE D'EPARGNE ET DE PREVOYANCE ILE-DE-FRANCE (CEIDF)
94,38290094203182,admissible_et_classe,,2026-10-08T12:32:46.246689+00:00,CAISSE D'EPARGNE ET DE PREVOYANCE ILE-DE-FRANCE (CEIDF)
93,38290094203299,admissible_et_classe,,2026-10-08T12:26:12.320859+00:00,CAISSE D'EPARGNE ET DE PREVOYANCE ILE-DE-FRANCE (CEIDF)
94,38290094203356,admissible_et_classe,,2026-10-08T12:32:46.549852+00:00,CAISSE D'EPARGNE ET DE PREVOYANCE ILE-DE-FRANCE (CEIDF)
94,38290094203364,admissible_et_classe,,2026-10-08T12:32:46.623392+00:00,CAISSE D'EPARGNE ET DE PREVOYANCE ILE-DE-FRANCE (CEIDF)
77,38290094203380,admissible_et_classe,,2026-10-08T12:17:48.227375+00:00,CAISSE D'EPARGNE ET DE PREVOYANCE ILE-DE-FRANCE (CEIDF)
77,38290094203398,admissible_et_classe,,2026-10-08T12:17:48.429257+00:00,CAISSE D'EPARGNE ET DE PREVOYANCE ILE-DE-FRANCE (CEIDF)
94,38290094203471,admissible_et_classe,,2026-10-08T12:32:46.944131+00:00,CAISSE D'EPARGNE ET DE PREVOYANCE ILE-DE-FRANCE (CEIDF)
93,38290094203513,admissible_et_classe,,2026-10-08T12:26:12.315703+00:00,CAISSE D'EPARGNE ET DE PREVOYANCE ILE-DE-FRANCE (CEIDF)
77,38290094203547,admissible_et_classe,,2026-10-08T12:17:48.635603+00:00,CAISSE D'EPARGNE ET DE PREVOYANCE ILE-DE-FRANCE (CEIDF)
77,38290094203588,admissible_et_classe,,2026-10-08T12:17:48.840327+00:00,CAISSE D'EPARGNE ET DE PREVOYANCE ILE-DE-FRANCE (CEIDF)
77,38290094203612,admissible_et_classe,,2026-10-08T12:17:49.041288+00:00,CAISSE D'EPARGNE ET DE PREVOYANCE ILE-DE-FRANCE (CEIDF)
77,38290094203679,admissible_et_classe,,2026-10-08T12:17:49.243643+00:00,CAISSE D'EPARGNE ET DE PREVOYANCE ILE-DE-FRANCE (CEIDF)
77,38290094203703,admissible_et_classe,,2026-10-08T12:17:49.442655+00:00,CAISSE D'EPARGNE ET DE PREVOYANCE ILE-DE-FRANCE (CEIDF)
94,38290094203745,admissible_et_classe,,2026-10-08T12:32:47.035105+00:00,CAISSE D'EPARGNE ET DE PREVOYANCE ILE-DE-FRANCE (CEIDF)
77,38290094203778,admissible_et_classe,,2026-10-08T12:17:49.804662+00:00,CAISSE D'EPARGNE ET DE PREVOYANCE ILE-DE-FRANCE (CEIDF)
94,38290094203802,admissible_et_classe,,2026-10-08T12:32:47.217681+00:00,CAISSE D'EPARGNE ET DE PREVOYANCE ILE-DE-FRANCE (CEIDF)
93,38290094203836,admissible_et_classe,,2026-10-08T12:26:12.524043+00:00,CAISSE D'EPARGNE ET DE PREVOYANCE ILE-DE-FRANCE (CEIDF)
93,38290094203844,admissible_et_classe,,2026-10-08T12:26:12.727218+00:00,CAISSE D'EPARGNE ET DE PREVOYANCE ILE-DE-FRANCE (CEIDF)
77,38290094203943,admissible_et_classe,,2026-10-08T12:17:49.927747+00:00,CAISSE D'EPARGNE ET DE PREVOYANCE ILE-DE-FRANCE (CEIDF)
77,38290094203950,admissible_et_classe,,2026-10-08T12:17:50.256036+00:00,CAISSE D'EPARGNE ET DE PREVOYANCE ILE-DE-FRANCE (CEIDF)
77,38290094203968,admissible_et_classe,,2026-10-08T12:17:50.280404+00:00,CAISSE D'EPARGNE ET DE PREVOYANCE ILE-DE-FRANCE (CEIDF)
77,38290094203984,admissible_et_classe,,2026-10-08T12:17:50.530635+00:00,CAISSE D'EPARGNE ET DE PREVOYANCE ILE-DE-FRANCE (CEIDF)
77,38290094203992,admissible_et_classe,,2026-10-08T12:17:50.736486+00:00,CAISSE D'EPARGNE ET DE PREVOYANCE ILE-DE-FRANCE (CEIDF)
77,38290094204024,admissible_et_classe,,2026-10-08T12:17:50.943399+00:00,CAISSE D'EPARGNE ET DE PREVOYANCE ILE-DE-FRANCE (CEIDF)
94,38290094204099,admissible_et_classe,,2026-10-08T12:32:47.409280+00:00,CAISSE D'EPARGNE ET DE PREVOYANCE ILE-DE-FRANCE (CEIDF)
77,38290094204230,admissible_et_classe,,2026-10-08T12:17:51.145628+00:00,CAISSE D'EPARGNE ET DE PREVOYANCE ILE-DE-FRANCE (CEIDF)
77,38290094204248,admissible_et_classe,,2026-10-08T12:17:51.350551+00:00,CAISSE D'EPARGNE ET DE PREVOYANCE ILE-DE-FRANCE (CEIDF)
93,38290094204594,admissible_et_classe,,2026-10-08T12:26:12.926469+00:00,CAISSE D'EPARGNE ET DE PREVOYANCE ILE-DE-FRANCE (CEIDF)
93,38290094204602,admissible_et_classe,,2026-10-08T12:26:13.128301+00:00,CAISSE D'EPARGNE ET DE PREVOYANCE ILE-DE-FRANCE (CEIDF)
93,38290094204628,admissible_et_classe,,2026-10-08T12:26:13.335141+00:00,CAISSE D'EPARGNE ET DE PREVOYANCE ILE-DE-FRANCE (CEIDF)
93,38290094204636,admissible_et_classe,,2026-10-08T12:26:13.552161+00:00,CAISSE D'EPARGNE ET DE PREVOYANCE ILE-DE-FRANCE (CEIDF)
93,38290094204644,admissible_et_classe,,2026-10-08T12:26:13.746612+00:00,CAISSE D'EPARGNE ET DE PREVOYANCE ILE-DE-FRANCE (CEIDF)
93,38290094204651,admissible_et_classe,,2026-10-08T12:26:13.934513+00:00,CAISSE D'EPARGNE ET DE PREVOYANCE ILE-DE-FRANCE (CEIDF)
93,38290094204669,admissible_et_classe,,2026-10-08T12:26:14.160236+00:00,CAISSE D'EPARGNE ET DE PREVOYANCE ILE-DE-FRANCE (CEIDF)
93,38290094204677,admissible_et_classe,,2026-10-08T12:26:14.403552+00:00,CAISSE D'EPARGNE ET DE PREVOYANCE ILE-DE-FRANCE (CEIDF)
93,38290094204685,admissible_et_classe,,2026-10-08T12:26:14.593898+00:00,CAISSE D'EPARGNE ET DE PREVOYANCE ILE-DE-FRANCE (CEIDF)
93,38290094204693,admissible_et_classe,,2026-10-08T12:26:14.763970+00:00,CAISSE D'EPARGNE ET DE PREVOYANCE ILE-DE-FRANCE (CEIDF)
93,38290094204719,admissible_et_classe,,2026-10-08T12:26:14.953897+00:00,CAISSE D'EPARGNE ET DE PREVOYANCE ILE-DE-FRANCE (CEIDF)
93,38290094204727,admissible_et_classe,,2026-10-08T12:26:15.166015+00:00,CAISSE D'EPARGNE ET DE PREVOYANCE ILE-DE-FRANCE (CEIDF)
93,38290094204735,admissible_et_classe,,2026-10-08T12:26:15.361639+00:00,CAISSE D'EPARGNE ET DE PREVOYANCE ILE-DE-FRANCE (CEIDF)
93,38290094204743,admissible_et_classe,,2026-10-08T12:26:15.565685+00:00,CAISSE D'EPARGNE ET DE PREVOYANCE ILE-DE-FRANCE (CEIDF)
93,38290094204750,admissible_et_classe,,2026-10-08T12:26:15.787292+00:00,CAISSE D'EPARGNE ET DE PREVOYANCE ILE-DE-FRANCE (CEIDF)
94,38290094206243,admissible_et_classe,,2026-10-08T12:32:47.635163+00:00,CAISSE D'EPARGNE ET DE PREVOYANCE ILE-DE-FRANCE (CEIDF)
77,38290094206276,admissible_et_classe,,2026-10-08T12:17:51.555800+00:00,CAISSE D'EPARGNE ET DE PREVOYANCE ILE-DE-FRANCE (CEIDF)
94,38290094206292,admissible_et_classe,,2026-10-08T12:32:47.827318+00:00,CAISSE D'EPARGNE ET DE PREVOYANCE ILE-DE-FRANCE (CEIDF)
94,38290094206417,admissible_et_classe,,2026-10-08T12:32:53.204701+00:00,CAISSE D'EPARGNE ET DE PREVOYANCE ILE-DE-FRANCE (CEIDF)
77,38290094206441,admissible_et_classe,,2026-10-08T12:17:51.755091+00:00,CAISSE D'EPARGNE ET DE PREVOYANCE ILE-DE-FRANCE (CEIDF)
77,38290094206540,admissible_et_classe,,2026-10-08T12:17:51.957902+00:00,CAISSE D'EPARGNE ET DE PREVOYANCE ILE-DE-FRANCE (CEIDF)
93,38290094206565,admissible_et_classe,,2026-10-08T12:26:15.977492+00:00,CAISSE D'EPARGNE ET DE PREVOYANCE ILE-DE-FRANCE (CEIDF)
93,38290094206573,admissible_et_classe,,2026-10-08T12:26:16.176986+00:00,CAISSE D'EPARGNE ET DE PREVOYANCE ILE-DE-FRANCE (CEIDF)
77,38290094206631,admissible_et_classe,,2026-10-08T12:17:52.172005+00:00,CAISSE D'EPARGNE ET DE PREVOYANCE ILE-DE-FRANCE (CEIDF)
93,38290094206656,admissible_et_classe,,2026-10-08T12:26:16.380580+00:00,CAISSE D'EPARGNE ET DE PREVOYANCE ILE-DE-FRANCE (CEIDF)
77,38290094206748,admissible_et_classe,,2026-10-08T12:17:52.322848+00:00,CAISSE D'EPARGNE ET DE PREVOYANCE ILE-DE-FRANCE (CEIDF)
93,38290094206789,admissible_et_classe,,2026-10-08T12:26:16.587525+00:00,CAISSE D'EPARGNE ET DE PREVOYANCE ILE-DE-FRANCE (CEIDF)
93,38290094206805,admissible_et_classe,,2026-10-08T12:26:16.785889+00:00,CAISSE D'EPARGNE ET DE PREVOYANCE ILE-DE-FRANCE (CEIDF)
77,38290094206847,admissible_et_classe,,2026-10-08T12:17:52.481164+00:00,CAISSE D'EPARGNE ET DE PREVOYANCE ILE-DE-FRANCE (CEIDF)
93,38290094206904,admissible_et_classe,,2026-10-08T12:26:16.977910+00:00,CAISSE D'EPARGNE ET DE PREVOYANCE ILE-DE-FRANCE (CEIDF)
77,38290094206912,admissible_et_classe,,2026-10-08T12:17:52.850055+00:00,CAISSE D'EPARGNE ET DE PREVOYANCE ILE-DE-FRANCE (CEIDF)
94,38290094206920,admissible_et_classe,,2026-10-08T12:32:48.229464+00:00,CAISSE D'EPARGNE ET DE PREVOYANCE ILE-DE-FRANCE (CEIDF)
94,38290094206987,admissible_et_classe,,2026-10-08T12:32:48.494309+00:00,CAISSE D'EPARGNE ET DE PREVOYANCE ILE-DE-FRANCE (CEIDF)
77,38290094207076,admissible_et_classe,,2026-10-08T12:17:53.093005+00:00,CAISSE D'EPARGNE ET DE PREVOYANCE ILE-DE-FRANCE (CEIDF)
94,38290094207175,admissible_et_classe,,2026-10-08T12:32:48.628648+00:00,CAISSE D'EPARGNE ET DE PREVOYANCE ILE-DE-FRANCE (CEIDF)
94,38290094207183,admissible_et_classe,,2026-10-08T12:32:48.852174+00:00,CAISSE D'EPARGNE ET DE PREVOYANCE ILE-DE-FRANCE (CEIDF)
94,38290094207332,admissible_et_classe,,2026-10-08T12:32:49.034566+00:00,CAISSE D'EPARGNE ET DE PREVOYANCE ILE-DE-FRANCE (CEIDF)
77,38290094207381,admissible_et_classe,,2026-10-08T12:17:53.100116+00:00,CAISSE D'EPARGNE ET DE PREVOYANCE ILE-DE-FRANCE (CEIDF)
93,38290094207415,admissible_et_classe,,2026-10-08T12:26:17.191365+00:00,CAISSE D'EPARGNE ET DE PREVOYANCE ILE-DE-FRANCE (CEIDF)
93,38290094207449,admissible_et_classe,,2026-10-08T12:26:17.387796+00:00,CAISSE D'EPARGNE ET DE PREVOYANCE ILE-DE-FRANCE (CEIDF)
94,38290094207522,admissible_et_classe,,2026-10-08T12:32:49.262387+00:00,CAISSE D'EPARGNE ET DE PREVOYANCE ILE-DE-FRANCE (CEIDF)
94,38319665600847,admissible_et_classe,,2026-10-08T10:38:04.068684+00:00,MAISONS DU MONDE FRANCE
77,38319665602249,admissible_et_classe,,2026-10-08T12:17:53.300464+00:00,MAISONS DU MONDE FRANCE
77,38319665602306,admissible_et_classe,,2026-10-08T12:17:53.544478+00:00,MAISONS DU MONDE FRANCE
77,38319665602595,admissible_et_classe,,2026-10-08T12:17:53.707065+00:00,MAISONS DU MONDE FRANCE
93,38319665602611,admissible_et_classe,,2026-10-08T10:37:02.296320+00:00,MAISONS DU MONDE FRANCE
94,38326298700043,rejete_au_controle_actuel,sans_position,2026-10-08T12:32:49.434838+00:00,
77,38332444903309,admissible_et_classe,,2026-10-08T12:17:53.923206+00:00,RETAIL GLOBAL SOLUTIONS
94,38332444905692,admissible_et_classe,,2026-10-08T12:32:52.624233+00:00,RETAIL GLOBAL SOLUTIONS
94,38332444906120,admissible_et_classe,,2026-10-08T10:38:04.269239+00:00,RETAIL GLOBAL SOLUTIONS
93,38332444906716,admissible_et_classe,,2026-10-08T10:37:02.496064+00:00,RETAIL GLOBAL SOLUTIONS
77,38332444908308,admissible_et_classe,,2026-10-08T12:17:54.125570+00:00,RETAIL GLOBAL SOLUTIONS
94,38370639700221,admissible_et_classe,,2026-10-08T10:38:04.478656+00:00,FRANS BONHOMME
77,38370639700932,admissible_et_classe,,2026-10-08T10:36:11.138527+00:00,FRANS BONHOMME
77,38370639702615,admissible_et_classe,,2026-10-08T12:17:54.319036+00:00,FRANS BONHOMME
77,38370639704512,admissible_et_classe,,2026-10-08T12:17:54.515939+00:00,FRANS BONHOMME
77,38370639704595,admissible_et_classe,,2026-10-08T12:17:54.722465+00:00,FRANS BONHOMME
93,38370639704660,admissible_et_classe,,2026-10-08T12:26:17.636633+00:00,FRANS BONHOMME
94,38370639705030,admissible_et_classe,,2026-10-08T12:32:52.651915+00:00,FRANS BONHOMME
93,38396013500580,admissible_et_classe,,2026-10-08T10:37:02.692865+00:00,CHRONOPOST
93,38396013500978,admissible_et_classe,,2026-10-08T10:37:02.903560+00:00,CHRONOPOST
77,38396013502073,admissible_et_classe,,2026-10-08T12:17:55.029655+00:00,CHRONOPOST
77,38396013502156,admissible_et_classe,,2026-10-08T12:17:55.190171+00:00,CHRONOPOST
94,38396013502230,admissible_et_classe,,2026-10-08T12:32:53.266681+00:00,CHRONOPOST
93,38396013502545,admissible_et_classe,,2026-10-08T12:26:17.931124+00:00,CHRONOPOST
94,38396013502701,admissible_et_classe,,2026-10-08T12:32:53.525573+00:00,CHRONOPOST
77,38405592700022,rejete_au_controle_actuel,sans_position,2026-10-08T12:17:55.319638+00:00,
93,38427902200030,rejete_au_controle_actuel,sans_position,2026-10-08T12:26:17.981012+00:00,
94,38429560600022,rejete_au_classement,hors_filtre_nom,2026-10-08T12:32:53.759237+00:00,CERALIM
77,38441654100017,rejete_au_controle_actuel,sans_position,2026-10-08T12:17:55.526498+00:00,
93,38454652900056,rejete_au_classement,hors_filtre_nom,2026-10-08T12:26:18.238825+00:00,BSE (ETB)
94,38456094201167,admissible_et_classe,,2026-10-08T12:32:53.943528+00:00,LEROY MERLIN FRANCE
77,38456094201381,admissible_et_classe,,2026-10-08T12:17:55.837072+00:00,LEROY MERLIN FRANCE
94,38456094201613,admissible_et_classe,,2026-10-08T12:32:54.096900+00:00,LEROY MERLIN FRANCE
77,38456094201662,admissible_et_classe,,2026-10-08T12:17:55.945292+00:00,LEROY MERLIN FRANCE
77,38456094201795,admissible_et_classe,,2026-10-08T12:17:56.178523+00:00,LEROY MERLIN FRANCE
93,38456094201852,admissible_et_classe,,2026-10-08T12:26:18.453348+00:00,LEROY MERLIN FRANCE
93,38456094202041,admissible_et_classe,,2026-10-08T12:26:18.759181+00:00,LEROY MERLIN FRANCE
93,38468495700077,rejete_au_classement,hors_filtre_nom,2026-10-08T12:26:18.859953+00:00,ALBHADES PROVENCE
77,38483476800010,rejete_au_controle_actuel,sans_position,2026-10-08T12:17:56.336505+00:00,
77,38521863100765,admissible_et_classe,,2026-10-08T10:36:11.315181+00:00,MONDIAL RELAY
77,38521863100955,admissible_et_classe,,2026-10-08T10:36:11.612971+00:00,MONDIAL RELAY
77,38524691300078,rejete_au_controle_actuel,sans_position,2026-10-08T12:17:56.549813+00:00,
77,38540633500039,rejete_au_controle_actuel,sans_position,2026-10-08T12:17:56.743673+00:00,
93,38758549000031,rejete_au_classement,hors_filtre_nom,2026-10-08T12:26:19.066252+00:00,CONVOYAGE POIDS LOURDS (C.P.L)
77,38767233000017,rejete_au_controle_actuel,sans_position,2026-10-08T12:17:56.997581+00:00,
77,38773957600016,rejete_au_controle_actuel,sans_position,2026-10-08T12:17:57.159890+00:00,
77,38779018100037,rejete_au_controle_actuel,sans_position,2026-10-08T12:17:57.358398+00:00,
94,38791962402053,admissible_et_classe,,2026-10-08T12:32:54.273642+00:00,STANDYR
94,38791962402079,admissible_et_classe,,2026-10-08T12:32:54.496428+00:00,STANDYR
77,38791962402137,admissible_et_classe,,2026-10-08T12:17:57.588477+00:00,STANDYR
93,38791962402517,admissible_et_classe,,2026-10-08T12:26:19.306954+00:00,STANDYR
94,38791962402566,admissible_et_classe,,2026-10-08T12:32:54.682017+00:00,STANDYR
77,38803899400025,rejete_au_controle_actuel,sans_position,2026-10-08T12:17:57.769583+00:00,
77,38823733100284,rejete_au_controle_actuel,sans_position,2026-10-08T12:17:57.995600+00:00,
93,38843017500074,rejete_au_controle_actuel,ferme_ou_autre_departement,2026-10-08T12:26:19.502519+00:00,
77,38849816400028,rejete_au_controle_actuel,sans_position,2026-10-08T12:17:58.208593+00:00,
77,38917012700036,rejete_au_controle_actuel,sans_position,2026-10-08T12:17:58.401257+00:00,
77,38941535700018,rejete_au_controle_actuel,sans_position,2026-10-08T12:17:58.571074+00:00,
77,38943521500220,admissible_et_classe,,2026-10-08T12:17:58.843337+00:00,MAXI ZOO FRANCE
77,38943521500477,admissible_et_classe,,2026-10-08T12:17:58.995189+00:00,MAXI ZOO FRANCE
77,38943521500840,admissible_et_classe,,2026-10-08T12:17:59.417167+00:00,MAXI ZOO FRANCE
77,38943521501228,admissible_et_classe,,2026-10-08T10:36:11.733447+00:00,MAXI ZOO FRANCE
77,38943521501293,admissible_et_classe,,2026-10-08T10:36:11.938234+00:00,MAXI ZOO FRANCE
77,38943521501574,admissible_et_classe,,2026-10-08T10:36:12.148343+00:00,MAXI ZOO FRANCE
77,38943521501798,admissible_et_classe,,2026-10-08T10:36:12.587044+00:00,MAXI ZOO FRANCE
77,38943521501863,admissible_et_classe,,2026-10-08T10:36:12.577173+00:00,MAXI ZOO FRANCE
77,38943521501921,admissible_et_classe,,2026-10-08T10:36:12.769289+00:00,MAXI ZOO FRANCE
94,38943521503315,admissible_et_classe,,2026-10-08T12:32:55.115444+00:00,MAXI ZOO FRANCE
77,38943521503695,admissible_et_classe,,2026-10-08T12:17:59.401723+00:00,MAXI ZOO FRANCE
77,38943521503729,admissible_et_classe,,2026-10-08T12:17:59.614400+00:00,MAXI ZOO FRANCE
94,38943521505062,admissible_et_classe,,2026-10-08T12:32:55.081719+00:00,MAXI ZOO FRANCE
77,38963263902012,admissible_et_classe,,2026-10-08T12:17:59.806897+00:00,TAPE A L'OEIL (TAO)
94,38963263902244,admissible_et_classe,,2026-10-08T12:32:55.285286+00:00,TAPE A L'OEIL (TAO)
77,38963263902400,admissible_et_classe,,2026-10-08T12:18:00.021399+00:00,TAPE A L'OEIL (TAO)
77,38963263902525,admissible_et_classe,,2026-10-08T12:18:00.214813+00:00,TAPE A L'OEIL (TAO)
94,38963263902632,admissible_et_classe,,2026-10-08T12:32:55.494273+00:00,TAPE A L'OEIL (TAO)
93,38975648701570,admissible_et_classe,,2026-10-08T12:26:19.682342+00:00,LOUIS PION SAS
77,38975648701992,admissible_et_classe,,2026-10-08T12:18:00.416529+00:00,LOUIS PION SAS
93,39007255101032,admissible_et_classe,,2026-10-08T12:26:19.884336+00:00,CIRCET (CIRCET)
93,39017462100545,admissible_et_classe,,2026-10-08T12:26:20.088640+00:00,AKSIS
93,39017462100560,admissible_et_classe,,2026-10-08T12:26:20.295042+00:00,AKSIS
77,39017462100602,admissible_et_classe,,2026-10-08T12:18:00.668692+00:00,AKSIS
93,39017462100891,admissible_et_classe,,2026-10-08T12:26:20.502011+00:00,AKSIS
94,39017462100909,admissible_et_classe,,2026-10-08T12:32:55.718158+00:00,AKSIS
94,39017462100917,admissible_et_classe,,2026-10-08T12:32:55.896091+00:00,AKSIS
94,39017462100933,admissible_et_classe,,2026-10-08T12:32:56.098535+00:00,AKSIS
77,39017462100958,admissible_et_classe,,2026-10-08T12:18:00.820768+00:00,AKSIS
93,39017462100966,admissible_et_classe,,2026-10-08T12:26:20.703618+00:00,AKSIS
94,39017462100974,admissible_et_classe,,2026-10-08T12:32:56.366994+00:00,AKSIS
94,39017462101014,admissible_et_classe,,2026-10-08T12:32:56.513390+00:00,AKSIS
93,39017462101105,admissible_et_classe,,2026-10-08T12:26:20.909973+00:00,AKSIS
77,39017462101147,admissible_et_classe,,2026-10-08T12:18:01.027142+00:00,AKSIS
77,39017462101188,admissible_et_classe,,2026-10-08T12:18:01.240340+00:00,AKSIS
94,39017462102368,rejete_au_controle_actuel,sans_position,2026-10-08T12:32:56.728632+00:00,
77,39032215400043,rejete_au_controle_actuel,sans_position,2026-10-08T12:18:01.430483+00:00,
77,39039805501411,admissible_et_classe,,2026-10-08T12:18:01.827545+00:00,BMCE
77,39039805501544,admissible_et_classe,,2026-10-08T12:18:02.199854+00:00,BMCE
77,39112579600527,admissible_et_classe,,2026-10-08T12:18:02.240222+00:00,RESTALLIANCE
77,39112579600626,admissible_et_classe,,2026-10-08T12:18:02.458907+00:00,RESTALLIANCE
77,39112579600634,admissible_et_classe,,2026-10-08T12:18:02.645436+00:00,RESTALLIANCE
77,39112579600642,admissible_et_classe,,2026-10-08T12:18:02.861223+00:00,RESTALLIANCE
77,39112579600675,admissible_et_classe,,2026-10-08T12:18:03.069574+00:00,RESTALLIANCE
94,39112579600808,admissible_et_classe,,2026-10-08T12:32:56.918387+00:00,RESTALLIANCE
93,39112579600865,admissible_et_classe,,2026-10-08T12:26:21.112959+00:00,RESTALLIANCE
94,39112579601624,admissible_et_classe,,2026-10-08T12:32:57.133486+00:00,RESTALLIANCE
93,39112579601681,admissible_et_classe,,2026-10-08T12:26:21.318939+00:00,RESTALLIANCE
77,39112579603133,admissible_et_classe,,2026-10-08T12:18:03.257233+00:00,RESTALLIANCE
93,39112579603158,admissible_et_classe,,2026-10-08T12:26:21.516920+00:00,RESTALLIANCE
77,39113879900039,rejete_au_controle_actuel,sans_position,2026-10-08T12:18:04.457393+00:00,
77,39220233900066,rejete_au_classement,hors_filtre_nom,2026-10-08T12:18:03.668256+00:00,CONTROLE G (CONTROLE G)
77,39224493500095,rejete_au_controle_actuel,sans_position,2026-10-08T12:18:03.858506+00:00,
93,39252740400264,admissible_et_classe,,2026-10-08T12:26:21.728398+00:00,EUROMASTER FRANCE
77,39252740400769,admissible_et_classe,,2026-10-08T12:18:04.087137+00:00,EUROMASTER FRANCE
77,39252740404001,admissible_et_classe,,2026-10-08T12:18:04.287157+00:00,EUROMASTER FRANCE
77,39252740404019,admissible_et_classe,,2026-10-08T12:18:04.489263+00:00,EUROMASTER FRANCE
94,39252740405024,admissible_et_classe,,2026-10-08T12:32:57.326021+00:00,EUROMASTER FRANCE
77,39252740405271,admissible_et_classe,,2026-10-08T12:18:04.686244+00:00,EUROMASTER FRANCE
77,39255420000064,rejete_au_classement,hors_filtre_nom,2026-10-08T12:18:04.878967+00:00,BATIPLUS (BATIPLUS)
77,39255420000106,rejete_au_classement,hors_filtre_nom,2026-10-08T12:18:05.084482+00:00,BATIPLUS (BATIPLUS)
77,39302278500017,rejete_au_controle_actuel,sans_position,2026-10-08T12:18:05.297526+00:00,
77,39371228600292,admissible_et_classe,,2026-10-08T12:18:05.498218+00:00,SEPHORA
77,39371228600300,admissible_et_classe,,2026-10-08T12:18:05.704048+00:00,SEPHORA
77,39371228600334,admissible_et_classe,,2026-10-08T12:18:05.910636+00:00,SEPHORA
77,39371228600342,admissible_et_classe,,2026-10-08T12:18:06.113527+00:00,SEPHORA
93,39371228600540,admissible_et_classe,,2026-10-08T12:26:21.932714+00:00,SEPHORA
93,39371228600557,admissible_et_classe,,2026-10-08T12:26:22.137637+00:00,SEPHORA
94,39371228600755,admissible_et_classe,,2026-10-08T12:32:57.524490+00:00,SEPHORA
94,39371228600888,admissible_et_classe,,2026-10-08T12:32:57.731635+00:00,SEPHORA
94,39371228600904,admissible_et_classe,,2026-10-08T12:32:58.066435+00:00,SEPHORA
77,39371228601910,admissible_et_classe,,2026-10-08T10:36:12.989917+00:00,SEPHORA
93,39371228602009,admissible_et_classe,,2026-10-08T10:37:03.104294+00:00,SEPHORA
94,39371228602488,admissible_et_classe,,2026-10-08T10:38:04.682015+00:00,SEPHORA
77,39371228602512,admissible_et_classe,,2026-10-08T12:18:06.314477+00:00,SEPHORA
94,39371228602959,admissible_et_classe,,2026-10-08T10:38:04.887053+00:00,SEPHORA
93,39371228604047,admissible_et_classe,,2026-10-08T12:26:22.335951+00:00,SEPHORA
94,39371228604278,admissible_et_classe,,2026-10-08T12:32:58.138829+00:00,SEPHORA
77,39379198300017,rejete_au_controle_actuel,sans_position,2026-10-08T12:18:06.514603+00:00,
77,39386344400054,rejete_au_controle_actuel,sans_position,2026-10-08T12:18:06.720238+00:00,
94,39408269700712,rejete_au_classement,hors_filtre_nom,2026-10-08T12:32:58.325823+00:00,INSTITUT TECHNIQUE GAZ ET AIR (ITGA)
94,39408269700746,rejete_au_classement,hors_filtre_nom,2026-10-08T12:32:58.542702+00:00,INSTITUT TECHNIQUE GAZ ET AIR (ITGA)
77,39448003200017,rejete_au_controle_actuel,sans_position,2026-10-08T12:18:06.905493+00:00,
77,39464058500011,rejete_au_controle_actuel,sans_position,2026-10-08T12:18:07.112488+00:00,
77,39507403200016,rejete_au_controle_actuel,sans_position,2026-10-08T12:18:07.311273+00:00,
77,39534438500012,rejete_au_controle_actuel,sans_position,2026-10-08T12:18:07.522069+00:00,
77,39534480700015,rejete_au_controle_actuel,sans_position,2026-10-08T12:18:07.719615+00:00,
77,39747182200049,rejete_au_controle_actuel,sans_position,2026-10-08T12:18:07.942871+00:00,
77,39748093000288,admissible_et_classe,,2026-10-08T10:36:13.178907+00:00,BOUYGUES TELECOM
94,39748093000932,admissible_et_classe,,2026-10-08T10:38:05.092093+00:00,BOUYGUES TELECOM
94,39748093001252,admissible_et_classe,,2026-10-08T12:32:58.731389+00:00,BOUYGUES TELECOM
94,39748093001278,admissible_et_classe,,2026-10-08T12:32:58.925882+00:00,BOUYGUES TELECOM
94,39748093001302,admissible_et_classe,,2026-10-08T12:32:59.156852+00:00,BOUYGUES TELECOM
94,39748093001310,admissible_et_classe,,2026-10-08T12:32:59.336528+00:00,BOUYGUES TELECOM
93,39748093003159,admissible_et_classe,,2026-10-08T12:26:22.554843+00:00,BOUYGUES TELECOM
93,39748093003167,admissible_et_classe,,2026-10-08T12:26:22.752830+00:00,BOUYGUES TELECOM
77,39748093003332,admissible_et_classe,,2026-10-08T12:18:08.135878+00:00,BOUYGUES TELECOM
93,39774265100169,rejete_au_classement,hors_filtre_nom,2026-10-08T12:26:22.959186+00:00,CABINET KUPIEC ET DEBERGH (CABINET KUPIEC ET DEBERGH)
77,39776783102205,admissible_et_classe,,2026-10-08T12:18:08.334903+00:00,SOGETREL
77,39776783102874,admissible_et_classe,,2026-10-08T12:18:08.537627+00:00,SOGETREL
94,39781575400361,rejete_au_controle_actuel,sans_position,2026-10-08T12:32:59.612823+00:00,
93,39811044500770,admissible_et_classe,,2026-10-08T12:26:23.161347+00:00,OKAIDI
77,39811044500812,admissible_et_classe,,2026-10-08T12:18:08.753673+00:00,OKAIDI
77,39811044501273,admissible_et_classe,,2026-10-08T10:36:13.386178+00:00,OKAIDI
77,39811044501349,admissible_et_classe,,2026-10-08T10:36:13.949725+00:00,OKAIDI
93,39811044501430,admissible_et_classe,,2026-10-08T10:37:03.353064+00:00,OKAIDI
94,39811044501612,admissible_et_classe,,2026-10-08T10:38:05.293421+00:00,OKAIDI
94,39811044501836,admissible_et_classe,,2026-10-08T10:38:05.495481+00:00,OKAIDI
93,39811044502289,admissible_et_classe,,2026-10-08T12:26:23.467968+00:00,OKAIDI
94,39811044502446,admissible_et_classe,,2026-10-08T12:32:59.774631+00:00,OKAIDI
77,39811044504525,admissible_et_classe,,2026-10-08T12:18:08.941017+00:00,OKAIDI
77,39811044505217,admissible_et_classe,,2026-10-08T12:18:09.159473+00:00,OKAIDI
93,39811044505449,admissible_et_classe,,2026-10-08T12:26:23.571584+00:00,OKAIDI
93,39811044505613,admissible_et_classe,,2026-10-08T12:26:23.878421+00:00,OKAIDI
93,39811044505621,admissible_et_classe,,2026-10-08T12:26:23.981050+00:00,OKAIDI
93,39811044505647,admissible_et_classe,,2026-10-08T12:26:24.185457+00:00,OKAIDI
77,39830908800019,rejete_au_controle_actuel,sans_position,2026-10-08T12:18:09.331071+00:00,
94,39833035700086,admissible_et_classe,,2026-10-08T12:32:59.936079+00:00,CL DISTRIBUTION
77,39833035700276,admissible_et_classe,,2026-10-08T12:18:09.551226+00:00,CL DISTRIBUTION
77,39833035700565,admissible_et_classe,,2026-10-08T12:18:09.748986+00:00,CL DISTRIBUTION
77,39833821000022,rejete_au_controle_actuel,sans_position,2026-10-08T12:18:09.946316+00:00,
77,39870513700014,rejete_au_controle_actuel,sans_position,2026-10-08T12:18:10.375017+00:00,
77,39876423300035,rejete_au_controle_actuel,sans_position,2026-10-08T12:18:10.374811+00:00,
93,39897290101215,admissible_et_classe,,2026-10-08T10:37:03.510315+00:00,GMF ASSURANCES
77,39897290101421,admissible_et_classe,,2026-10-08T10:36:13.796896+00:00,GMF ASSURANCES
77,39897290101439,admissible_et_classe,,2026-10-08T10:36:14.004028+00:00,GMF ASSURANCES
93,39897290101553,admissible_et_classe,,2026-10-08T10:37:03.745668+00:00,GMF ASSURANCES
77,39897290105604,admissible_et_classe,,2026-10-08T12:18:10.667969+00:00,GMF ASSURANCES
77,39897290106131,admissible_et_classe,,2026-10-08T12:18:10.772730+00:00,GMF ASSURANCES
93,39897290106453,admissible_et_classe,,2026-10-08T12:26:24.354668+00:00,GMF ASSURANCES
93,39897290106834,admissible_et_classe,,2026-10-08T12:26:24.515867+00:00,GMF ASSURANCES
93,39897290107071,admissible_et_classe,,2026-10-08T12:26:24.733421+00:00,GMF ASSURANCES
93,39897290107634,admissible_et_classe,,2026-10-08T12:26:24.915531+00:00,GMF ASSURANCES
93,39897290109036,rejete_au_controle_actuel,ferme_ou_autre_departement,2026-10-08T12:26:25.112865+00:00,
94,39897290109242,admissible_et_classe,,2026-10-08T12:33:00.262742+00:00,GMF ASSURANCES
94,39897290110042,admissible_et_classe,,2026-10-08T12:33:00.345179+00:00,GMF ASSURANCES
77,39897290110281,admissible_et_classe,,2026-10-08T12:18:10.974969+00:00,GMF ASSURANCES
77,39897290110554,admissible_et_classe,,2026-10-08T12:18:11.161279+00:00,GMF ASSURANCES
93,39897931000123,admissible_et_classe,,2026-10-08T10:37:03.923005+00:00,H&M HENNES & MAURITZ
93,39897931000230,admissible_et_classe,,2026-10-08T10:37:04.133875+00:00,H&M HENNES & MAURITZ
77,39897931000255,admissible_et_classe,,2026-10-08T10:36:14.216971+00:00,H&M HENNES & MAURITZ
93,39897931000420,admissible_et_classe,,2026-10-08T10:37:04.329313+00:00,H&M HENNES & MAURITZ
77,39897931000453,admissible_et_classe,,2026-10-08T10:36:14.403384+00:00,H&M HENNES & MAURITZ
94,39897931000909,admissible_et_classe,,2026-10-08T10:38:05.706226+00:00,H&M HENNES & MAURITZ
94,39897931001709,admissible_et_classe,,2026-10-08T12:33:00.565066+00:00,H&M HENNES & MAURITZ
93,39897931003093,admissible_et_classe,,2026-10-08T12:26:25.315280+00:00,H&M HENNES & MAURITZ
94,39925851601164,admissible_et_classe,,2026-10-08T12:33:00.760043+00:00,DELTA LINGERIE
94,39925851601255,admissible_et_classe,,2026-10-08T12:33:00.945840+00:00,DELTA LINGERIE
77,39925851601487,admissible_et_classe,,2026-10-08T12:18:11.454489+00:00,DELTA LINGERIE
93,39925851601560,admissible_et_classe,,2026-10-08T12:26:25.518276+00:00,DELTA LINGERIE
77,39925851601677,admissible_et_classe,,2026-10-08T12:18:11.713407+00:00,DELTA LINGERIE
94,39925851601735,admissible_et_classe,,2026-10-08T12:33:01.150318+00:00,DELTA LINGERIE
77,39931561300832,admissible_et_classe,,2026-10-08T10:36:14.615502+00:00,METRO FRANCE
93,39950664101152,admissible_et_classe,,2026-10-08T12:26:25.719187+00:00,ATALIAN PROPRETE
94,39950664101186,admissible_et_classe,,2026-10-08T12:33:01.354065+00:00,ATALIAN PROPRETE
93,39950664101251,admissible_et_classe,,2026-10-08T12:26:25.922943+00:00,ATALIAN PROPRETE
93,39950664101277,admissible_et_classe,,2026-10-08T12:26:26.133482+00:00,ATALIAN PROPRETE
93,39950664101301,admissible_et_classe,,2026-10-08T12:26:26.331934+00:00,ATALIAN PROPRETE
94,39950664101343,rejete_au_controle_actuel,sans_position,2026-10-08T12:33:01.566091+00:00,
93,39950664101533,admissible_et_classe,,2026-10-08T12:26:26.582403+00:00,ATALIAN PROPRETE
94,39950664101582,admissible_et_classe,,2026-10-08T12:33:01.752657+00:00,ATALIAN PROPRETE
93,39950664101657,admissible_et_classe,,2026-10-08T12:26:26.847791+00:00,ATALIAN PROPRETE
93,39950664101665,admissible_et_classe,,2026-10-08T12:26:26.990977+00:00,ATALIAN PROPRETE
93,39950664101673,admissible_et_classe,,2026-10-08T12:26:27.197891+00:00,ATALIAN PROPRETE
93,39950664101681,admissible_et_classe,,2026-10-08T12:26:27.462563+00:00,ATALIAN PROPRETE
94,39950664101715,admissible_et_classe,,2026-10-08T12:33:02.028412+00:00,ATALIAN PROPRETE
94,39950664101723,admissible_et_classe,,2026-10-08T12:33:02.332753+00:00,ATALIAN PROPRETE
94,39950664101731,admissible_et_classe,,2026-10-08T12:33:02.372412+00:00,ATALIAN PROPRETE
94,39950664101749,admissible_et_classe,,2026-10-08T12:33:02.562889+00:00,ATALIAN PROPRETE
77,39970349500016,rejete_au_controle_actuel,sans_position,2026-10-08T12:18:11.758646+00:00,
77,40046195001933,admissible_et_classe,,2026-10-08T10:36:14.814164+00:00,SFR FIBRE SAS
77,40046195001958,admissible_et_classe,,2026-10-08T10:36:15.062231+00:00,SFR FIBRE SAS
93,40047429200028,rejete_au_controle_actuel,ferme_ou_autre_departement,2026-10-08T10:37:04.534454+00:00,
94,40125156600527,admissible_et_classe,,2026-10-08T12:33:02.771063+00:00,EMEIS
93,40125156600691,admissible_et_classe,,2026-10-08T12:26:27.566079+00:00,EMEIS
77,40125156601038,admissible_et_classe,,2026-10-08T10:36:15.275948+00:00,EMEIS
94,40125156601467,admissible_et_classe,,2026-10-08T10:38:05.921216+00:00,EMEIS
77,40125156601582,admissible_et_classe,,2026-10-08T10:36:15.498411+00:00,EMEIS
77,40125156601616,admissible_et_classe,,2026-10-08T10:36:15.631217+00:00,EMEIS
93,40125156601806,admissible_et_classe,,2026-10-08T10:37:04.741436+00:00,EMEIS
77,40134448600014,rejete_au_controle_actuel,sans_position,2026-10-08T12:18:12.059538+00:00,
94,40144985500063,rejete_au_classement,hors_filtre_nom,2026-10-08T12:33:02.982313+00:00,QUALICONSULT
93,40144985501756,rejete_au_classement,hors_filtre_nom,2026-10-08T12:26:27.871476+00:00,QUALICONSULT
93,40144985501848,rejete_au_classement,hors_filtre_nom,2026-10-08T12:26:27.974547+00:00,QUALICONSULT
77,40144985501863,rejete_au_classement,hors_filtre_nom,2026-10-08T12:18:12.258844+00:00,QUALICONSULT
77,40144985501954,rejete_au_classement,hors_filtre_nom,2026-10-08T12:18:12.420512+00:00,QUALICONSULT
77,40150323000013,rejete_au_controle_actuel,sans_position,2026-10-08T12:18:12.607409+00:00,
94,40226275200445,rejete_au_controle_actuel,sans_position,2026-10-08T12:33:03.179764+00:00,
94,40226275201021,admissible_et_classe,,2026-10-08T12:33:03.377590+00:00,FRANCK PROVOST SALONS
77,40226275201047,admissible_et_classe,,2026-10-08T12:18:12.934824+00:00,FRANCK PROVOST SALONS
93,40226275201203,admissible_et_classe,,2026-10-08T12:26:28.179498+00:00,FRANCK PROVOST SALONS
93,40226275201211,admissible_et_classe,,2026-10-08T12:26:28.393572+00:00,FRANCK PROVOST SALONS
94,40226275201229,admissible_et_classe,,2026-10-08T12:33:03.587697+00:00,FRANCK PROVOST SALONS
94,40226275201237,admissible_et_classe,,2026-10-08T12:33:03.822661+00:00,FRANCK PROVOST SALONS
94,40226275201252,admissible_et_classe,,2026-10-08T12:33:03.987962+00:00,FRANCK PROVOST SALONS
77,40226275201328,admissible_et_classe,,2026-10-08T12:18:12.999879+00:00,FRANCK PROVOST SALONS
77,40226275201443,admissible_et_classe,,2026-10-08T12:18:13.203010+00:00,FRANCK PROVOST SALONS
93,40226275201468,admissible_et_classe,,2026-10-08T12:26:28.587766+00:00,FRANCK PROVOST SALONS
94,40226275201526,admissible_et_classe,,2026-10-08T12:33:04.182001+00:00,FRANCK PROVOST SALONS
94,40226275201724,admissible_et_classe,,2026-10-08T12:33:04.387419+00:00,FRANCK PROVOST SALONS
94,40226275201799,admissible_et_classe,,2026-10-08T12:33:04.589240+00:00,FRANCK PROVOST SALONS
93,40238732800162,rejete_au_controle_actuel,ferme_ou_autre_departement,2026-10-08T12:26:28.998901+00:00,
77,40294106600027,rejete_au_classement,hors_filtre_nom,2026-10-08T12:18:13.540609+00:00,J2C CAUDROY
77,40306539400054,rejete_au_controle_actuel,sans_position,2026-10-08T12:18:13.630088+00:00,
94,40309320600452,admissible_et_classe,,2026-10-08T12:33:04.797380+00:00,BIOGROUP PARIS OUEST
94,40309320600478,admissible_et_classe,,2026-10-08T12:33:04.986782+00:00,BIOGROUP PARIS OUEST
94,40309320600486,admissible_et_classe,,2026-10-08T12:33:05.241901+00:00,BIOGROUP PARIS OUEST
94,40309320600494,admissible_et_classe,,2026-10-08T12:33:05.403803+00:00,BIOGROUP PARIS OUEST
94,40309320600510,admissible_et_classe,,2026-10-08T12:33:05.618496+00:00,BIOGROUP PARIS OUEST
94,40309320600528,admissible_et_classe,,2026-10-08T12:33:05.806642+00:00,BIOGROUP PARIS OUEST
94,40309320600536,admissible_et_classe,,2026-10-08T12:33:06.009975+00:00,BIOGROUP PARIS OUEST
94,40309320600544,admissible_et_classe,,2026-10-08T12:33:06.215243+00:00,BIOGROUP PARIS OUEST
94,40309320600551,admissible_et_classe,,2026-10-08T12:33:06.422455+00:00,BIOGROUP PARIS OUEST
94,40309320600569,admissible_et_classe,,2026-10-08T12:33:06.678356+00:00,BIOGROUP PARIS OUEST
94,40309320600577,admissible_et_classe,,2026-10-08T12:33:06.856353+00:00,BIOGROUP PARIS OUEST
94,40309320600585,admissible_et_classe,,2026-10-08T12:33:07.036707+00:00,BIOGROUP PARIS OUEST
94,40309320600593,admissible_et_classe,,2026-10-08T12:33:07.238081+00:00,BIOGROUP PARIS OUEST
94,40309320600643,admissible_et_classe,,2026-10-08T12:33:07.434750+00:00,BIOGROUP PARIS OUEST
94,40309320600676,admissible_et_classe,,2026-10-08T12:33:07.667497+00:00,BIOGROUP PARIS OUEST
94,40309320600684,admissible_et_classe,,2026-10-08T12:33:07.842181+00:00,BIOGROUP PARIS OUEST
94,40309320600932,admissible_et_classe,,2026-10-08T12:33:08.059751+00:00,BIOGROUP PARIS OUEST
94,40309320600940,admissible_et_classe,,2026-10-08T12:33:08.263054+00:00,BIOGROUP PARIS OUEST
94,40309320600957,admissible_et_classe,,2026-10-08T12:33:08.466033+00:00,BIOGROUP PARIS OUEST
94,40309320600965,admissible_et_classe,,2026-10-08T12:33:08.670164+00:00,BIOGROUP PARIS OUEST
94,40309320600973,admissible_et_classe,,2026-10-08T12:33:08.894493+00:00,BIOGROUP PARIS OUEST
94,40309320600981,admissible_et_classe,,2026-10-08T12:33:09.088542+00:00,BIOGROUP PARIS OUEST
77,40312036300052,rejete_au_controle_actuel,sans_position,2026-10-08T12:18:13.866775+00:00,
94,40325913801521,admissible_et_classe,,2026-10-08T12:33:09.282180+00:00,MANGO FRANCE
94,40325913801703,admissible_et_classe,,2026-10-08T12:33:09.501400+00:00,MANGO FRANCE
94,40325913801752,admissible_et_classe,,2026-10-08T12:33:09.706705+00:00,MANGO FRANCE
77,40325913801836,admissible_et_classe,,2026-10-08T12:18:14.004235+00:00,MANGO FRANCE
94,40325913801869,admissible_et_classe,,2026-10-08T12:33:09.915235+00:00,MANGO FRANCE
93,40325913801943,admissible_et_classe,,2026-10-08T12:26:29.305376+00:00,MANGO FRANCE
93,40325913801950,admissible_et_classe,,2026-10-08T12:26:29.409602+00:00,MANGO FRANCE
77,40325913802024,admissible_et_classe,,2026-10-08T12:18:14.197756+00:00,MANGO FRANCE
93,40325913802164,admissible_et_classe,,2026-10-08T12:26:29.612286+00:00,MANGO FRANCE
77,40347435600025,rejete_au_classement,hors_filtre_nom,2026-10-08T12:18:14.543045+00:00,ENVIRO DEVELOPPEMENT
94,40350558900016,rejete_au_controle_actuel,sans_position,2026-10-08T12:33:10.093559+00:00,
77,40370185700068,rejete_au_controle_actuel,unite_non_active,2026-10-08T10:36:15.893047+00:00,
77,40370185700076,rejete_au_controle_actuel,unite_non_active,2026-10-08T12:18:14.802596+00:00,
93,40370185700092,rejete_au_controle_actuel,unite_non_active,2026-10-08T10:37:04.948700+00:00,
77,40407141700012,rejete_au_controle_actuel,sans_position,2026-10-08T12:18:14.830208+00:00,
77,40407141700020,rejete_au_controle_actuel,sans_position,2026-10-08T12:18:15.010143+00:00,
77,40413976800059,rejete_au_controle_actuel,sans_position,2026-10-08T12:18:15.212997+00:00,
77,40420676500012,rejete_au_controle_actuel,sans_position,2026-10-08T12:18:15.417346+00:00,
77,40446607000012,rejete_au_controle_actuel,sans_position,2026-10-08T12:18:15.751478+00:00,
77,40467155400016,rejete_au_controle_actuel,sans_position,2026-10-08T12:18:16.041407+00:00,
77,40496106200019,rejete_au_controle_actuel,sans_position,2026-10-08T12:18:16.152146+00:00,
77,40496123700017,rejete_au_controle_actuel,sans_position,2026-10-08T12:18:16.364841+00:00,
77,40511263200014,rejete_au_controle_actuel,sans_position,2026-10-08T12:18:16.435383+00:00,
77,40529757300017,rejete_au_controle_actuel,sans_position,2026-10-08T12:18:16.640539+00:00,
93,40538737400102,rejete_au_classement,hors_filtre_nom,2026-10-08T12:26:29.817315+00:00,CTP GROUPE CADET
77,40750660900020,rejete_au_controle_actuel,sans_position,2026-10-08T12:18:16.832999+00:00,
77,40768864700012,rejete_au_controle_actuel,sans_position,2026-10-08T12:18:17.037801+00:00,
77,40784353100010,rejete_au_controle_actuel,sans_position,2026-10-08T12:18:17.240054+00:00,
93,40842252500035,rejete_au_classement,hors_filtre_nom,2026-10-08T12:26:30.126602+00:00,BTP CONSULTANTS
94,40849652900053,rejete_au_classement,hors_filtre_nom,2026-10-08T12:33:10.310313+00:00,AM'TECH MEDICAL
94,40866059500039,admissible_et_classe,,2026-10-08T12:33:10.592864+00:00,DOMUSVI DOMICILE
93,40866059500815,admissible_et_classe,,2026-10-08T12:26:30.229301+00:00,DOMUSVI DOMICILE
77,40866059500955,admissible_et_classe,,2026-10-08T12:18:17.661415+00:00,DOMUSVI DOMICILE
77,40905433500107,rejete_au_controle_actuel,sans_position,2026-10-08T12:18:17.846273+00:00,
77,40920937600071,rejete_au_controle_actuel,sans_position,2026-10-08T12:18:17.875682+00:00,
77,40975722600017,rejete_au_controle_actuel,sans_position,2026-10-08T12:18:18.077511+00:00,
77,40975722600033,rejete_au_controle_actuel,sans_position,2026-10-08T12:18:18.269623+00:00,
77,40975722600041,rejete_au_controle_actuel,sans_position,2026-10-08T12:18:18.467339+00:00,
77,40975722600058,rejete_au_controle_actuel,sans_position,2026-10-08T12:18:18.661819+00:00,
77,40975722600066,rejete_au_controle_actuel,sans_position,2026-10-08T12:18:18.869128+00:00,
77,40975722600074,rejete_au_controle_actuel,sans_position,2026-10-08T12:18:19.067617+00:00,
77,40975722600082,rejete_au_controle_actuel,sans_position,2026-10-08T12:18:19.303255+00:00,
77,40975722600090,rejete_au_controle_actuel,sans_position,2026-10-08T12:18:19.466573+00:00,
77,40975722600108,rejete_au_controle_actuel,sans_position,2026-10-08T12:18:19.682690+00:00,
77,40996407900019,rejete_au_controle_actuel,sans_position,2026-10-08T12:18:19.881972+00:00,
77,41000812200088,rejete_au_classement,hors_filtre_nom,2026-10-08T12:18:20.094125+00:00,PREVENTION COORDIN SANTE SECURITE BTP (PRECOSS BTP)
77,41003460703080,admissible_et_classe,,2026-10-08T10:36:16.044831+00:00,SUEZ EAU FRANCE
77,41003460703924,admissible_et_classe,,2026-10-08T10:36:16.299929+00:00,SUEZ EAU FRANCE
77,41014646800211,admissible_et_classe,,2026-10-08T10:36:16.544044+00:00,PAULINE
94,41014646800443,admissible_et_classe,,2026-10-08T10:38:06.197331+00:00,PAULINE
93,41015167400513,admissible_et_classe,,2026-10-08T10:37:05.158085+00:00,DUPONT RESTAURATION
93,41015167402477,admissible_et_classe,,2026-10-08T12:26:30.431608+00:00,DUPONT RESTAURATION
93,41015167402519,admissible_et_classe,,2026-10-08T12:26:30.637274+00:00,DUPONT RESTAURATION
93,41015167402550,admissible_et_classe,,2026-10-08T12:26:30.841261+00:00,DUPONT RESTAURATION
94,41015167402576,admissible_et_classe,,2026-10-08T12:33:10.740228+00:00,DUPONT RESTAURATION
94,41015167402832,admissible_et_classe,,2026-10-08T12:33:10.923434+00:00,DUPONT RESTAURATION
93,41015167402840,admissible_et_classe,,2026-10-08T12:26:31.045292+00:00,DUPONT RESTAURATION
93,41015167402857,admissible_et_classe,,2026-10-08T12:26:31.255480+00:00,DUPONT RESTAURATION
93,41015167403053,admissible_et_classe,,2026-10-08T12:26:31.558697+00:00,DUPONT RESTAURATION
93,41015167403319,admissible_et_classe,,2026-10-08T12:26:31.660386+00:00,DUPONT RESTAURATION
93,41015167403350,admissible_et_classe,,2026-10-08T12:26:31.865854+00:00,DUPONT RESTAURATION
93,41015167403376,admissible_et_classe,,2026-10-08T12:26:32.070263+00:00,DUPONT RESTAURATION
93,41015167403384,admissible_et_classe,,2026-10-08T12:26:32.279240+00:00,DUPONT RESTAURATION
77,41017329801034,admissible_et_classe,,2026-10-08T12:18:20.310031+00:00,BOIS & MATERIAUX
77,41017329801042,admissible_et_classe,,2026-10-08T12:18:20.641806+00:00,BOIS & MATERIAUX
77,41017329801059,admissible_et_classe,,2026-10-08T12:18:20.824095+00:00,BOIS & MATERIAUX
93,41017329801596,admissible_et_classe,,2026-10-08T12:26:32.479208+00:00,BOIS & MATERIAUX
77,41028867400022,rejete_au_controle_actuel,sans_position,2026-10-08T12:18:20.892952+00:00,
93,41035886502084,admissible_et_classe,,2026-10-08T10:37:05.367125+00:00,SFR DISTRIBUTION
93,41035886502167,admissible_et_classe,,2026-10-08T10:37:05.576789+00:00,SFR DISTRIBUTION
93,41035886502175,admissible_et_classe,,2026-10-08T10:37:05.769817+00:00,SFR DISTRIBUTION
77,41035886502266,admissible_et_classe,,2026-10-08T10:36:16.651674+00:00,SFR DISTRIBUTION
77,41035886502274,admissible_et_classe,,2026-10-08T10:36:16.846296+00:00,SFR DISTRIBUTION
77,41035886502324,admissible_et_classe,,2026-10-08T10:36:17.060053+00:00,SFR DISTRIBUTION
77,41035886502985,admissible_et_classe,,2026-10-08T10:36:17.265874+00:00,SFR DISTRIBUTION
94,41035886503009,admissible_et_classe,,2026-10-08T12:33:11.128311+00:00,SFR DISTRIBUTION
94,41035886503272,admissible_et_classe,,2026-10-08T12:33:11.326584+00:00,SFR DISTRIBUTION
94,41035886503736,admissible_et_classe,,2026-10-08T12:33:11.548716+00:00,SFR DISTRIBUTION
93,41035886504619,admissible_et_classe,,2026-10-08T12:26:32.678311+00:00,SFR DISTRIBUTION
77,41035886504817,admissible_et_classe,,2026-10-08T12:18:21.108791+00:00,SFR DISTRIBUTION
77,41035886506267,admissible_et_classe,,2026-10-08T12:18:21.342156+00:00,SFR DISTRIBUTION
77,41035886506614,admissible_et_classe,,2026-10-08T12:18:21.568316+00:00,SFR DISTRIBUTION
93,41035886507489,admissible_et_classe,,2026-10-08T12:26:32.885890+00:00,SFR DISTRIBUTION
77,41035886507703,admissible_et_classe,,2026-10-08T12:18:21.729820+00:00,SFR DISTRIBUTION
93,41035886507737,admissible_et_classe,,2026-10-08T12:26:33.093740+00:00,SFR DISTRIBUTION
93,41040901500105,admissible_et_classe,,2026-10-08T10:37:05.992513+00:00,AUCHAN SUPERMARCHE
93,41040901500139,admissible_et_classe,,2026-10-08T10:37:06.203383+00:00,AUCHAN SUPERMARCHE
93,41040901500147,admissible_et_classe,,2026-10-08T10:37:06.385319+00:00,AUCHAN SUPERMARCHE
93,41040901503125,admissible_et_classe,,2026-10-08T12:26:33.303400+00:00,AUCHAN SUPERMARCHE
94,41040901503547,admissible_et_classe,,2026-10-08T12:33:11.727963+00:00,AUCHAN SUPERMARCHE
94,41040901503554,admissible_et_classe,,2026-10-08T12:33:11.925581+00:00,AUCHAN SUPERMARCHE
94,41040901503562,admissible_et_classe,,2026-10-08T12:33:12.154404+00:00,AUCHAN SUPERMARCHE
77,41040901503612,admissible_et_classe,,2026-10-08T12:18:21.920157+00:00,AUCHAN SUPERMARCHE
94,41040901503984,admissible_et_classe,,2026-10-08T12:33:12.357615+00:00,AUCHAN SUPERMARCHE
93,41040946001168,admissible_et_classe,,2026-10-08T12:26:33.503820+00:00,AUCHAN HYPERMARCHE
77,41040946001580,admissible_et_classe,,2026-10-08T12:18:22.122814+00:00,AUCHAN HYPERMARCHE
94,41040946001986,admissible_et_classe,,2026-10-08T12:33:12.568625+00:00,AUCHAN HYPERMARCHE
94,41040946002018,admissible_et_classe,,2026-10-08T12:33:12.767761+00:00,AUCHAN HYPERMARCHE
93,41040946002026,admissible_et_classe,,2026-10-08T12:26:33.708456+00:00,AUCHAN HYPERMARCHE
93,41040946002349,admissible_et_classe,,2026-10-08T12:26:33.914257+00:00,AUCHAN HYPERMARCHE
93,41040946002356,admissible_et_classe,,2026-10-08T12:26:34.117570+00:00,AUCHAN HYPERMARCHE
77,41040946002554,admissible_et_classe,,2026-10-08T12:18:22.317960+00:00,AUCHAN HYPERMARCHE
77,41040946002562,admissible_et_classe,,2026-10-08T12:18:22.525414+00:00,AUCHAN HYPERMARCHE
77,41040946002828,admissible_et_classe,,2026-10-08T12:18:22.727393+00:00,AUCHAN HYPERMARCHE
77,41050269400012,rejete_au_controle_actuel,sans_position,2026-10-08T12:18:22.917177+00:00,
77,41062052000867,rejete_au_controle_actuel,sans_position,2026-10-08T12:18:23.161125+00:00,
93,41067891600348,rejete_au_controle_actuel,sans_position,2026-10-08T12:26:34.322462+00:00,
93,41088291401053,admissible_et_classe,,2026-10-08T12:26:34.528327+00:00,GEOX FRANCE
94,41110511700088,rejete_au_controle_actuel,ferme_ou_autre_departement,2026-10-08T12:33:12.957769+00:00,
94,41112451400059,rejete_au_classement,hors_filtre_nom,2026-10-08T12:33:13.173205+00:00,HABITAT SANTE DEVELOPPEMENT (HSD)
93,41112451400067,rejete_au_classement,hors_filtre_nom,2026-10-08T12:26:34.732614+00:00,HABITAT SANTE DEVELOPPEMENT (HSD)
77,41115239000018,rejete_au_controle_actuel,sans_position,2026-10-08T12:18:23.329193+00:00,
94,41157314000018,rejete_au_controle_actuel,sans_position,2026-10-08T12:33:13.372131+00:00,
77,41202430900012,rejete_au_controle_actuel,sans_position,2026-10-08T12:18:23.544375+00:00,
77,41226181000037,rejete_au_controle_actuel,sans_position,2026-10-08T12:18:23.857189+00:00,
93,41326991100025,rejete_au_classement,hors_filtre_nom,2026-10-08T12:26:34.877074+00:00,COMPAGNIE FRANCAISE DU BOUTON
94,41355739801081,admissible_et_classe,,2026-10-08T12:33:13.813051+00:00,ANIMALIS
77,41355739801222,admissible_et_classe,,2026-10-08T12:18:23.942861+00:00,ANIMALIS
77,41355739801230,admissible_et_classe,,2026-10-08T12:18:24.151975+00:00,ANIMALIS
93,41355739801388,admissible_et_classe,,2026-10-08T12:26:35.141526+00:00,ANIMALIS
94,41355739801537,admissible_et_classe,,2026-10-08T12:33:13.988766+00:00,ANIMALIS
77,41355739801677,admissible_et_classe,,2026-10-08T12:18:24.353030+00:00,ANIMALIS
94,41355739801933,admissible_et_classe,,2026-10-08T12:33:14.201490+00:00,ANIMALIS
77,41356713200175,rejete_au_controle_actuel,sans_position,2026-10-08T12:18:24.549558+00:00,
93,41387367001478,admissible_et_classe,,2026-10-08T12:26:35.346712+00:00,CLEOR
77,41387367001510,admissible_et_classe,,2026-10-08T12:18:24.758778+00:00,CLEOR
93,41387367001528,admissible_et_classe,,2026-10-08T12:26:35.552848+00:00,CLEOR
94,41387367001601,admissible_et_classe,,2026-10-08T12:33:14.411842+00:00,CLEOR
94,41387367001619,admissible_et_classe,,2026-10-08T12:33:14.608557+00:00,CLEOR
77,41387367001676,admissible_et_classe,,2026-10-08T12:18:24.957812+00:00,CLEOR
77,41387367001700,admissible_et_classe,,2026-10-08T12:18:25.209661+00:00,CLEOR
77,41387367001718,admissible_et_classe,,2026-10-08T12:18:25.369552+00:00,CLEOR
94,41387367001726,admissible_et_classe,,2026-10-08T12:33:14.905819+00:00,CLEOR
94,41387367001759,admissible_et_classe,,2026-10-08T12:33:15.038068+00:00,CLEOR
77,41389606900015,rejete_au_controle_actuel,sans_position,2026-10-08T12:18:25.560698+00:00,
77,41431800600015,rejete_au_controle_actuel,sans_position,2026-10-08T12:18:25.783213+00:00,
77,41443507300013,rejete_au_controle_actuel,sans_position,2026-10-08T12:18:26.105328+00:00,
77,41459903500014,admissible_et_classe,,2026-10-08T12:18:26.188999+00:00,ALDI MARCHE DAMMARTIN
93,41459903500048,admissible_et_classe,,2026-10-08T12:26:35.759622+00:00,ALDI MARCHE DAMMARTIN
77,41459903500071,admissible_et_classe,,2026-10-08T12:18:26.393588+00:00,ALDI MARCHE DAMMARTIN
77,41459903500089,admissible_et_classe,,2026-10-08T12:18:26.699361+00:00,ALDI MARCHE DAMMARTIN
94,41459903500097,admissible_et_classe,,2026-10-08T12:33:15.226208+00:00,ALDI MARCHE DAMMARTIN
94,41459903500105,admissible_et_classe,,2026-10-08T12:33:15.427486+00:00,ALDI MARCHE DAMMARTIN
93,41459903500329,admissible_et_classe,,2026-10-08T12:26:35.961705+00:00,ALDI MARCHE DAMMARTIN
93,41459903500337,admissible_et_classe,,2026-10-08T12:26:36.105026+00:00,ALDI MARCHE DAMMARTIN
93,41459903500345,admissible_et_classe,,2026-10-08T12:26:36.371603+00:00,ALDI MARCHE DAMMARTIN
93,41459903500352,admissible_et_classe,,2026-10-08T12:26:36.679496+00:00,ALDI MARCHE DAMMARTIN
77,41459903500527,admissible_et_classe,,2026-10-08T12:18:26.791838+00:00,ALDI MARCHE DAMMARTIN
77,41459903500535,admissible_et_classe,,2026-10-08T12:18:26.996840+00:00,ALDI MARCHE DAMMARTIN
77,41459903500543,admissible_et_classe,,2026-10-08T12:18:27.221417+00:00,ALDI MARCHE DAMMARTIN
77,41459903500550,admissible_et_classe,,2026-10-08T12:18:27.406754+00:00,ALDI MARCHE DAMMARTIN
77,41459903500592,admissible_et_classe,,2026-10-08T12:18:27.614663+00:00,ALDI MARCHE DAMMARTIN
77,41459903500618,admissible_et_classe,,2026-10-08T12:18:27.814109+00:00,ALDI MARCHE DAMMARTIN
77,41459903500790,admissible_et_classe,,2026-10-08T12:18:28.034095+00:00,ALDI MARCHE DAMMARTIN
77,41459903500857,admissible_et_classe,,2026-10-08T12:18:28.239022+00:00,ALDI MARCHE DAMMARTIN
77,41459903500873,admissible_et_classe,,2026-10-08T12:18:28.421560+00:00,ALDI MARCHE DAMMARTIN
77,41459903500899,admissible_et_classe,,2026-10-08T12:18:28.631901+00:00,ALDI MARCHE DAMMARTIN
77,41459903500998,admissible_et_classe,,2026-10-08T12:18:28.828060+00:00,ALDI MARCHE DAMMARTIN
77,41459903501004,admissible_et_classe,,2026-10-08T12:18:29.111243+00:00,ALDI MARCHE DAMMARTIN
94,41459903502036,admissible_et_classe,,2026-10-08T12:33:15.629299+00:00,ALDI MARCHE DAMMARTIN
93,41459903502150,admissible_et_classe,,2026-10-08T12:26:36.719613+00:00,ALDI MARCHE DAMMARTIN
93,41459903502168,admissible_et_classe,,2026-10-08T12:26:36.919276+00:00,ALDI MARCHE DAMMARTIN
77,41459903502176,admissible_et_classe,,2026-10-08T12:18:29.231450+00:00,ALDI MARCHE DAMMARTIN
93,41459903502184,admissible_et_classe,,2026-10-08T12:26:37.190584+00:00,ALDI MARCHE DAMMARTIN
93,41459903502317,admissible_et_classe,,2026-10-08T12:26:37.333875+00:00,ALDI MARCHE DAMMARTIN
93,41459903502382,admissible_et_classe,,2026-10-08T12:26:37.497152+00:00,ALDI MARCHE DAMMARTIN
77,41459903502465,admissible_et_classe,,2026-10-08T12:18:29.444370+00:00,ALDI MARCHE DAMMARTIN
93,41459903502473,admissible_et_classe,,2026-10-08T12:26:37.736596+00:00,ALDI MARCHE DAMMARTIN
93,41459903502523,admissible_et_classe,,2026-10-08T12:26:37.909154+00:00,ALDI MARCHE DAMMARTIN
77,41459903502531,admissible_et_classe,,2026-10-08T12:18:29.669215+00:00,ALDI MARCHE DAMMARTIN
93,41459903502549,admissible_et_classe,,2026-10-08T12:26:38.110148+00:00,ALDI MARCHE DAMMARTIN
77,41459903502564,admissible_et_classe,,2026-10-08T12:18:29.846134+00:00,ALDI MARCHE DAMMARTIN
93,41459903502580,admissible_et_classe,,2026-10-08T12:26:38.315373+00:00,ALDI MARCHE DAMMARTIN
93,41472896400829,rejete_au_classement,hors_filtre_nom,2026-10-08T12:26:38.520898+00:00,INSTITUT DE SOUDURE INDUSTRIE (ISI)
93,41472896400837,rejete_au_classement,hors_filtre_nom,2026-10-08T12:26:38.827480+00:00,INSTITUT DE SOUDURE INDUSTRIE (ISI)
93,41481940900916,admissible_et_classe,,2026-10-08T12:26:38.930698+00:00,CONFORAMA FRANCE
93,41481940901484,admissible_et_classe,,2026-10-08T12:26:39.138139+00:00,CONFORAMA FRANCE
93,41481940902110,admissible_et_classe,,2026-10-08T10:37:06.618272+00:00,CONFORAMA FRANCE
77,41481940902367,admissible_et_classe,,2026-10-08T10:36:17.463581+00:00,CONFORAMA FRANCE
77,41481940902664,admissible_et_classe,,2026-10-08T10:36:17.670224+00:00,CONFORAMA FRANCE
93,41481940902672,admissible_et_classe,,2026-10-08T10:37:06.815469+00:00,CONFORAMA FRANCE
77,41481940902714,admissible_et_classe,,2026-10-08T10:36:17.891728+00:00,CONFORAMA FRANCE
77,41481940902763,admissible_et_classe,,2026-10-08T10:36:18.232943+00:00,CONFORAMA FRANCE
77,41481940902797,admissible_et_classe,,2026-10-08T10:36:18.314112+00:00,CONFORAMA FRANCE
94,41494869500096,rejete_au_controle_actuel,ferme_ou_autre_departement,2026-10-08T12:33:15.935145+00:00,
77,41510304300055,rejete_au_classement,hors_filtre_nom,2026-10-08T12:18:30.075869+00:00,EURO QUALITY SYSTEM FRANCE
77,41515821100052,rejete_au_classement,hors_filtre_nom,2026-10-08T12:18:30.244335+00:00,QUALIFLUX
77,41519210300018,rejete_au_controle_actuel,sans_position,2026-10-08T12:18:30.445820+00:00,
94,41522354400016,rejete_au_classement,hors_filtre_nom,2026-10-08T12:33:16.036713+00:00,SOCIETE FRANCAISE DE CONTROLE DE VIANDE HALLAL (SFCVH)
77,41525691600016,rejete_au_controle_actuel,sans_position,2026-10-08T12:18:30.788424+00:00,
77,41789640400098,rejete_au_controle_actuel,sans_position,2026-10-08T12:18:30.912569+00:00,
77,41800838900011,rejete_au_controle_actuel,sans_position,2026-10-08T12:18:31.046104+00:00,
93,41809639200075,admissible_et_classe,,2026-10-08T10:37:07.020708+00:00,MICROMANIA
77,41809639200257,admissible_et_classe,,2026-10-08T10:36:18.542663+00:00,MICROMANIA
77,41809639200265,admissible_et_classe,,2026-10-08T10:36:18.719797+00:00,MICROMANIA
93,41809639200349,admissible_et_classe,,2026-10-08T10:37:07.266565+00:00,MICROMANIA
77,41809639200364,admissible_et_classe,,2026-10-08T10:36:18.939661+00:00,MICROMANIA
93,41809639200414,admissible_et_classe,,2026-10-08T10:37:07.498664+00:00,MICROMANIA
94,41809639200463,admissible_et_classe,,2026-10-08T10:38:06.262347+00:00,MICROMANIA
94,41809639200471,admissible_et_classe,,2026-10-08T10:38:06.473828+00:00,MICROMANIA
93,41809639200539,admissible_et_classe,,2026-10-08T10:37:07.634077+00:00,MICROMANIA
77,41809639200968,admissible_et_classe,,2026-10-08T10:36:19.126881+00:00,MICROMANIA
77,41809639201008,admissible_et_classe,,2026-10-08T10:36:19.331819+00:00,MICROMANIA
77,41809639201081,admissible_et_classe,,2026-10-08T12:18:31.260853+00:00,MICROMANIA
77,41809639201297,admissible_et_classe,,2026-10-08T12:18:31.477847+00:00,MICROMANIA
94,41809639202378,admissible_et_classe,,2026-10-08T12:33:16.254037+00:00,MICROMANIA
94,41809639202824,admissible_et_classe,,2026-10-08T12:33:16.451685+00:00,MICROMANIA
77,41809639204382,admissible_et_classe,,2026-10-08T12:18:31.707397+00:00,MICROMANIA
77,41809639204747,admissible_et_classe,,2026-10-08T12:18:31.924678+00:00,MICROMANIA
94,41809639204986,admissible_et_classe,,2026-10-08T12:33:16.664034+00:00,MICROMANIA
77,41850534300131,admissible_et_classe,,2026-10-08T12:18:32.055899+00:00,MONDIAL PARE-BRISE
93,41850534300156,admissible_et_classe,,2026-10-08T12:26:39.340723+00:00,MONDIAL PARE-BRISE
77,41851092100012,rejete_au_controle_actuel,sans_position,2026-10-08T12:18:32.454923+00:00,
77,41912419300014,rejete_au_controle_actuel,sans_position,2026-10-08T12:18:32.466151+00:00,
77,41912434200017,rejete_au_controle_actuel,sans_position,2026-10-08T12:18:32.685046+00:00,
77,41954402800014,rejete_au_controle_actuel,sans_position,2026-10-08T12:18:32.883378+00:00,
77,41996198200016,rejete_au_controle_actuel,sans_position,2026-10-08T12:18:33.082465+00:00,
77,42040340401427,admissible_et_classe,,2026-10-08T12:18:33.346640+00:00,AKENA
93,42110064501536,admissible_et_classe,,2026-10-08T12:26:39.544327+00:00,LA BANQUE POSTALE
94,42110064501718,admissible_et_classe,,2026-10-08T12:33:16.848263+00:00,LA BANQUE POSTALE
94,42110064501726,admissible_et_classe,,2026-10-08T12:33:17.053948+00:00,LA BANQUE POSTALE
93,42110064501767,admissible_et_classe,,2026-10-08T12:26:39.774915+00:00,LA BANQUE POSTALE
77,42130008800034,rejete_au_classement,hors_filtre_nom,2026-10-08T12:18:33.696813+00:00,BIC ECRITURE 2000
77,42136397900285,admissible_et_classe,,2026-10-08T12:18:33.938152+00:00,SPEEDY FRANCE SAS
77,42136397900293,admissible_et_classe,,2026-10-08T12:18:34.156647+00:00,SPEEDY FRANCE SAS
93,42136397900657,admissible_et_classe,,2026-10-08T12:26:40.000242+00:00,SPEEDY FRANCE SAS
94,42136397900822,admissible_et_classe,,2026-10-08T12:33:17.360808+00:00,SPEEDY FRANCE SAS
94,42136397900848,admissible_et_classe,,2026-10-08T12:33:17.466621+00:00,SPEEDY FRANCE SAS
94,42136397900855,admissible_et_classe,,2026-10-08T12:33:17.665638+00:00,SPEEDY FRANCE SAS
94,42136397902794,admissible_et_classe,,2026-10-08T12:33:17.872648+00:00,SPEEDY FRANCE SAS
77,42168050500011,rejete_au_controle_actuel,sans_position,2026-10-08T12:18:34.296705+00:00,
77,42182288300011,rejete_au_controle_actuel,sans_position,2026-10-08T12:18:34.505735+00:00,
77,42191457300017,rejete_au_controle_actuel,sans_position,2026-10-08T12:18:34.706695+00:00,
77,42198594600019,rejete_au_controle_actuel,sans_position,2026-10-08T12:18:34.908726+00:00,
77,42203690500046,admissible_et_classe,,2026-10-08T10:36:19.529085+00:00,POLTRONESOFA 'FRANCE
77,42203690500483,admissible_et_classe,,2026-10-08T10:36:19.743672+00:00,POLTRONESOFA 'FRANCE
94,42203690500756,admissible_et_classe,,2026-10-08T10:38:06.678368+00:00,POLTRONESOFA 'FRANCE
77,42203690500848,admissible_et_classe,,2026-10-08T10:36:19.949792+00:00,POLTRONESOFA 'FRANCE
93,42213614301025,admissible_et_classe,,2026-10-08T12:26:40.159790+00:00,WIMOOV
77,42213614301033,admissible_et_classe,,2026-10-08T12:18:35.147578+00:00,WIMOOV
77,42248691000017,rejete_au_controle_actuel,sans_position,2026-10-08T12:18:35.479258+00:00,
94,42303259800165,admissible_et_classe,,2026-10-08T10:38:06.889249+00:00,RESEAU CLUBS BOUYGUES TELECOM (RCBT)
93,42303259800298,admissible_et_classe,,2026-10-08T10:37:07.932642+00:00,RESEAU CLUBS BOUYGUES TELECOM (RCBT)
94,42303259800330,admissible_et_classe,,2026-10-08T10:38:07.092554+00:00,RESEAU CLUBS BOUYGUES TELECOM (RCBT)
77,42303259800934,admissible_et_classe,,2026-10-08T10:36:20.208875+00:00,RESEAU CLUBS BOUYGUES TELECOM (RCBT)
77,42303259801239,admissible_et_classe,,2026-10-08T12:18:35.536610+00:00,RESEAU CLUBS BOUYGUES TELECOM (RCBT)
77,42303259801288,admissible_et_classe,,2026-10-08T12:18:35.732732+00:00,RESEAU CLUBS BOUYGUES TELECOM (RCBT)
77,42303259801551,admissible_et_classe,,2026-10-08T12:18:35.943457+00:00,RESEAU CLUBS BOUYGUES TELECOM (RCBT)
93,42303259801692,admissible_et_classe,,2026-10-08T12:26:40.364824+00:00,RESEAU CLUBS BOUYGUES TELECOM (RCBT)
77,42303259801734,admissible_et_classe,,2026-10-08T12:18:36.126290+00:00,RESEAU CLUBS BOUYGUES TELECOM (RCBT)
93,42303259801783,admissible_et_classe,,2026-10-08T12:26:40.568832+00:00,RESEAU CLUBS BOUYGUES TELECOM (RCBT)
77,42303259801973,admissible_et_classe,,2026-10-08T12:18:36.341789+00:00,RESEAU CLUBS BOUYGUES TELECOM (RCBT)
93,42303259802500,admissible_et_classe,,2026-10-08T12:26:40.772652+00:00,RESEAU CLUBS BOUYGUES TELECOM (RCBT)
93,42303259802658,admissible_et_classe,,2026-10-08T12:26:40.978995+00:00,RESEAU CLUBS BOUYGUES TELECOM (RCBT)
93,42303259802666,admissible_et_classe,,2026-10-08T12:26:41.183124+00:00,RESEAU CLUBS BOUYGUES TELECOM (RCBT)
94,42303259803151,admissible_et_classe,,2026-10-08T12:33:18.088221+00:00,RESEAU CLUBS BOUYGUES TELECOM (RCBT)
94,42303259803235,admissible_et_classe,,2026-10-08T12:33:18.424674+00:00,RESEAU CLUBS BOUYGUES TELECOM (RCBT)
77,42303259804068,admissible_et_classe,,2026-10-08T12:18:36.588944+00:00,RESEAU CLUBS BOUYGUES TELECOM (RCBT)
94,42322891503961,admissible_et_classe,,2026-10-08T12:33:18.495620+00:00,SONOVA AUDIOLOGICAL CARE FRANCE SAS
94,42322891504100,admissible_et_classe,,2026-10-08T12:33:18.707149+00:00,SONOVA AUDIOLOGICAL CARE FRANCE SAS
93,42322891504779,admissible_et_classe,,2026-10-08T12:26:41.387202+00:00,SONOVA AUDIOLOGICAL CARE FRANCE SAS
93,42322891504787,admissible_et_classe,,2026-10-08T12:26:41.592279+00:00,SONOVA AUDIOLOGICAL CARE FRANCE SAS
93,42322891504795,admissible_et_classe,,2026-10-08T12:26:41.798411+00:00,SONOVA AUDIOLOGICAL CARE FRANCE SAS
77,42322891504936,admissible_et_classe,,2026-10-08T12:18:36.753152+00:00,SONOVA AUDIOLOGICAL CARE FRANCE SAS
77,42323628000016,rejete_au_controle_actuel,sans_position,2026-10-08T12:18:36.948842+00:00,
77,42337933800381,rejete_au_controle_actuel,sans_position,2026-10-08T12:18:37.174399+00:00,
77,42337933800506,rejete_au_controle_actuel,sans_position,2026-10-08T12:18:37.350120+00:00,
77,42376758100014,rejete_au_controle_actuel,sans_position,2026-10-08T12:18:37.695926+00:00,
77,42416354100032,rejete_au_controle_actuel,sans_position,2026-10-08T12:18:37.948770+00:00,
77,42459647600012,rejete_au_controle_actuel,sans_position,2026-10-08T12:18:38.153563+00:00,
77,42488146400020,rejete_au_classement,hors_filtre_nom,2026-10-08T12:18:38.350851+00:00,BLM ERREM (BLM / ERREM)
93,42505055602526,admissible_et_classe,,2026-10-08T12:26:42.003486+00:00,CARGLASS S.A.S. (CARGLASS PARE-BRISE COURBEVOIE)
77,42505055602856,admissible_et_classe,,2026-10-08T12:18:38.577903+00:00,CARGLASS S.A.S. (CARGLASS PARE-BRISE COURBEVOIE)
77,42505055603342,admissible_et_classe,,2026-10-08T12:18:38.771456+00:00,CARGLASS S.A.S. (CARGLASS PARE-BRISE COURBEVOIE)
77,42505055603474,admissible_et_classe,,2026-10-08T12:18:38.988496+00:00,CARGLASS S.A.S. (CARGLASS PARE-BRISE COURBEVOIE)
93,42505055603599,admissible_et_classe,,2026-10-08T12:26:42.210286+00:00,CARGLASS S.A.S. (CARGLASS PARE-BRISE COURBEVOIE)
93,42505055603631,admissible_et_classe,,2026-10-08T12:26:42.412388+00:00,CARGLASS S.A.S. (CARGLASS PARE-BRISE COURBEVOIE)
77,42505055604118,admissible_et_classe,,2026-10-08T12:18:39.304381+00:00,CARGLASS S.A.S. (CARGLASS PARE-BRISE COURBEVOIE)
94,42505055604498,admissible_et_classe,,2026-10-08T12:33:18.905176+00:00,CARGLASS S.A.S. (CARGLASS PARE-BRISE COURBEVOIE)
94,42505055604852,admissible_et_classe,,2026-10-08T12:33:19.105820+00:00,CARGLASS S.A.S. (CARGLASS PARE-BRISE COURBEVOIE)
94,42505055604936,admissible_et_classe,,2026-10-08T12:33:19.428031+00:00,CARGLASS S.A.S. (CARGLASS PARE-BRISE COURBEVOIE)
93,42505055605222,admissible_et_classe,,2026-10-08T12:26:42.618878+00:00,CARGLASS S.A.S. (CARGLASS PARE-BRISE COURBEVOIE)
94,42505055605362,admissible_et_classe,,2026-10-08T12:33:19.504651+00:00,CARGLASS S.A.S. (CARGLASS PARE-BRISE COURBEVOIE)
93,42505055605370,admissible_et_classe,,2026-10-08T12:26:42.822126+00:00,CARGLASS S.A.S. (CARGLASS PARE-BRISE COURBEVOIE)
93,42505055605388,admissible_et_classe,,2026-10-08T12:26:43.029295+00:00,CARGLASS S.A.S. (CARGLASS PARE-BRISE COURBEVOIE)
93,42505055605529,admissible_et_classe,,2026-10-08T12:26:43.232481+00:00,CARGLASS S.A.S. (CARGLASS PARE-BRISE COURBEVOIE)
77,42505055605545,admissible_et_classe,,2026-10-08T12:18:39.374109+00:00,CARGLASS S.A.S. (CARGLASS PARE-BRISE COURBEVOIE)
93,42505055605677,admissible_et_classe,,2026-10-08T12:26:43.436607+00:00,CARGLASS S.A.S. (CARGLASS PARE-BRISE COURBEVOIE)
77,42505055605735,admissible_et_classe,,2026-10-08T12:18:39.593192+00:00,CARGLASS S.A.S. (CARGLASS PARE-BRISE COURBEVOIE)
93,42505055605818,admissible_et_classe,,2026-10-08T12:26:43.642574+00:00,CARGLASS S.A.S. (CARGLASS PARE-BRISE COURBEVOIE)
94,42505055606022,admissible_et_classe,,2026-10-08T12:33:19.715371+00:00,CARGLASS S.A.S. (CARGLASS PARE-BRISE COURBEVOIE)
77,42505055606204,admissible_et_classe,,2026-10-08T12:18:39.801098+00:00,CARGLASS S.A.S. (CARGLASS PARE-BRISE COURBEVOIE)
77,42505055607418,admissible_et_classe,,2026-10-08T12:18:40.009408+00:00,CARGLASS S.A.S. (CARGLASS PARE-BRISE COURBEVOIE)
77,42505055607624,admissible_et_classe,,2026-10-08T12:18:40.200465+00:00,CARGLASS S.A.S. (CARGLASS PARE-BRISE COURBEVOIE)
93,42505055607905,admissible_et_classe,,2026-10-08T12:26:43.845586+00:00,CARGLASS S.A.S. (CARGLASS PARE-BRISE COURBEVOIE)
93,42505055607913,admissible_et_classe,,2026-10-08T12:26:44.053548+00:00,CARGLASS S.A.S. (CARGLASS PARE-BRISE COURBEVOIE)
93,42505055607921,admissible_et_classe,,2026-10-08T12:26:44.254265+00:00,CARGLASS S.A.S. (CARGLASS PARE-BRISE COURBEVOIE)
94,42505055608119,admissible_et_classe,,2026-10-08T12:33:19.948237+00:00,CARGLASS S.A.S. (CARGLASS PARE-BRISE COURBEVOIE)
94,42505055608135,admissible_et_classe,,2026-10-08T12:33:20.128657+00:00,CARGLASS S.A.S. (CARGLASS PARE-BRISE COURBEVOIE)
77,42505055608143,admissible_et_classe,,2026-10-08T12:18:40.542620+00:00,CARGLASS S.A.S. (CARGLASS PARE-BRISE COURBEVOIE)
77,42505055608473,admissible_et_classe,,2026-10-08T12:18:40.611902+00:00,CARGLASS S.A.S. (CARGLASS PARE-BRISE COURBEVOIE)
93,42505055608846,admissible_et_classe,,2026-10-08T12:26:44.460275+00:00,CARGLASS S.A.S. (CARGLASS PARE-BRISE COURBEVOIE)
77,42505055608937,admissible_et_classe,,2026-10-08T12:18:40.811922+00:00,CARGLASS S.A.S. (CARGLASS PARE-BRISE COURBEVOIE)
77,42505055609026,admissible_et_classe,,2026-10-08T12:18:41.012372+00:00,CARGLASS S.A.S. (CARGLASS PARE-BRISE COURBEVOIE)
94,42505055609034,admissible_et_classe,,2026-10-08T12:33:20.340324+00:00,CARGLASS S.A.S. (CARGLASS PARE-BRISE COURBEVOIE)
94,42505055609042,admissible_et_classe,,2026-10-08T12:33:20.624282+00:00,CARGLASS S.A.S. (CARGLASS PARE-BRISE COURBEVOIE)
77,42505055609299,rejete_au_controle_actuel,sans_position,2026-10-08T12:18:41.218531+00:00,
77,42505055609943,admissible_et_classe,,2026-10-08T12:18:41.434672+00:00,CARGLASS S.A.S. (CARGLASS PARE-BRISE COURBEVOIE)
94,42505055611717,admissible_et_classe,,2026-10-08T12:33:20.735950+00:00,CARGLASS S.A.S. (CARGLASS PARE-BRISE COURBEVOIE)
77,42505055612012,admissible_et_classe,,2026-10-08T12:18:41.637186+00:00,CARGLASS S.A.S. (CARGLASS PARE-BRISE COURBEVOIE)
77,42505055612137,admissible_et_classe,,2026-10-08T12:18:41.835698+00:00,CARGLASS S.A.S. (CARGLASS PARE-BRISE COURBEVOIE)
77,42505055612624,admissible_et_classe,,2026-10-08T12:18:42.034678+00:00,CARGLASS S.A.S. (CARGLASS PARE-BRISE COURBEVOIE)
77,42505055612707,admissible_et_classe,,2026-10-08T12:18:42.239904+00:00,CARGLASS S.A.S. (CARGLASS PARE-BRISE COURBEVOIE)
77,42510167200078,rejete_au_controle_actuel,sans_position,2026-10-08T12:18:42.610714+00:00,
94,42510329800047,rejete_au_controle_actuel,sans_position,2026-10-08T12:33:20.926711+00:00,
77,42722051200029,rejete_au_controle_actuel,sans_position,2026-10-08T12:18:42.637624+00:00,
77,42826802300499,admissible_et_classe,,2026-10-08T12:18:42.858904+00:00,DISTRIBUTION CASINO FRANCE (DCF)
77,42826802330694,admissible_et_classe,,2026-10-08T12:18:43.056212+00:00,DISTRIBUTION CASINO FRANCE (DCF)
93,42826802335560,admissible_et_classe,,2026-10-08T12:26:44.664764+00:00,DISTRIBUTION CASINO FRANCE (DCF)
94,42826802343523,admissible_et_classe,,2026-10-08T12:33:21.181431+00:00,DISTRIBUTION CASINO FRANCE (DCF)
77,42826802343770,admissible_et_classe,,2026-10-08T12:18:43.254841+00:00,DISTRIBUTION CASINO FRANCE (DCF)
93,42855996701014,admissible_et_classe,,2026-10-08T12:26:44.870934+00:00,COURIR FRANCE (COURIR)
93,42855996701022,admissible_et_classe,,2026-10-08T12:26:45.078837+00:00,COURIR FRANCE (COURIR)
77,42855996701394,admissible_et_classe,,2026-10-08T12:18:43.465596+00:00,COURIR FRANCE (COURIR)
77,42855996701410,admissible_et_classe,,2026-10-08T12:18:43.658890+00:00,COURIR FRANCE (COURIR)
77,42855996701873,admissible_et_classe,,2026-10-08T12:18:43.857922+00:00,COURIR FRANCE (COURIR)
77,42855996701956,admissible_et_classe,,2026-10-08T12:18:44.061368+00:00,COURIR FRANCE (COURIR)
93,42855996702244,admissible_et_classe,,2026-10-08T10:37:08.059946+00:00,COURIR FRANCE (COURIR)
77,42855996702392,admissible_et_classe,,2026-10-08T10:36:20.365183+00:00,COURIR FRANCE (COURIR)
77,42855996702541,admissible_et_classe,,2026-10-08T10:36:20.559274+00:00,COURIR FRANCE (COURIR)
94,42855996702723,admissible_et_classe,,2026-10-08T10:38:07.309210+00:00,COURIR FRANCE (COURIR)
94,42855996703283,admissible_et_classe,,2026-10-08T12:33:21.360432+00:00,COURIR FRANCE (COURIR)
77,42861348300018,rejete_au_controle_actuel,sans_position,2026-10-08T12:18:44.414170+00:00,
77,42927086100017,rejete_au_controle_actuel,sans_position,2026-10-08T12:18:44.624697+00:00,
77,42991164700015,rejete_au_controle_actuel,sans_position,2026-10-08T12:18:44.670263+00:00,
77,42995529700883,admissible_et_classe,,2026-10-08T10:36:20.790889+00:00,MANPOWER FRANCE
77,42995529700925,admissible_et_classe,,2026-10-08T10:36:20.997133+00:00,MANPOWER FRANCE
77,42995529700982,admissible_et_classe,,2026-10-08T10:36:21.341659+00:00,MANPOWER FRANCE
77,42995529702087,admissible_et_classe,,2026-10-08T12:18:44.931022+00:00,MANPOWER FRANCE
77,42995529702590,admissible_et_classe,,2026-10-08T12:18:45.344601+00:00,MANPOWER FRANCE
94,42995529702665,admissible_et_classe,,2026-10-08T10:38:07.502346+00:00,MANPOWER FRANCE
77,42995529712813,admissible_et_classe,,2026-10-08T12:18:45.490457+00:00,MANPOWER FRANCE
77,42995529713332,admissible_et_classe,,2026-10-08T12:18:45.478576+00:00,MANPOWER FRANCE
77,42995529713837,admissible_et_classe,,2026-10-08T12:18:45.785702+00:00,MANPOWER FRANCE
77,42995529713985,admissible_et_classe,,2026-10-08T12:18:45.973121+00:00,MANPOWER FRANCE
77,42995529714033,admissible_et_classe,,2026-10-08T12:18:46.098092+00:00,MANPOWER FRANCE
77,42995529714868,admissible_et_classe,,2026-10-08T12:18:46.296983+00:00,MANPOWER FRANCE
77,42995529714967,admissible_et_classe,,2026-10-08T12:18:46.530530+00:00,MANPOWER FRANCE
77,43014697700011,rejete_au_controle_actuel,sans_position,2026-10-08T12:18:46.700530+00:00,
77,43019360700016,rejete_au_controle_actuel,sans_position,2026-10-08T12:18:46.895239+00:00,
77,43124006800020,rejete_au_controle_actuel,sans_position,2026-10-08T12:18:47.100801+00:00,
77,43139259600018,rejete_au_controle_actuel,sans_position,2026-10-08T12:18:47.367427+00:00,
77,43187238100030,rejete_au_controle_actuel,sans_position,2026-10-08T12:18:47.574209+00:00,
77,43198246100011,admissible_et_classe,,2026-10-08T10:36:21.401820+00:00,MON VETO
77,43198246100029,admissible_et_classe,,2026-10-08T10:36:21.609898+00:00,MON VETO
77,43198246100490,admissible_et_classe,,2026-10-08T10:36:21.822860+00:00,MON VETO
94,43198246100573,admissible_et_classe,,2026-10-08T10:38:07.730353+00:00,MON VETO
77,43198246100722,admissible_et_classe,,2026-10-08T10:36:22.010299+00:00,MON VETO
77,43198246100730,admissible_et_classe,,2026-10-08T10:36:22.216100+00:00,MON VETO
77,43198246100888,admissible_et_classe,,2026-10-08T10:36:22.426383+00:00,MON VETO
77,43198246100896,admissible_et_classe,,2026-10-08T10:36:22.632675+00:00,MON VETO
94,43198246100979,admissible_et_classe,,2026-10-08T10:38:08.064635+00:00,MON VETO
94,43198246100987,admissible_et_classe,,2026-10-08T10:38:08.151654+00:00,MON VETO
93,43198246101084,admissible_et_classe,,2026-10-08T12:26:45.279747+00:00,MON VETO
93,43198246101423,admissible_et_classe,,2026-10-08T12:26:45.519035+00:00,MON VETO
94,43198246101910,admissible_et_classe,,2026-10-08T12:33:21.770407+00:00,MON VETO
77,43198246103320,admissible_et_classe,,2026-10-08T12:18:47.734129+00:00,MON VETO
94,43198246103429,admissible_et_classe,,2026-10-08T12:33:21.962574+00:00,MON VETO
94,43198246103437,admissible_et_classe,,2026-10-08T12:33:22.189449+00:00,MON VETO
77,43198246103585,admissible_et_classe,,2026-10-08T12:18:47.957897+00:00,MON VETO
77,43214123200012,rejete_au_controle_actuel,sans_position,2026-10-08T12:18:48.119135+00:00,
77,43223261900010,rejete_au_controle_actuel,sans_position,2026-10-08T12:18:48.376789+00:00,
77,43223267600010,rejete_au_controle_actuel,sans_position,2026-10-08T12:18:48.523769+00:00,
77,43286911300014,rejete_au_controle_actuel,sans_position,2026-10-08T12:18:49.943083+00:00,
77,43325083401232,rejete_au_classement,hors_filtre_nom,2026-10-08T12:18:50.147018+00:00,DEKRA INDUSTRIAL
94,43325083401836,rejete_au_classement,hors_filtre_nom,2026-10-08T12:33:22.378195+00:00,DEKRA INDUSTRIAL
77,43369186201057,admissible_et_classe,,2026-10-08T12:18:50.361696+00:00,ID LOGISTICS FRANCE
77,43369186201222,admissible_et_classe,,2026-10-08T12:18:50.561688+00:00,ID LOGISTICS FRANCE
77,43369186201263,admissible_et_classe,,2026-10-08T12:18:50.764945+00:00,ID LOGISTICS FRANCE
93,43369186201354,admissible_et_classe,,2026-10-08T12:26:45.689797+00:00,ID LOGISTICS FRANCE
77,43369186201396,admissible_et_classe,,2026-10-08T12:18:50.970119+00:00,ID LOGISTICS FRANCE
77,43369186201446,admissible_et_classe,,2026-10-08T12:18:51.174140+00:00,ID LOGISTICS FRANCE
77,43374453900159,admissible_et_classe,,2026-10-08T12:18:51.439560+00:00,ELECTRO DEPOT FRANCE
77,43374453900373,admissible_et_classe,,2026-10-08T12:18:51.589589+00:00,ELECTRO DEPOT FRANCE
93,43374453900811,admissible_et_classe,,2026-10-08T12:26:45.895421+00:00,ELECTRO DEPOT FRANCE
93,43374453900951,admissible_et_classe,,2026-10-08T12:26:46.098370+00:00,ELECTRO DEPOT FRANCE
77,43390964500015,rejete_au_controle_actuel,sans_position,2026-10-08T12:18:51.799783+00:00,
77,43395769301428,admissible_et_classe,,2026-10-08T12:18:51.987067+00:00,SANTE RESTAURATION SERVICES (ANTHEMIS)
93,43395769301659,admissible_et_classe,,2026-10-08T12:26:46.302674+00:00,SANTE RESTAURATION SERVICES (ANTHEMIS)
77,43395769301956,admissible_et_classe,,2026-10-08T12:18:52.195434+00:00,SANTE RESTAURATION SERVICES (ANTHEMIS)
93,43395769302178,admissible_et_classe,,2026-10-08T12:26:46.508761+00:00,SANTE RESTAURATION SERVICES (ANTHEMIS)
77,43395769302343,admissible_et_classe,,2026-10-08T12:18:52.392169+00:00,SANTE RESTAURATION SERVICES (ANTHEMIS)
93,43395769302376,admissible_et_classe,,2026-10-08T12:26:46.712509+00:00,SANTE RESTAURATION SERVICES (ANTHEMIS)
93,43395769302525,admissible_et_classe,,2026-10-08T12:26:46.918971+00:00,SANTE RESTAURATION SERVICES (ANTHEMIS)
94,43395769302590,admissible_et_classe,,2026-10-08T12:33:22.574369+00:00,SANTE RESTAURATION SERVICES (ANTHEMIS)
94,43395769302632,admissible_et_classe,,2026-10-08T12:33:22.786851+00:00,SANTE RESTAURATION SERVICES (ANTHEMIS)
93,43395769302756,admissible_et_classe,,2026-10-08T12:26:47.122811+00:00,SANTE RESTAURATION SERVICES (ANTHEMIS)
94,43395769302822,admissible_et_classe,,2026-10-08T12:33:22.980518+00:00,SANTE RESTAURATION SERVICES (ANTHEMIS)
77,43395769302897,admissible_et_classe,,2026-10-08T12:18:52.626297+00:00,SANTE RESTAURATION SERVICES (ANTHEMIS)
93,43395769303036,admissible_et_classe,,2026-10-08T12:26:47.328854+00:00,SANTE RESTAURATION SERVICES (ANTHEMIS)
94,43395769303093,admissible_et_classe,,2026-10-08T12:33:23.202711+00:00,SANTE RESTAURATION SERVICES (ANTHEMIS)
77,43395769303150,admissible_et_classe,,2026-10-08T12:18:52.800239+00:00,SANTE RESTAURATION SERVICES (ANTHEMIS)
93,43395769303309,admissible_et_classe,,2026-10-08T12:26:47.533337+00:00,SANTE RESTAURATION SERVICES (ANTHEMIS)
94,43395769303440,admissible_et_classe,,2026-10-08T12:33:23.568706+00:00,SANTE RESTAURATION SERVICES (ANTHEMIS)
93,43395769303457,admissible_et_classe,,2026-10-08T12:26:47.739159+00:00,SANTE RESTAURATION SERVICES (ANTHEMIS)
77,43395769303564,admissible_et_classe,,2026-10-08T12:18:52.998883+00:00,SANTE RESTAURATION SERVICES (ANTHEMIS)
77,43395769303572,admissible_et_classe,,2026-10-08T12:18:53.208773+00:00,SANTE RESTAURATION SERVICES (ANTHEMIS)
77,43395769303580,admissible_et_classe,,2026-10-08T12:18:53.414891+00:00,SANTE RESTAURATION SERVICES (ANTHEMIS)
77,43395769303598,admissible_et_classe,,2026-10-08T12:18:53.936241+00:00,SANTE RESTAURATION SERVICES (ANTHEMIS)
77,43395769303606,admissible_et_classe,,2026-10-08T12:18:53.898221+00:00,SANTE RESTAURATION SERVICES (ANTHEMIS)
77,43395769303614,admissible_et_classe,,2026-10-08T12:18:54.018587+00:00,SANTE RESTAURATION SERVICES (ANTHEMIS)
77,43395769303689,admissible_et_classe,,2026-10-08T12:18:54.399213+00:00,SANTE RESTAURATION SERVICES (ANTHEMIS)
93,43395769303697,admissible_et_classe,,2026-10-08T12:26:47.936049+00:00,SANTE RESTAURATION SERVICES (ANTHEMIS)
94,43395769305239,admissible_et_classe,,2026-10-08T12:33:23.603852+00:00,SANTE RESTAURATION SERVICES (ANTHEMIS)
77,43395769305312,admissible_et_classe,,2026-10-08T12:18:54.422226+00:00,SANTE RESTAURATION SERVICES (ANTHEMIS)
93,43395769305478,admissible_et_classe,,2026-10-08T12:26:48.147421+00:00,SANTE RESTAURATION SERVICES (ANTHEMIS)
93,43395769305486,admissible_et_classe,,2026-10-08T12:26:48.354844+00:00,SANTE RESTAURATION SERVICES (ANTHEMIS)
93,43395769305494,admissible_et_classe,,2026-10-08T12:26:48.560276+00:00,SANTE RESTAURATION SERVICES (ANTHEMIS)
94,43395769305924,admissible_et_classe,,2026-10-08T12:33:23.817565+00:00,SANTE RESTAURATION SERVICES (ANTHEMIS)
93,43395769306062,admissible_et_classe,,2026-10-08T12:26:48.760045+00:00,SANTE RESTAURATION SERVICES (ANTHEMIS)
93,43395769306112,admissible_et_classe,,2026-10-08T12:26:48.966530+00:00,SANTE RESTAURATION SERVICES (ANTHEMIS)
93,43395769306120,admissible_et_classe,,2026-10-08T12:26:49.172058+00:00,SANTE RESTAURATION SERVICES (ANTHEMIS)
77,43395769306245,admissible_et_classe,,2026-10-08T12:18:54.621817+00:00,SANTE RESTAURATION SERVICES (ANTHEMIS)
77,43395769306724,admissible_et_classe,,2026-10-08T12:18:54.861638+00:00,SANTE RESTAURATION SERVICES (ANTHEMIS)
77,43395769306732,admissible_et_classe,,2026-10-08T12:18:55.034691+00:00,SANTE RESTAURATION SERVICES (ANTHEMIS)
77,43395769306781,admissible_et_classe,,2026-10-08T12:18:55.241002+00:00,SANTE RESTAURATION SERVICES (ANTHEMIS)
77,43395769307045,admissible_et_classe,,2026-10-08T12:18:55.438552+00:00,SANTE RESTAURATION SERVICES (ANTHEMIS)
94,43396117401027,admissible_et_classe,,2026-10-08T12:33:23.995838+00:00,BANQUE BCP
94,43396117401043,admissible_et_classe,,2026-10-08T12:33:24.213383+00:00,BANQUE BCP
93,43396117401076,admissible_et_classe,,2026-10-08T12:26:49.304620+00:00,BANQUE BCP
94,43396117401084,admissible_et_classe,,2026-10-08T12:33:24.409972+00:00,BANQUE BCP
94,43396117401092,admissible_et_classe,,2026-10-08T12:33:24.617792+00:00,BANQUE BCP
77,43396117401100,admissible_et_classe,,2026-10-08T12:18:55.626197+00:00,BANQUE BCP
93,43396117401118,admissible_et_classe,,2026-10-08T12:26:49.479241+00:00,BANQUE BCP
93,43396117401134,admissible_et_classe,,2026-10-08T12:26:49.683384+00:00,BANQUE BCP
77,43397719600016,rejete_au_controle_actuel,sans_position,2026-10-08T12:18:55.827483+00:00,
94,43399890300044,rejete_au_classement,hors_filtre_nom,2026-10-08T12:33:24.818054+00:00,DOCAPOSTE CERTINOMIS (CERTINOMIS)
93,43399935600028,admissible_et_classe,,2026-10-08T12:26:49.887595+00:00,RANDSTAD (RANDSTAD INHOUSE)
93,43399935600267,admissible_et_classe,,2026-10-08T12:26:50.101798+00:00,RANDSTAD (RANDSTAD INHOUSE)
77,43399935608153,admissible_et_classe,,2026-10-08T12:18:56.053391+00:00,RANDSTAD (RANDSTAD INHOUSE)
77,43399935608625,admissible_et_classe,,2026-10-08T12:18:56.249490+00:00,RANDSTAD (RANDSTAD INHOUSE)
94,43399935611850,admissible_et_classe,,2026-10-08T12:33:25.038321+00:00,RANDSTAD (RANDSTAD INHOUSE)
94,43399935611868,admissible_et_classe,,2026-10-08T12:33:25.244166+00:00,RANDSTAD (RANDSTAD INHOUSE)
77,43399935611918,admissible_et_classe,,2026-10-08T12:18:56.457530+00:00,RANDSTAD (RANDSTAD INHOUSE)
77,43399935612890,admissible_et_classe,,2026-10-08T12:18:56.656087+00:00,RANDSTAD (RANDSTAD INHOUSE)
93,43399935615109,admissible_et_classe,,2026-10-08T12:26:50.296569+00:00,RANDSTAD (RANDSTAD INHOUSE)
77,43399935615364,admissible_et_classe,,2026-10-08T12:18:56.995229+00:00,RANDSTAD (RANDSTAD INHOUSE)
77,43399935615372,admissible_et_classe,,2026-10-08T12:18:57.068265+00:00,RANDSTAD (RANDSTAD INHOUSE)
77,43399935615398,admissible_et_classe,,2026-10-08T12:18:57.280910+00:00,RANDSTAD (RANDSTAD INHOUSE)
77,43399935615703,admissible_et_classe,,2026-10-08T12:18:57.475780+00:00,RANDSTAD (RANDSTAD INHOUSE)
77,43399935615711,admissible_et_classe,,2026-10-08T12:18:57.668508+00:00,RANDSTAD (RANDSTAD INHOUSE)
77,43399935616057,admissible_et_classe,,2026-10-08T12:18:58.006603+00:00,RANDSTAD (RANDSTAD INHOUSE)
77,43399935616792,admissible_et_classe,,2026-10-08T12:18:58.185419+00:00,RANDSTAD (RANDSTAD INHOUSE)
77,43399935617006,admissible_et_classe,,2026-10-08T12:18:58.275258+00:00,RANDSTAD (RANDSTAD INHOUSE)
77,43399935617279,admissible_et_classe,,2026-10-08T12:18:58.490923+00:00,RANDSTAD (RANDSTAD INHOUSE)
77,43399935617436,admissible_et_classe,,2026-10-08T12:18:58.703174+00:00,RANDSTAD (RANDSTAD INHOUSE)
77,43399935617725,admissible_et_classe,,2026-10-08T12:18:58.891421+00:00,RANDSTAD (RANDSTAD INHOUSE)
77,43399935618129,admissible_et_classe,,2026-10-08T12:18:59.115091+00:00,RANDSTAD (RANDSTAD INHOUSE)
77,43399935618855,admissible_et_classe,,2026-10-08T12:18:59.302704+00:00,RANDSTAD (RANDSTAD INHOUSE)
77,43399935619010,admissible_et_classe,,2026-10-08T12:18:59.509270+00:00,RANDSTAD (RANDSTAD INHOUSE)
93,43399935619044,admissible_et_classe,,2026-10-08T12:26:50.492644+00:00,RANDSTAD (RANDSTAD INHOUSE)
77,43399935619168,admissible_et_classe,,2026-10-08T12:18:59.705709+00:00,RANDSTAD (RANDSTAD INHOUSE)
77,43399935619994,admissible_et_classe,,2026-10-08T12:18:59.908872+00:00,RANDSTAD (RANDSTAD INHOUSE)
77,43400419801403,admissible_et_classe,,2026-10-08T10:36:22.832360+00:00,TEREVA
77,43401148200032,rejete_au_controle_actuel,sans_position,2026-10-08T12:19:00.116006+00:00,
94,43489843300074,rejete_au_classement,hors_filtre_nom,2026-10-08T12:33:25.429684+00:00,CIET
77,43506159300016,rejete_au_controle_actuel,sans_position,2026-10-08T12:19:00.324867+00:00,
77,43528598600012,rejete_au_controle_actuel,sans_position,2026-10-08T12:19:00.511481+00:00,
93,43772384400043,admissible_et_classe,,2026-10-08T12:26:50.673552+00:00,ORANGE STORE
77,43772384405208,admissible_et_classe,,2026-10-08T12:19:00.724152+00:00,ORANGE STORE
94,43772384405851,admissible_et_classe,,2026-10-08T10:38:08.333374+00:00,ORANGE STORE
94,43772384408335,admissible_et_classe,,2026-10-08T12:33:25.639162+00:00,ORANGE STORE
77,43772384408442,admissible_et_classe,,2026-10-08T12:19:00.941058+00:00,ORANGE STORE
93,43772384408491,admissible_et_classe,,2026-10-08T12:26:50.875237+00:00,ORANGE STORE
93,43772384408533,admissible_et_classe,,2026-10-08T12:26:51.157083+00:00,ORANGE STORE
93,43772384408897,admissible_et_classe,,2026-10-08T12:26:51.286961+00:00,ORANGE STORE
94,43772384408913,admissible_et_classe,,2026-10-08T12:33:25.853483+00:00,ORANGE STORE
93,43772384409028,admissible_et_classe,,2026-10-08T12:26:51.471160+00:00,ORANGE STORE
77,43772384409192,admissible_et_classe,,2026-10-08T12:19:01.122360+00:00,ORANGE STORE
77,43772384409226,admissible_et_classe,,2026-10-08T12:19:01.325780+00:00,ORANGE STORE
77,43773790100805,admissible_et_classe,,2026-10-08T12:19:01.534485+00:00,HEBDOS COMMUNICATION (HEBDOS COMMUNICATION)
77,43773790100912,admissible_et_classe,,2026-10-08T12:19:01.742476+00:00,HEBDOS COMMUNICATION (HEBDOS COMMUNICATION)
77,43774189500019,rejete_au_controle_actuel,sans_position,2026-10-08T12:19:01.959730+00:00,
77,43789825700013,rejete_au_controle_actuel,sans_position,2026-10-08T12:19:02.131084+00:00,
77,43835567900053,rejete_au_classement,hors_filtre_nom,2026-10-08T12:19:02.346957+00:00,MBG SERVICES (MBGS)
77,43845281500030,rejete_au_classement,hors_filtre_nom,2026-10-08T12:19:02.538733+00:00,D.C. INGENIERIE (DIAGNOSTIC CONSEIL INGENIERIE) SARL
77,43897368700017,rejete_au_controle_actuel,sans_position,2026-10-08T12:19:02.798248+00:00,
77,43904746500018,rejete_au_controle_actuel,sans_position,2026-10-08T12:19:02.948075+00:00,
94,43937050300047,rejete_au_classement,hors_filtre_nom,2026-10-08T12:33:26.257794+00:00,BAT' EXPERT. LE CLOS ET LE COUVERT
77,43944676600016,rejete_au_controle_actuel,sans_position,2026-10-08T12:19:03.149682+00:00,
94,43953365400018,rejete_au_controle_actuel,ferme_ou_autre_departement,2026-10-08T12:33:26.452590+00:00,
77,43970992400054,rejete_au_controle_actuel,sans_position,2026-10-08T12:19:03.363241+00:00,
77,43979093200016,rejete_au_controle_actuel,sans_position,2026-10-08T12:19:03.582253+00:00,
94,43997564001408,admissible_et_classe,,2026-10-08T10:38:08.521006+00:00,FONDATION PARTAGE ET VIE
94,44026717701117,admissible_et_classe,,2026-10-08T12:33:26.666112+00:00,AXIMA REFRIGERATION FRANCE (QUIRI REFRIGERATION)
94,44026717701356,admissible_et_classe,,2026-10-08T12:33:26.819377+00:00,AXIMA REFRIGERATION FRANCE (QUIRI REFRIGERATION)
94,44026717701398,admissible_et_classe,,2026-10-08T12:33:27.055152+00:00,AXIMA REFRIGERATION FRANCE (QUIRI REFRIGERATION)
77,44028375200259,admissible_et_classe,,2026-10-08T10:36:23.031632+00:00,CSF
77,44028375200267,admissible_et_classe,,2026-10-08T10:36:23.241901+00:00,CSF
94,44028375201448,admissible_et_classe,,2026-10-08T10:38:08.734126+00:00,CSF
94,44028375202925,admissible_et_classe,,2026-10-08T12:33:27.272536+00:00,CSF
77,44028375205035,admissible_et_classe,,2026-10-08T12:19:03.780049+00:00,CSF
94,44028375205134,admissible_et_classe,,2026-10-08T12:33:27.433683+00:00,CSF
94,44028375205142,admissible_et_classe,,2026-10-08T12:33:27.634679+00:00,CSF
77,44028375205167,admissible_et_classe,,2026-10-08T12:19:03.988215+00:00,CSF
77,44028375205175,admissible_et_classe,,2026-10-08T12:19:04.222525+00:00,CSF
93,44028375205324,admissible_et_classe,,2026-10-08T12:26:51.696980+00:00,CSF
77,44028375206173,admissible_et_classe,,2026-10-08T12:19:04.390047+00:00,CSF
94,44028375206231,admissible_et_classe,,2026-10-08T12:33:28.030480+00:00,CSF
77,44028375206827,admissible_et_classe,,2026-10-08T12:19:04.587573+00:00,CSF
77,44028375206959,admissible_et_classe,,2026-10-08T12:19:04.792306+00:00,CSF
77,44028375207205,admissible_et_classe,,2026-10-08T12:19:04.985446+00:00,CSF
93,44028375207841,admissible_et_classe,,2026-10-08T12:26:51.891351+00:00,CSF
77,44028375208526,admissible_et_classe,,2026-10-08T12:19:05.203664+00:00,CSF
77,44028375208658,admissible_et_classe,,2026-10-08T12:19:05.396185+00:00,CSF
77,44028375208674,admissible_et_classe,,2026-10-08T12:19:05.746804+00:00,CSF
77,44028375208716,admissible_et_classe,,2026-10-08T12:19:05.805488+00:00,CSF
77,44028375208724,admissible_et_classe,,2026-10-08T12:19:06.043850+00:00,CSF
93,44028375209227,admissible_et_classe,,2026-10-08T12:26:52.081437+00:00,CSF
77,44031433400028,rejete_au_classement,hors_filtre_nom,2026-10-08T12:19:06.216808+00:00,NEW VISION TECHNOLOGIES
77,44053494900019,rejete_au_controle_actuel,sans_position,2026-10-08T12:19:06.436834+00:00,
77,44094857800487,admissible_et_classe,,2026-10-08T10:36:23.457155+00:00,CARTER-CASH
77,44094857800636,admissible_et_classe,,2026-10-08T10:36:23.654522+00:00,CARTER-CASH
77,44094857800669,admissible_et_classe,,2026-10-08T10:36:23.864790+00:00,CARTER-CASH
77,44094857800842,admissible_et_classe,,2026-10-08T10:36:24.064240+00:00,CARTER-CASH
77,44094857800925,admissible_et_classe,,2026-10-08T10:36:24.328614+00:00,CARTER-CASH
77,44125949600012,rejete_au_controle_actuel,sans_position,2026-10-08T12:19:06.612672+00:00,
77,44155961400041,rejete_au_controle_actuel,sans_position,2026-10-08T12:19:06.806733+00:00,
77,44155961400058,rejete_au_controle_actuel,sans_position,2026-10-08T12:19:07.112347+00:00,
77,44209054400010,rejete_au_controle_actuel,sans_position,2026-10-08T12:19:07.213067+00:00,
94,44284892500065,rejete_au_classement,hors_filtre_nom,2026-10-08T12:33:28.060965+00:00,QUALICONSULT EXPLOITATION
93,44284892501006,rejete_au_classement,hors_filtre_nom,2026-10-08T12:26:53.048800+00:00,QUALICONSULT EXPLOITATION
77,44284892501121,rejete_au_classement,hors_filtre_nom,2026-10-08T12:19:07.443816+00:00,QUALICONSULT EXPLOITATION
77,44308212800028,rejete_au_controle_actuel,sans_position,2026-10-08T12:19:07.621672+00:00,
77,44350833800011,rejete_au_controle_actuel,sans_position,2026-10-08T12:19:07.866494+00:00,
94,44374879300033,rejete_au_classement,hors_filtre_nom,2026-10-08T12:33:28.244640+00:00,YSEIS
77,44389046200015,rejete_au_controle_actuel,sans_position,2026-10-08T12:19:08.030408+00:00,
93,44391877602301,admissible_et_classe,,2026-10-08T12:26:53.175259+00:00,ZEEMAN TEXTIELSUPERS
77,44391877602467,admissible_et_classe,,2026-10-08T12:19:08.247660+00:00,ZEEMAN TEXTIELSUPERS
93,44391877602509,admissible_et_classe,,2026-10-08T12:26:53.307256+00:00,ZEEMAN TEXTIELSUPERS
93,44391877602608,admissible_et_classe,,2026-10-08T12:26:53.512520+00:00,ZEEMAN TEXTIELSUPERS
77,44391877603051,admissible_et_classe,,2026-10-08T12:19:08.449083+00:00,ZEEMAN TEXTIELSUPERS
77,44391877603069,admissible_et_classe,,2026-10-08T12:19:08.660337+00:00,ZEEMAN TEXTIELSUPERS
93,44391877603291,admissible_et_classe,,2026-10-08T12:26:53.719954+00:00,ZEEMAN TEXTIELSUPERS
94,44391877603465,admissible_et_classe,,2026-10-08T12:33:28.592599+00:00,ZEEMAN TEXTIELSUPERS
93,44391877603531,admissible_et_classe,,2026-10-08T12:26:53.920934+00:00,ZEEMAN TEXTIELSUPERS
77,44391877603580,admissible_et_classe,,2026-10-08T12:19:09.045352+00:00,ZEEMAN TEXTIELSUPERS
77,44391877603655,admissible_et_classe,,2026-10-08T12:19:09.048481+00:00,ZEEMAN TEXTIELSUPERS
77,44391877604075,admissible_et_classe,,2026-10-08T12:19:09.246838+00:00,ZEEMAN TEXTIELSUPERS
77,44391877604109,admissible_et_classe,,2026-10-08T12:19:09.473177+00:00,ZEEMAN TEXTIELSUPERS
93,44391877604299,admissible_et_classe,,2026-10-08T12:26:54.136506+00:00,ZEEMAN TEXTIELSUPERS
77,44411909300011,rejete_au_controle_actuel,sans_position,2026-10-08T12:19:09.658816+00:00,
93,44420070300064,rejete_au_controle_actuel,sans_position,2026-10-08T12:26:54.326622+00:00,
77,44442083001182,admissible_et_classe,,2026-10-08T10:36:24.532357+00:00,DPD FRANCE
94,44442083001554,admissible_et_classe,,2026-10-08T10:38:08.931437+00:00,DPD FRANCE
77,44458012000020,rejete_au_controle_actuel,sans_position,2026-10-08T12:19:09.853682+00:00,
93,44460046402032,admissible_et_classe,,2026-10-08T12:26:54.661790+00:00,MAISON 123
93,44460046402115,admissible_et_classe,,2026-10-08T12:26:54.720424+00:00,MAISON 123
94,44460046402297,admissible_et_classe,,2026-10-08T12:33:28.680685+00:00,MAISON 123
77,44460046402446,admissible_et_classe,,2026-10-08T12:19:10.079945+00:00,MAISON 123
94,44460844209019,admissible_et_classe,,2026-10-08T12:33:28.874841+00:00,ENEDIS
94,44460844209027,admissible_et_classe,,2026-10-08T12:33:29.073553+00:00,ENEDIS
94,44460844209035,admissible_et_classe,,2026-10-08T12:33:29.271673+00:00,ENEDIS
94,44460844209183,admissible_et_classe,,2026-10-08T12:33:29.494422+00:00,ENEDIS
77,44460844210272,admissible_et_classe,,2026-10-08T12:19:10.277389+00:00,ENEDIS
77,44460844210298,admissible_et_classe,,2026-10-08T12:19:10.611032+00:00,ENEDIS
77,44460844210322,admissible_et_classe,,2026-10-08T12:19:10.689230+00:00,ENEDIS
77,44460844211064,admissible_et_classe,,2026-10-08T12:19:10.889032+00:00,ENEDIS
77,44460844211072,admissible_et_classe,,2026-10-08T12:19:11.090509+00:00,ENEDIS
77,44460844211718,admissible_et_classe,,2026-10-08T12:19:11.290652+00:00,ENEDIS
93,44460844212112,admissible_et_classe,,2026-10-08T12:26:54.929170+00:00,ENEDIS
93,44460844212138,admissible_et_classe,,2026-10-08T12:26:55.123264+00:00,ENEDIS
94,44460844212310,admissible_et_classe,,2026-10-08T12:33:29.699061+00:00,ENEDIS
93,44460844212757,admissible_et_classe,,2026-10-08T12:26:55.335753+00:00,ENEDIS
93,44460844212781,admissible_et_classe,,2026-10-08T12:26:55.548125+00:00,ENEDIS
94,44460844212815,admissible_et_classe,,2026-10-08T12:33:29.897177+00:00,ENEDIS
77,44460844213516,admissible_et_classe,,2026-10-08T12:19:11.496449+00:00,ENEDIS
93,44460844213706,admissible_et_classe,,2026-10-08T12:26:55.744891+00:00,ENEDIS
93,44460844214415,admissible_et_classe,,2026-10-08T12:26:55.957356+00:00,ENEDIS
77,44460844215511,admissible_et_classe,,2026-10-08T12:19:11.697681+00:00,ENEDIS
93,44469850000485,rejete_au_controle_actuel,sans_position,2026-10-08T12:26:56.159725+00:00,
77,44478651100659,admissible_et_classe,,2026-10-08T12:19:11.936997+00:00,GRDF
77,44478651101962,admissible_et_classe,,2026-10-08T12:19:12.105478+00:00,GRDF
94,44478651103133,admissible_et_classe,,2026-10-08T10:38:09.137595+00:00,GRDF
94,44478651103158,admissible_et_classe,,2026-10-08T10:38:09.362526+00:00,GRDF
94,44478651103166,admissible_et_classe,,2026-10-08T10:38:09.623288+00:00,GRDF
93,44478651103943,admissible_et_classe,,2026-10-08T10:37:08.258709+00:00,GRDF
93,44478651103950,admissible_et_classe,,2026-10-08T10:37:08.595065+00:00,GRDF
93,44478651105856,admissible_et_classe,,2026-10-08T12:26:56.361096+00:00,GRDF
94,44478651105864,admissible_et_classe,,2026-10-08T12:33:30.093458+00:00,GRDF
93,44478651107217,admissible_et_classe,,2026-10-08T12:26:56.566675+00:00,GRDF
93,44478651107233,admissible_et_classe,,2026-10-08T12:26:56.832989+00:00,GRDF
93,44478651107332,admissible_et_classe,,2026-10-08T12:26:56.982084+00:00,GRDF
77,44506551900057,rejete_au_classement,hors_filtre_nom,2026-10-08T12:19:12.505600+00:00,ULTRA RS
94,44510667700054,rejete_au_classement,hors_filtre_nom,2026-10-08T12:33:30.304833+00:00,BATIMO CONSEIL
77,44513738300011,rejete_au_controle_actuel,sans_position,2026-10-08T12:19:12.781282+00:00,
94,44516810700081,rejete_au_controle_actuel,sans_position,2026-10-08T12:33:30.504915+00:00,
77,44533010300539,admissible_et_classe,,2026-10-08T10:36:24.736462+00:00,CAFE SIRENE FRANCE (STARBUCKS COFFEE)
93,44533010300794,admissible_et_classe,,2026-10-08T10:37:08.664678+00:00,CAFE SIRENE FRANCE (STARBUCKS COFFEE)
93,44533010300885,admissible_et_classe,,2026-10-08T10:37:08.876199+00:00,CAFE SIRENE FRANCE (STARBUCKS COFFEE)
77,44533010300927,admissible_et_classe,,2026-10-08T10:36:24.941232+00:00,CAFE SIRENE FRANCE (STARBUCKS COFFEE)
93,44533010300935,admissible_et_classe,,2026-10-08T10:37:09.080690+00:00,CAFE SIRENE FRANCE (STARBUCKS COFFEE)
77,44760506400073,rejete_au_classement,hors_filtre_nom,2026-10-08T12:19:12.911552+00:00,BA DIAGNOSTIC
94,44781860001323,admissible_et_classe,,2026-10-08T12:33:30.726907+00:00,EVANCIA (BABILOU)
94,44781860001331,admissible_et_classe,,2026-10-08T12:33:30.921862+00:00,EVANCIA (BABILOU)
77,44781860001653,admissible_et_classe,,2026-10-08T12:19:13.128896+00:00,EVANCIA (BABILOU)
77,44781860001943,admissible_et_classe,,2026-10-08T12:19:13.318914+00:00,EVANCIA (BABILOU)
94,44781860002065,admissible_et_classe,,2026-10-08T12:33:31.365875+00:00,EVANCIA (BABILOU)
93,44781860002099,admissible_et_classe,,2026-10-08T12:26:57.221422+00:00,EVANCIA (BABILOU)
93,44781860002115,admissible_et_classe,,2026-10-08T12:26:57.385642+00:00,EVANCIA (BABILOU)
93,44781860002123,admissible_et_classe,,2026-10-08T12:26:57.594050+00:00,EVANCIA (BABILOU)
93,44781860002131,admissible_et_classe,,2026-10-08T12:26:57.786231+00:00,EVANCIA (BABILOU)
93,44781860002149,admissible_et_classe,,2026-10-08T12:26:57.986291+00:00,EVANCIA (BABILOU)
94,44781860002156,admissible_et_classe,,2026-10-08T12:33:31.338163+00:00,EVANCIA (BABILOU)
94,44781860002164,admissible_et_classe,,2026-10-08T12:33:31.551420+00:00,EVANCIA (BABILOU)
94,44781860002172,admissible_et_classe,,2026-10-08T12:33:31.756558+00:00,EVANCIA (BABILOU)
94,44781860002180,admissible_et_classe,,2026-10-08T12:33:32.026072+00:00,EVANCIA (BABILOU)
94,44781860002198,admissible_et_classe,,2026-10-08T12:33:32.172909+00:00,EVANCIA (BABILOU)
93,44781860002255,admissible_et_classe,,2026-10-08T12:26:58.190659+00:00,EVANCIA (BABILOU)
94,44781860002305,admissible_et_classe,,2026-10-08T12:33:32.396643+00:00,EVANCIA (BABILOU)
94,44781860002347,admissible_et_classe,,2026-10-08T12:33:32.582934+00:00,EVANCIA (BABILOU)
77,44781860002354,admissible_et_classe,,2026-10-08T12:19:13.527290+00:00,EVANCIA (BABILOU)
94,44781860002552,admissible_et_classe,,2026-10-08T12:33:32.900105+00:00,EVANCIA (BABILOU)
93,44781860002560,admissible_et_classe,,2026-10-08T12:26:58.390383+00:00,EVANCIA (BABILOU)
77,44781860002768,admissible_et_classe,,2026-10-08T12:19:13.744856+00:00,EVANCIA (BABILOU)
77,44781860002784,admissible_et_classe,,2026-10-08T12:19:13.964235+00:00,EVANCIA (BABILOU)
93,44781860002859,admissible_et_classe,,2026-10-08T12:26:58.597891+00:00,EVANCIA (BABILOU)
93,44781860002875,admissible_et_classe,,2026-10-08T12:26:58.814019+00:00,EVANCIA (BABILOU)
94,44781860002891,admissible_et_classe,,2026-10-08T12:33:32.997590+00:00,EVANCIA (BABILOU)
93,44781860002925,admissible_et_classe,,2026-10-08T12:26:59.026304+00:00,EVANCIA (BABILOU)
77,44781860003014,admissible_et_classe,,2026-10-08T12:19:14.139239+00:00,EVANCIA (BABILOU)
94,44781860003055,admissible_et_classe,,2026-10-08T12:33:33.221182+00:00,EVANCIA (BABILOU)
94,44781860003105,admissible_et_classe,,2026-10-08T12:33:33.452990+00:00,EVANCIA (BABILOU)
94,44781860003121,admissible_et_classe,,2026-10-08T12:33:33.676754+00:00,EVANCIA (BABILOU)
94,44781860003196,admissible_et_classe,,2026-10-08T12:33:33.839533+00:00,EVANCIA (BABILOU)
94,44781860003295,admissible_et_classe,,2026-10-08T12:33:34.060865+00:00,EVANCIA (BABILOU)
94,44781860003428,admissible_et_classe,,2026-10-08T12:33:34.226470+00:00,EVANCIA (BABILOU)
93,44781860003568,admissible_et_classe,,2026-10-08T12:26:59.216454+00:00,EVANCIA (BABILOU)
93,44781860003931,admissible_et_classe,,2026-10-08T12:26:59.407766+00:00,EVANCIA (BABILOU)
94,44781860004020,admissible_et_classe,,2026-10-08T12:33:34.462899+00:00,EVANCIA (BABILOU)
94,44781860004038,admissible_et_classe,,2026-10-08T12:33:34.648333+00:00,EVANCIA (BABILOU)
94,44781860004061,admissible_et_classe,,2026-10-08T12:33:34.901154+00:00,EVANCIA (BABILOU)
94,44781860004079,admissible_et_classe,,2026-10-08T12:33:35.237678+00:00,EVANCIA (BABILOU)
94,44781860004087,admissible_et_classe,,2026-10-08T12:33:35.256076+00:00,EVANCIA (BABILOU)
94,44781860004095,admissible_et_classe,,2026-10-08T12:33:35.549377+00:00,EVANCIA (BABILOU)
94,44781860004129,admissible_et_classe,,2026-10-08T12:33:35.671425+00:00,EVANCIA (BABILOU)
77,44781860004368,admissible_et_classe,,2026-10-08T12:19:14.336520+00:00,EVANCIA (BABILOU)
77,44781860004582,admissible_et_classe,,2026-10-08T12:19:14.645973+00:00,EVANCIA (BABILOU)
93,44781860005050,admissible_et_classe,,2026-10-08T12:26:59.611325+00:00,EVANCIA (BABILOU)
93,44781860005282,admissible_et_classe,,2026-10-08T12:26:59.820034+00:00,EVANCIA (BABILOU)
94,44781860005779,admissible_et_classe,,2026-10-08T12:33:35.868951+00:00,EVANCIA (BABILOU)
94,44781860005787,admissible_et_classe,,2026-10-08T12:33:36.094193+00:00,EVANCIA (BABILOU)
94,44781860005878,admissible_et_classe,,2026-10-08T12:33:36.328364+00:00,EVANCIA (BABILOU)
77,44790377400019,rejete_au_controle_actuel,sans_position,2026-10-08T12:19:14.747699+00:00,
77,44864796600010,rejete_au_controle_actuel,sans_position,2026-10-08T12:19:15.086918+00:00,
77,44886840601512,admissible_et_classe,,2026-10-08T10:36:25.145739+00:00,LPCR CAT (LES PETITS CHAPERONS ROUGES)
94,44886840601942,admissible_et_classe,,2026-10-08T10:38:09.766109+00:00,LPCR CAT (LES PETITS CHAPERONS ROUGES)
93,44886840601967,admissible_et_classe,,2026-10-08T10:37:09.343672+00:00,LPCR CAT (LES PETITS CHAPERONS ROUGES)
94,44886840602056,admissible_et_classe,,2026-10-08T12:33:36.509397+00:00,LPCR CAT (LES PETITS CHAPERONS ROUGES)
77,44899468100022,rejete_au_controle_actuel,sans_position,2026-10-08T12:19:15.160155+00:00,
93,44912788501140,admissible_et_classe,,2026-10-08T12:27:00.023090+00:00,JEFF DE BRUGES EXPLOITATION
93,44912788501173,admissible_et_classe,,2026-10-08T12:27:00.217136+00:00,JEFF DE BRUGES EXPLOITATION
94,44912788501223,admissible_et_classe,,2026-10-08T12:33:36.714293+00:00,JEFF DE BRUGES EXPLOITATION
77,44912788501322,admissible_et_classe,,2026-10-08T12:19:15.355779+00:00,JEFF DE BRUGES EXPLOITATION
77,44992812600019,rejete_au_controle_actuel,sans_position,2026-10-08T12:19:15.567183+00:00,
93,45049446300067,rejete_au_controle_actuel,sans_position,2026-10-08T12:27:00.468687+00:00,
94,45050069900100,rejete_au_classement,hors_filtre_nom,2026-10-08T12:33:36.913226+00:00,IMMO DIAG FRANCE (IDF)
77,45052175200037,rejete_au_controle_actuel,sans_position,2026-10-08T12:19:15.789391+00:00,
94,45055609700035,rejete_au_controle_actuel,ferme_ou_autre_departement,2026-10-08T10:38:09.991422+00:00,
77,45067500400011,rejete_au_controle_actuel,sans_position,2026-10-08T12:19:15.952987+00:00,
77,45077154800010,rejete_au_controle_actuel,sans_position,2026-10-08T12:19:16.215264+00:00,
77,45077696803670,admissible_et_classe,,2026-10-08T12:19:16.377001+00:00,LOXAM
77,45077696803688,admissible_et_classe,,2026-10-08T12:19:16.586461+00:00,LOXAM
93,45077696803803,admissible_et_classe,,2026-10-08T12:27:00.681672+00:00,LOXAM
93,45077696803811,admissible_et_classe,,2026-10-08T12:27:00.949101+00:00,LOXAM
77,45077696803902,admissible_et_classe,,2026-10-08T12:19:16.787252+00:00,LOXAM
94,45077696803985,admissible_et_classe,,2026-10-08T12:33:37.137067+00:00,LOXAM
94,45077696803993,admissible_et_classe,,2026-10-08T12:33:37.347171+00:00,LOXAM
77,45077696804389,admissible_et_classe,,2026-10-08T12:19:17.073722+00:00,LOXAM
77,45077696805287,admissible_et_classe,,2026-10-08T12:19:17.190225+00:00,LOXAM
94,45077696806137,admissible_et_classe,,2026-10-08T12:33:37.537002+00:00,LOXAM
77,45077696806145,admissible_et_classe,,2026-10-08T12:19:17.402418+00:00,LOXAM
77,45077696806152,admissible_et_classe,,2026-10-08T12:19:17.604926+00:00,LOXAM
93,45077696806228,admissible_et_classe,,2026-10-08T12:27:01.053987+00:00,LOXAM
93,45077696806285,admissible_et_classe,,2026-10-08T12:27:01.254304+00:00,LOXAM
77,45077696806566,admissible_et_classe,,2026-10-08T12:19:17.817267+00:00,LOXAM
93,45077696806715,admissible_et_classe,,2026-10-08T12:27:01.496390+00:00,LOXAM
94,45077696806863,admissible_et_classe,,2026-10-08T12:33:37.738517+00:00,LOXAM
93,45077696807119,admissible_et_classe,,2026-10-08T12:27:01.664588+00:00,LOXAM
94,45077696807135,rejete_au_controle_actuel,sans_position,2026-10-08T12:33:37.934487+00:00,
77,45101696800039,rejete_au_controle_actuel,sans_position,2026-10-08T12:19:18.004088+00:00,
94,45105338300985,admissible_et_classe,,2026-10-08T10:38:10.163944+00:00,VITALLIANCE (VITALLIANCE)
77,45105338301066,admissible_et_classe,,2026-10-08T12:19:18.206642+00:00,VITALLIANCE (VITALLIANCE)
77,45105338301876,admissible_et_classe,,2026-10-08T12:19:18.598113+00:00,VITALLIANCE (VITALLIANCE)
93,45105338303070,admissible_et_classe,,2026-10-08T12:27:01.866985+00:00,VITALLIANCE (VITALLIANCE)
93,45105338303088,admissible_et_classe,,2026-10-08T12:27:02.073698+00:00,VITALLIANCE (VITALLIANCE)
93,45105338303252,admissible_et_classe,,2026-10-08T12:27:02.278582+00:00,VITALLIANCE (VITALLIANCE)
93,45105338303286,admissible_et_classe,,2026-10-08T12:27:02.485305+00:00,VITALLIANCE (VITALLIANCE)
94,45105338303336,admissible_et_classe,,2026-10-08T12:33:38.290240+00:00,VITALLIANCE (VITALLIANCE)
93,45105338303351,admissible_et_classe,,2026-10-08T12:27:02.691660+00:00,VITALLIANCE (VITALLIANCE)
77,45105338303427,admissible_et_classe,,2026-10-08T12:19:18.694066+00:00,VITALLIANCE (VITALLIANCE)
93,45105338303435,admissible_et_classe,,2026-10-08T12:27:02.893712+00:00,VITALLIANCE (VITALLIANCE)
93,45132133500999,admissible_et_classe,,2026-10-08T12:27:03.097949+00:00,CARREFOUR HYPERMARCHES
93,45132133501005,admissible_et_classe,,2026-10-08T12:27:03.304205+00:00,CARREFOUR HYPERMARCHES
93,45132133501013,admissible_et_classe,,2026-10-08T10:37:09.601460+00:00,CARREFOUR HYPERMARCHES
93,45132133501021,admissible_et_classe,,2026-10-08T10:37:09.734994+00:00,CARREFOUR HYPERMARCHES
77,45132133501039,admissible_et_classe,,2026-10-08T10:36:25.352486+00:00,CARREFOUR HYPERMARCHES
77,45132133501047,admissible_et_classe,,2026-10-08T10:36:25.556690+00:00,CARREFOUR HYPERMARCHES
94,45132133501112,admissible_et_classe,,2026-10-08T10:38:10.387867+00:00,CARREFOUR HYPERMARCHES
93,45132133501153,admissible_et_classe,,2026-10-08T10:37:09.947500+00:00,CARREFOUR HYPERMARCHES
93,45132133501179,admissible_et_classe,,2026-10-08T10:37:10.144497+00:00,CARREFOUR HYPERMARCHES
93,45132133501385,admissible_et_classe,,2026-10-08T10:37:10.346229+00:00,CARREFOUR HYPERMARCHES
93,45132133501393,admissible_et_classe,,2026-10-08T10:37:10.550137+00:00,CARREFOUR HYPERMARCHES
77,45132133501765,admissible_et_classe,,2026-10-08T10:36:25.904178+00:00,CARREFOUR HYPERMARCHES
93,45132990800144,admissible_et_classe,,2026-10-08T10:37:10.818647+00:00,CRIT
77,45132990801803,admissible_et_classe,,2026-10-08T12:19:18.899373+00:00,CRIT
77,45132990801811,admissible_et_classe,,2026-10-08T12:19:19.137587+00:00,CRIT
93,45132990805812,admissible_et_classe,,2026-10-08T12:27:03.511745+00:00,CRIT
93,45132990806182,admissible_et_classe,,2026-10-08T12:27:03.712895+00:00,CRIT
93,45132990806521,admissible_et_classe,,2026-10-08T12:27:03.918448+00:00,CRIT
93,45132990807016,admissible_et_classe,,2026-10-08T12:27:04.122407+00:00,CRIT
77,45132990807719,admissible_et_classe,,2026-10-08T12:19:19.315165+00:00,CRIT
93,45132990807982,admissible_et_classe,,2026-10-08T12:27:04.330074+00:00,CRIT
77,45132990808246,admissible_et_classe,,2026-10-08T12:19:19.625476+00:00,CRIT
77,45132990808469,admissible_et_classe,,2026-10-08T12:19:20.460197+00:00,CRIT
77,45133890900018,rejete_au_controle_actuel,sans_position,2026-10-08T12:19:20.517508+00:00,
94,45141145800040,rejete_au_classement,hors_filtre_nom,2026-10-08T12:33:38.343091+00:00,TECOBAT
93,45141730700035,rejete_au_classement,hors_filtre_nom,2026-10-08T12:27:04.533281+00:00,BATIDIAG
77,45148901703029,admissible_et_classe,,2026-10-08T12:19:20.708085+00:00,GROUPE NOCIBE (NOCIBE)
93,45148901704456,admissible_et_classe,,2026-10-08T12:27:04.735685+00:00,GROUPE NOCIBE (NOCIBE)
77,45148901704514,admissible_et_classe,,2026-10-08T12:19:20.708286+00:00,GROUPE NOCIBE (NOCIBE)
77,45154304500038,rejete_au_controle_actuel,sans_position,2026-10-08T12:19:20.521549+00:00,
94,45159345300041,rejete_au_controle_actuel,sans_position,2026-10-08T12:33:38.555456+00:00,
77,45164790301460,admissible_et_classe,,2026-10-08T10:36:26.068078+00:00,BRICO DEPOT
94,45182986501065,admissible_et_classe,,2026-10-08T12:33:38.766012+00:00,LES CERISIERS
77,45182986501081,admissible_et_classe,,2026-10-08T12:19:20.640813+00:00,LES CERISIERS
77,45182986501099,admissible_et_classe,,2026-10-08T12:19:20.844586+00:00,LES CERISIERS
77,45182986501107,admissible_et_classe,,2026-10-08T12:19:21.051308+00:00,LES CERISIERS
77,45182986501420,admissible_et_classe,,2026-10-08T12:19:21.254627+00:00,LES CERISIERS
77,45182986501438,admissible_et_classe,,2026-10-08T12:19:21.468567+00:00,LES CERISIERS
77,45182986501446,admissible_et_classe,,2026-10-08T12:19:21.654099+00:00,LES CERISIERS
77,45182986501453,admissible_et_classe,,2026-10-08T12:19:21.851499+00:00,LES CERISIERS
77,45182986501511,admissible_et_classe,,2026-10-08T12:19:22.059084+00:00,LES CERISIERS
77,45182986501529,admissible_et_classe,,2026-10-08T12:19:22.346280+00:00,LES CERISIERS
94,45182986501594,admissible_et_classe,,2026-10-08T12:33:38.966079+00:00,LES CERISIERS
94,45182986501602,admissible_et_classe,,2026-10-08T12:33:39.170214+00:00,LES CERISIERS
93,45182986502030,admissible_et_classe,,2026-10-08T12:27:04.941025+00:00,LES CERISIERS
77,45182986502147,admissible_et_classe,,2026-10-08T12:19:22.453014+00:00,LES CERISIERS
77,45182986502154,admissible_et_classe,,2026-10-08T12:19:22.669642+00:00,LES CERISIERS
77,45182986502162,admissible_et_classe,,2026-10-08T12:19:22.859861+00:00,LES CERISIERS
94,45182986502170,admissible_et_classe,,2026-10-08T12:33:39.372687+00:00,LES CERISIERS
94,45182986502188,admissible_et_classe,,2026-10-08T12:33:39.587039+00:00,LES CERISIERS
94,45182986502196,admissible_et_classe,,2026-10-08T12:33:39.817806+00:00,LES CERISIERS
94,45182986502204,admissible_et_classe,,2026-10-08T12:33:39.961177+00:00,LES CERISIERS
94,45182986502212,admissible_et_classe,,2026-10-08T12:33:40.168181+00:00,LES CERISIERS
77,45244038101060,admissible_et_classe,,2026-10-08T12:19:23.069388+00:00,SOCIETE D'EXPLOITATION DES RESIDENCES HOTELIERES RAIL (ORFEA)
94,45244038101136,admissible_et_classe,,2026-10-08T12:33:40.378744+00:00,SOCIETE D'EXPLOITATION DES RESIDENCES HOTELIERES RAIL (ORFEA)
93,45244038101201,admissible_et_classe,,2026-10-08T12:27:05.149512+00:00,SOCIETE D'EXPLOITATION DES RESIDENCES HOTELIERES RAIL (ORFEA)
93,45244038101284,admissible_et_classe,,2026-10-08T12:27:05.353667+00:00,SOCIETE D'EXPLOITATION DES RESIDENCES HOTELIERES RAIL (ORFEA)
93,45290020200022,rejete_au_classement,hors_filtre_nom,2026-10-08T12:27:05.555351+00:00,ARIANE ENVIRONNEMENT (ARIANE ENVIRONNEMENT)
77,45305698800018,rejete_au_controle_actuel,sans_position,2026-10-08T12:19:23.274588+00:00,
93,45345601401249,admissible_et_classe,,2026-10-08T12:27:05.760431+00:00,LPCR CDF (LES PETITS CHAPERONS ROUGES)
77,45382677800020,rejete_au_controle_actuel,sans_position,2026-10-08T12:19:23.481272+00:00,
77,45650053702469,admissible_et_classe,,2026-10-08T12:19:23.748000+00:00,DALKIA
94,45650053703962,admissible_et_classe,,2026-10-08T12:33:40.590783+00:00,DALKIA
94,45650053704010,admissible_et_classe,,2026-10-08T12:33:40.788705+00:00,DALKIA
94,45650053704143,admissible_et_classe,,2026-10-08T12:33:41.039373+00:00,DALKIA
94,45650053704192,admissible_et_classe,,2026-10-08T12:33:41.328522+00:00,DALKIA
77,45650053704549,admissible_et_classe,,2026-10-08T12:19:23.901715+00:00,DALKIA
93,45650053704796,admissible_et_classe,,2026-10-08T12:27:05.965855+00:00,DALKIA
94,45650053705504,admissible_et_classe,,2026-10-08T12:33:41.407764+00:00,DALKIA
93,45650053705512,rejete_au_controle_actuel,sans_position,2026-10-08T12:27:06.273267+00:00,
93,45650053706148,admissible_et_classe,,2026-10-08T12:27:06.376376+00:00,DALKIA
94,45650053706221,admissible_et_classe,,2026-10-08T12:33:41.622053+00:00,DALKIA
94,45650053706239,admissible_et_classe,,2026-10-08T12:33:41.919640+00:00,DALKIA
94,45650053706916,admissible_et_classe,,2026-10-08T12:33:42.025037+00:00,DALKIA
77,47050094301405,admissible_et_classe,,2026-10-08T10:36:26.171372+00:00,TAPIS SAINT MACLOU (TSM)
93,47050094301421,admissible_et_classe,,2026-10-08T12:27:06.580303+00:00,TAPIS SAINT MACLOU (TSM)
93,47050094302890,admissible_et_classe,,2026-10-08T10:37:10.916152+00:00,TAPIS SAINT MACLOU (TSM)
93,47050094302965,admissible_et_classe,,2026-10-08T10:37:11.111457+00:00,TAPIS SAINT MACLOU (TSM)
93,47080116803534,admissible_et_classe,,2026-10-08T12:27:06.778246+00:00,CDC HABITAT
93,47080116803583,admissible_et_classe,,2026-10-08T12:27:06.984703+00:00,CDC HABITAT
93,47080116803625,admissible_et_classe,,2026-10-08T12:27:07.194688+00:00,CDC HABITAT
77,47080116803641,admissible_et_classe,,2026-10-08T12:19:24.098162+00:00,CDC HABITAT
94,47080116803666,admissible_et_classe,,2026-10-08T12:33:42.266917+00:00,CDC HABITAT
94,47548331901184,admissible_et_classe,,2026-10-08T12:33:42.429996+00:00,EPHIGEA
77,47548331902711,admissible_et_classe,,2026-10-08T12:19:24.303787+00:00,EPHIGEA
77,47718101000299,admissible_et_classe,,2026-10-08T10:36:26.375529+00:00,API RESTAURATION
94,47718101000802,admissible_et_classe,,2026-10-08T10:38:10.583610+00:00,API RESTAURATION
94,47718101001099,admissible_et_classe,,2026-10-08T12:33:42.680785+00:00,API RESTAURATION
77,47718101001107,admissible_et_classe,,2026-10-08T12:19:24.547155+00:00,API RESTAURATION
93,47718101001214,admissible_et_classe,,2026-10-08T12:27:07.398800+00:00,API RESTAURATION
94,47718101002014,admissible_et_classe,,2026-10-08T12:33:42.852061+00:00,API RESTAURATION
94,47718101002022,admissible_et_classe,,2026-10-08T12:33:43.109980+00:00,API RESTAURATION
94,47718101002030,admissible_et_classe,,2026-10-08T12:33:43.436196+00:00,API RESTAURATION
93,47718101002287,admissible_et_classe,,2026-10-08T12:27:07.604647+00:00,API RESTAURATION
93,47718101002915,admissible_et_classe,,2026-10-08T12:27:07.810797+00:00,API RESTAURATION
93,47718101004283,admissible_et_classe,,2026-10-08T12:27:08.013613+00:00,API RESTAURATION
77,47718101004754,admissible_et_classe,,2026-10-08T12:19:24.712595+00:00,API RESTAURATION
77,47718101004762,rejete_au_controle_actuel,sans_position,2026-10-08T12:19:24.919557+00:00,
77,47718101004770,admissible_et_classe,,2026-10-08T12:19:25.123243+00:00,API RESTAURATION
93,47718101004887,admissible_et_classe,,2026-10-08T12:27:08.220959+00:00,API RESTAURATION
93,47718101005066,admissible_et_classe,,2026-10-08T12:27:08.422561+00:00,API RESTAURATION
93,47718101005108,admissible_et_classe,,2026-10-08T12:27:08.632019+00:00,API RESTAURATION
93,47718101005116,admissible_et_classe,,2026-10-08T12:27:08.833877+00:00,API RESTAURATION
93,47718101005124,admissible_et_classe,,2026-10-08T12:27:09.037318+00:00,API RESTAURATION
93,47718101005470,admissible_et_classe,,2026-10-08T12:27:09.241912+00:00,API RESTAURATION
93,47718101005629,admissible_et_classe,,2026-10-08T12:27:09.447448+00:00,API RESTAURATION
94,47718101006205,admissible_et_classe,,2026-10-08T12:33:43.481114+00:00,API RESTAURATION
93,47718101006213,admissible_et_classe,,2026-10-08T12:27:09.654336+00:00,API RESTAURATION
94,47718101006239,admissible_et_classe,,2026-10-08T12:33:43.672535+00:00,API RESTAURATION
93,47718101006338,admissible_et_classe,,2026-10-08T12:27:09.848843+00:00,API RESTAURATION
94,47718101006635,admissible_et_classe,,2026-10-08T12:33:43.892919+00:00,API RESTAURATION
93,47718101007518,admissible_et_classe,,2026-10-08T12:27:10.061606+00:00,API RESTAURATION
93,47718101007849,admissible_et_classe,,2026-10-08T12:27:10.266637+00:00,API RESTAURATION
94,47718101008326,admissible_et_classe,,2026-10-08T12:33:44.119886+00:00,API RESTAURATION
77,47718101008391,admissible_et_classe,,2026-10-08T12:19:25.351031+00:00,API RESTAURATION
94,47718101008862,admissible_et_classe,,2026-10-08T12:33:44.308955+00:00,API RESTAURATION
93,47718101009027,admissible_et_classe,,2026-10-08T12:27:10.466981+00:00,API RESTAURATION
94,47718101009076,admissible_et_classe,,2026-10-08T12:33:44.554460+00:00,API RESTAURATION
94,47718101009092,admissible_et_classe,,2026-10-08T12:33:44.707915+00:00,API RESTAURATION
77,47718101009118,admissible_et_classe,,2026-10-08T12:19:25.524231+00:00,API RESTAURATION
93,47718101009431,admissible_et_classe,,2026-10-08T12:27:10.674322+00:00,API RESTAURATION
93,47718101009456,admissible_et_classe,,2026-10-08T12:27:10.873852+00:00,API RESTAURATION
94,47718101010306,admissible_et_classe,,2026-10-08T12:33:44.906575+00:00,API RESTAURATION
77,47718101010512,admissible_et_classe,,2026-10-08T12:19:25.717918+00:00,API RESTAURATION
93,47718101010538,admissible_et_classe,,2026-10-08T12:27:11.079470+00:00,API RESTAURATION
94,47718101012112,admissible_et_classe,,2026-10-08T12:33:45.130437+00:00,API RESTAURATION
93,47718101012229,admissible_et_classe,,2026-10-08T12:27:11.285300+00:00,API RESTAURATION
77,47718101012245,admissible_et_classe,,2026-10-08T12:19:25.941507+00:00,API RESTAURATION
94,47718101012856,admissible_et_classe,,2026-10-08T12:33:45.325539+00:00,API RESTAURATION
93,47718101013946,admissible_et_classe,,2026-10-08T12:27:11.488213+00:00,API RESTAURATION
93,47718101014118,admissible_et_classe,,2026-10-08T12:27:11.703290+00:00,API RESTAURATION
93,47718101014175,admissible_et_classe,,2026-10-08T12:27:11.842073+00:00,API RESTAURATION
93,47718101014258,admissible_et_classe,,2026-10-08T12:27:12.104389+00:00,API RESTAURATION
93,47718101014449,admissible_et_classe,,2026-10-08T12:27:12.242894+00:00,API RESTAURATION
93,47718101014548,admissible_et_classe,,2026-10-08T12:27:12.519048+00:00,API RESTAURATION
94,47718101014563,admissible_et_classe,,2026-10-08T12:33:45.537944+00:00,API RESTAURATION
77,47718101014803,admissible_et_classe,,2026-10-08T12:19:26.125381+00:00,API RESTAURATION
77,47728084602623,admissible_et_classe,,2026-10-08T12:19:26.342324+00:00,PROMOTION DU PRET A PORTER (PPP)
77,47728084602979,admissible_et_classe,,2026-10-08T12:19:26.543088+00:00,PROMOTION DU PRET A PORTER (PPP)
77,47728084603738,admissible_et_classe,,2026-10-08T12:19:26.739633+00:00,PROMOTION DU PRET A PORTER (PPP)
77,47752179300026,rejete_au_controle_actuel,sans_position,2026-10-08T12:19:26.937852+00:00,
77,47757174900050,rejete_au_controle_actuel,sans_position,2026-10-08T12:19:27.166920+00:00,
77,47795705400018,rejete_au_controle_actuel,sans_position,2026-10-08T12:19:27.342430+00:00,
77,47814284700035,rejete_au_classement,hors_filtre_nom,2026-10-08T12:19:27.547332+00:00,F.W.P (F.W.P.) (F W P)
94,47835575300185,admissible_et_classe,,2026-10-08T12:33:45.734572+00:00,ETAM LINGERIE
94,47835575300227,admissible_et_classe,,2026-10-08T12:33:45.951340+00:00,ETAM LINGERIE
93,47835575300409,admissible_et_classe,,2026-10-08T12:27:12.936496+00:00,ETAM LINGERIE
77,47835575300995,admissible_et_classe,,2026-10-08T12:19:27.851848+00:00,ETAM LINGERIE
77,47835575301258,admissible_et_classe,,2026-10-08T10:36:26.581616+00:00,ETAM LINGERIE
77,47835575301266,admissible_et_classe,,2026-10-08T10:36:26.783784+00:00,ETAM LINGERIE
77,47835575301340,admissible_et_classe,,2026-10-08T10:36:26.989798+00:00,ETAM LINGERIE
93,47835575302496,admissible_et_classe,,2026-10-08T10:37:11.313096+00:00,ETAM LINGERIE
93,47835575302561,admissible_et_classe,,2026-10-08T10:37:11.513598+00:00,ETAM LINGERIE
94,47835575302611,admissible_et_classe,,2026-10-08T12:33:46.328287+00:00,ETAM LINGERIE
93,47835611600051,admissible_et_classe,,2026-10-08T10:37:11.727227+00:00,UNDIZ
93,47835611600093,admissible_et_classe,,2026-10-08T10:37:12.111317+00:00,UNDIZ
94,47835611600317,admissible_et_classe,,2026-10-08T10:38:10.828699+00:00,UNDIZ
94,47835611600564,admissible_et_classe,,2026-10-08T10:38:10.997114+00:00,UNDIZ
93,47835611600929,admissible_et_classe,,2026-10-08T10:37:12.275877+00:00,UNDIZ
77,47845579304216,admissible_et_classe,,2026-10-08T10:36:27.190340+00:00,BOULANGERIES BG (B B G)
77,47845579304224,admissible_et_classe,,2026-10-08T10:36:27.402571+00:00,BOULANGERIES BG (B B G)
77,47845579305288,admissible_et_classe,,2026-10-08T12:19:28.161677+00:00,BOULANGERIES BG (B B G)
77,47845579305312,admissible_et_classe,,2026-10-08T12:19:28.361007+00:00,BOULANGERIES BG (B B G)
93,47866230700030,rejete_au_classement,hors_filtre_nom,2026-10-08T12:27:13.061920+00:00,D CONSULT (SOCOLAB ENVIRONNEMENT)
94,47877738600010,rejete_au_controle_actuel,ferme_ou_autre_departement,2026-10-08T12:33:46.369278+00:00,
77,47895113000010,rejete_au_controle_actuel,sans_position,2026-10-08T12:19:28.648275+00:00,
94,47895775600024,rejete_au_controle_actuel,sans_position,2026-10-08T12:33:46.559798+00:00,
93,47907600200019,rejete_au_classement,hors_filtre_nom,2026-10-08T12:27:13.274436+00:00,AFNOR CERTIFICATION
94,47907683800305,rejete_au_classement,hors_filtre_nom,2026-10-08T12:33:46.760795+00:00,SOCOTEC DIAGNOSTIC (SOCOTEC DIAGNOSTIC)
77,47918275000204,admissible_et_classe,,2026-10-08T10:36:27.603096+00:00,PEOPLE AND BABY (CRECHES POUR TOUS COLLECTIVITES)
77,47918275000824,admissible_et_classe,,2026-10-08T10:36:27.809252+00:00,PEOPLE AND BABY (CRECHES POUR TOUS COLLECTIVITES)
94,47918275000931,admissible_et_classe,,2026-10-08T10:38:11.202172+00:00,PEOPLE AND BABY (CRECHES POUR TOUS COLLECTIVITES)
77,47918275002176,admissible_et_classe,,2026-10-08T12:19:28.768509+00:00,PEOPLE AND BABY (CRECHES POUR TOUS COLLECTIVITES)
94,47918275002358,admissible_et_classe,,2026-10-08T12:33:46.993573+00:00,PEOPLE AND BABY (CRECHES POUR TOUS COLLECTIVITES)
94,47918275002838,admissible_et_classe,,2026-10-08T12:33:47.190354+00:00,PEOPLE AND BABY (CRECHES POUR TOUS COLLECTIVITES)
94,47918275002846,admissible_et_classe,,2026-10-08T12:33:47.387130+00:00,PEOPLE AND BABY (CRECHES POUR TOUS COLLECTIVITES)
94,47918275002895,admissible_et_classe,,2026-10-08T12:33:47.608451+00:00,PEOPLE AND BABY (CRECHES POUR TOUS COLLECTIVITES)
93,47918275002945,admissible_et_classe,,2026-10-08T12:27:13.544187+00:00,PEOPLE AND BABY (CRECHES POUR TOUS COLLECTIVITES)
77,47918275002952,admissible_et_classe,,2026-10-08T12:19:28.972476+00:00,PEOPLE AND BABY (CRECHES POUR TOUS COLLECTIVITES)
94,47918275002986,admissible_et_classe,,2026-10-08T12:33:47.799124+00:00,PEOPLE AND BABY (CRECHES POUR TOUS COLLECTIVITES)
94,47918275003083,admissible_et_classe,,2026-10-08T12:33:47.999185+00:00,PEOPLE AND BABY (CRECHES POUR TOUS COLLECTIVITES)
94,47918275003158,admissible_et_classe,,2026-10-08T12:33:48.233556+00:00,PEOPLE AND BABY (CRECHES POUR TOUS COLLECTIVITES)
94,47918275003174,admissible_et_classe,,2026-10-08T12:33:48.422234+00:00,PEOPLE AND BABY (CRECHES POUR TOUS COLLECTIVITES)
93,47918275003489,admissible_et_classe,,2026-10-08T12:27:13.685775+00:00,PEOPLE AND BABY (CRECHES POUR TOUS COLLECTIVITES)
94,47918275004123,admissible_et_classe,,2026-10-08T12:33:48.685917+00:00,PEOPLE AND BABY (CRECHES POUR TOUS COLLECTIVITES)
94,47918275004289,admissible_et_classe,,2026-10-08T12:33:48.872097+00:00,PEOPLE AND BABY (CRECHES POUR TOUS COLLECTIVITES)
93,47918275004552,admissible_et_classe,,2026-10-08T12:27:13.855546+00:00,PEOPLE AND BABY (CRECHES POUR TOUS COLLECTIVITES)
77,47918275004651,admissible_et_classe,,2026-10-08T12:19:29.167917+00:00,PEOPLE AND BABY (CRECHES POUR TOUS COLLECTIVITES)
77,47936326900016,rejete_au_controle_actuel,sans_position,2026-10-08T12:19:29.372104+00:00,
94,47947430601192,admissible_et_classe,,2026-10-08T12:33:49.048526+00:00,TINGARI
93,47947430601234,admissible_et_classe,,2026-10-08T12:27:14.055872+00:00,TINGARI
77,47947430601275,admissible_et_classe,,2026-10-08T12:19:29.582969+00:00,TINGARI
77,47947430601440,admissible_et_classe,,2026-10-08T12:19:29.828213+00:00,TINGARI
77,47947790300013,rejete_au_controle_actuel,sans_position,2026-10-08T12:19:30.002398+00:00,
77,47970051000015,rejete_au_controle_actuel,sans_position,2026-10-08T12:19:30.244647+00:00,
93,47996096501634,admissible_et_classe,,2026-10-08T12:27:14.260417+00:00,IKKS RETAIL
94,47996096501832,admissible_et_classe,,2026-10-08T12:33:49.259085+00:00,IKKS RETAIL
77,48008985300315,rejete_au_controle_actuel,sans_position,2026-10-08T12:19:30.387039+00:00,
77,48047015202026,admissible_et_classe,,2026-10-08T12:19:30.592093+00:00,NORAUTO FRANCE
93,48047015202141,admissible_et_classe,,2026-10-08T12:27:14.444667+00:00,NORAUTO FRANCE
77,48047015202323,admissible_et_classe,,2026-10-08T12:19:30.802361+00:00,NORAUTO FRANCE
77,48047015203032,admissible_et_classe,,2026-10-08T12:19:31.133728+00:00,NORAUTO FRANCE
94,48067179100055,rejete_au_classement,hors_filtre_nom,2026-10-08T12:33:49.454983+00:00,IMMO DIAG SERVICES
77,48096439400062,rejete_au_classement,hors_filtre_nom,2026-10-08T12:19:31.404218+00:00,AIRMETRIE
77,48110059200031,rejete_au_controle_actuel,ferme_ou_autre_departement,2026-10-08T12:19:31.606385+00:00,
77,48145505300027,rejete_au_controle_actuel,sans_position,2026-10-08T12:19:31.807310+00:00,
77,48194962600024,rejete_au_controle_actuel,sans_position,2026-10-08T12:19:32.006594+00:00,
77,48234097300080,admissible_et_classe,,2026-10-08T12:19:32.219235+00:00,COTE BOULANGE
77,48234097300098,admissible_et_classe,,2026-10-08T12:19:32.430031+00:00,COTE BOULANGE
77,48234097300270,admissible_et_classe,,2026-10-08T12:19:32.624396+00:00,COTE BOULANGE
77,48234097300437,admissible_et_classe,,2026-10-08T12:19:33.092149+00:00,COTE BOULANGE
77,48234097300460,admissible_et_classe,,2026-10-08T12:19:33.037467+00:00,COTE BOULANGE
93,48234097300478,admissible_et_classe,,2026-10-08T12:27:14.669206+00:00,COTE BOULANGE
77,48234097302300,admissible_et_classe,,2026-10-08T12:19:33.246597+00:00,COTE BOULANGE
77,48234097302367,admissible_et_classe,,2026-10-08T12:19:33.443996+00:00,COTE BOULANGE
77,48234097302391,admissible_et_classe,,2026-10-08T12:19:33.640896+00:00,COTE BOULANGE
94,48234097302581,admissible_et_classe,,2026-10-08T12:33:49.658598+00:00,COTE BOULANGE
94,48234097302664,admissible_et_classe,,2026-10-08T12:33:49.935695+00:00,COTE BOULANGE
77,48277868500032,rejete_au_controle_actuel,sans_position,2026-10-08T12:19:33.841805+00:00,
93,48392121900059,rejete_au_classement,hors_filtre_nom,2026-10-08T12:27:14.841455+00:00,OBSERVATOIRE REGIONAL DU BRUIT EN IDF (BRUITPARIF)
77,48430101500018,rejete_au_controle_actuel,sans_position,2026-10-08T12:19:34.066858+00:00,
77,48497014000014,rejete_au_controle_actuel,sans_position,2026-10-08T12:19:34.248548+00:00,
77,48504996900010,rejete_au_controle_actuel,sans_position,2026-10-08T12:19:34.443488+00:00,
77,48515604600024,rejete_au_controle_actuel,sans_position,2026-10-08T12:19:34.640194+00:00,
94,48744266700035,rejete_au_controle_actuel,sans_position,2026-10-08T12:33:50.433882+00:00,
94,48748185500152,admissible_et_classe,,2026-10-08T12:33:50.564414+00:00,FAMILYVETS
94,48748185500178,admissible_et_classe,,2026-10-08T12:33:50.501144+00:00,FAMILYVETS
94,48748185500186,admissible_et_classe,,2026-10-08T12:33:50.697280+00:00,FAMILYVETS
77,48748185500335,admissible_et_classe,,2026-10-08T12:19:34.867735+00:00,FAMILYVETS
77,48748185500905,admissible_et_classe,,2026-10-08T12:19:35.083330+00:00,FAMILYVETS
77,48748185502224,admissible_et_classe,,2026-10-08T12:19:35.264311+00:00,FAMILYVETS
77,48748185502299,admissible_et_classe,,2026-10-08T12:19:35.472709+00:00,FAMILYVETS
93,48748185502604,admissible_et_classe,,2026-10-08T12:27:15.047154+00:00,FAMILYVETS
94,48748185502612,admissible_et_classe,,2026-10-08T12:33:50.912750+00:00,FAMILYVETS
94,48753009903533,admissible_et_classe,,2026-10-08T12:33:51.596230+00:00,LAMY
77,48762543601164,admissible_et_classe,,2026-10-08T12:19:35.694002+00:00,CAISSE REGIONALE DE CREDIT AGRICOLE MUTUEL BRIE PICARDIE (CRCAMBP)
77,48762543601172,admissible_et_classe,,2026-10-08T12:19:35.875644+00:00,CAISSE REGIONALE DE CREDIT AGRICOLE MUTUEL BRIE PICARDIE (CRCAMBP)
77,48762543601198,admissible_et_classe,,2026-10-08T12:19:36.088824+00:00,CAISSE REGIONALE DE CREDIT AGRICOLE MUTUEL BRIE PICARDIE (CRCAMBP)
77,48762543601206,admissible_et_classe,,2026-10-08T12:19:36.284940+00:00,CAISSE REGIONALE DE CREDIT AGRICOLE MUTUEL BRIE PICARDIE (CRCAMBP)
77,48762543601214,admissible_et_classe,,2026-10-08T12:19:36.493292+00:00,CAISSE REGIONALE DE CREDIT AGRICOLE MUTUEL BRIE PICARDIE (CRCAMBP)
77,48762543601222,admissible_et_classe,,2026-10-08T12:19:36.837589+00:00,CAISSE REGIONALE DE CREDIT AGRICOLE MUTUEL BRIE PICARDIE (CRCAMBP)
77,48762543601230,admissible_et_classe,,2026-10-08T12:19:36.885755+00:00,CAISSE REGIONALE DE CREDIT AGRICOLE MUTUEL BRIE PICARDIE (CRCAMBP)
77,48762543601248,admissible_et_classe,,2026-10-08T12:19:37.093749+00:00,CAISSE REGIONALE DE CREDIT AGRICOLE MUTUEL BRIE PICARDIE (CRCAMBP)
77,48762543601255,admissible_et_classe,,2026-10-08T12:19:37.300003+00:00,CAISSE REGIONALE DE CREDIT AGRICOLE MUTUEL BRIE PICARDIE (CRCAMBP)
77,48762543601263,admissible_et_classe,,2026-10-08T12:19:37.513324+00:00,CAISSE REGIONALE DE CREDIT AGRICOLE MUTUEL BRIE PICARDIE (CRCAMBP)
77,48762543601271,admissible_et_classe,,2026-10-08T12:19:37.712858+00:00,CAISSE REGIONALE DE CREDIT AGRICOLE MUTUEL BRIE PICARDIE (CRCAMBP)
77,48762543601289,admissible_et_classe,,2026-10-08T12:19:37.920351+00:00,CAISSE REGIONALE DE CREDIT AGRICOLE MUTUEL BRIE PICARDIE (CRCAMBP)
77,48762543601297,admissible_et_classe,,2026-10-08T12:19:38.117678+00:00,CAISSE REGIONALE DE CREDIT AGRICOLE MUTUEL BRIE PICARDIE (CRCAMBP)
77,48762543601305,admissible_et_classe,,2026-10-08T12:19:38.323054+00:00,CAISSE REGIONALE DE CREDIT AGRICOLE MUTUEL BRIE PICARDIE (CRCAMBP)
77,48762543601321,admissible_et_classe,,2026-10-08T12:19:38.534410+00:00,CAISSE REGIONALE DE CREDIT AGRICOLE MUTUEL BRIE PICARDIE (CRCAMBP)
77,48762543601339,admissible_et_classe,,2026-10-08T12:19:38.724246+00:00,CAISSE REGIONALE DE CREDIT AGRICOLE MUTUEL BRIE PICARDIE (CRCAMBP)
77,48762543601347,admissible_et_classe,,2026-10-08T12:19:38.938397+00:00,CAISSE REGIONALE DE CREDIT AGRICOLE MUTUEL BRIE PICARDIE (CRCAMBP)
77,48762543601362,admissible_et_classe,,2026-10-08T12:19:39.137434+00:00,CAISSE REGIONALE DE CREDIT AGRICOLE MUTUEL BRIE PICARDIE (CRCAMBP)
77,48762543601370,admissible_et_classe,,2026-10-08T12:19:39.342890+00:00,CAISSE REGIONALE DE CREDIT AGRICOLE MUTUEL BRIE PICARDIE (CRCAMBP)
77,48762543601396,admissible_et_classe,,2026-10-08T12:19:39.537868+00:00,CAISSE REGIONALE DE CREDIT AGRICOLE MUTUEL BRIE PICARDIE (CRCAMBP)
77,48762543601404,admissible_et_classe,,2026-10-08T12:19:39.732350+00:00,CAISSE REGIONALE DE CREDIT AGRICOLE MUTUEL BRIE PICARDIE (CRCAMBP)
77,48762543601412,admissible_et_classe,,2026-10-08T12:19:39.960081+00:00,CAISSE REGIONALE DE CREDIT AGRICOLE MUTUEL BRIE PICARDIE (CRCAMBP)
77,48762543601420,admissible_et_classe,,2026-10-08T12:19:40.232417+00:00,CAISSE REGIONALE DE CREDIT AGRICOLE MUTUEL BRIE PICARDIE (CRCAMBP)
77,48762543601446,admissible_et_classe,,2026-10-08T12:19:40.361353+00:00,CAISSE REGIONALE DE CREDIT AGRICOLE MUTUEL BRIE PICARDIE (CRCAMBP)
77,48762543601453,admissible_et_classe,,2026-10-08T12:19:40.561418+00:00,CAISSE REGIONALE DE CREDIT AGRICOLE MUTUEL BRIE PICARDIE (CRCAMBP)
77,48762543601461,admissible_et_classe,,2026-10-08T12:19:40.822067+00:00,CAISSE REGIONALE DE CREDIT AGRICOLE MUTUEL BRIE PICARDIE (CRCAMBP)
77,48762543601479,admissible_et_classe,,2026-10-08T12:19:40.964534+00:00,CAISSE REGIONALE DE CREDIT AGRICOLE MUTUEL BRIE PICARDIE (CRCAMBP)
77,48762543601487,admissible_et_classe,,2026-10-08T12:19:41.189550+00:00,CAISSE REGIONALE DE CREDIT AGRICOLE MUTUEL BRIE PICARDIE (CRCAMBP)
77,48762543601495,admissible_et_classe,,2026-10-08T12:19:41.373404+00:00,CAISSE REGIONALE DE CREDIT AGRICOLE MUTUEL BRIE PICARDIE (CRCAMBP)
77,48762543601529,admissible_et_classe,,2026-10-08T12:19:41.592490+00:00,CAISSE REGIONALE DE CREDIT AGRICOLE MUTUEL BRIE PICARDIE (CRCAMBP)
77,48762543601537,admissible_et_classe,,2026-10-08T12:19:41.772467+00:00,CAISSE REGIONALE DE CREDIT AGRICOLE MUTUEL BRIE PICARDIE (CRCAMBP)
77,48762543601552,admissible_et_classe,,2026-10-08T12:19:41.980921+00:00,CAISSE REGIONALE DE CREDIT AGRICOLE MUTUEL BRIE PICARDIE (CRCAMBP)
77,48762543601560,admissible_et_classe,,2026-10-08T12:19:42.217494+00:00,CAISSE REGIONALE DE CREDIT AGRICOLE MUTUEL BRIE PICARDIE (CRCAMBP)
77,48762543601586,admissible_et_classe,,2026-10-08T12:19:42.413062+00:00,CAISSE REGIONALE DE CREDIT AGRICOLE MUTUEL BRIE PICARDIE (CRCAMBP)
77,48762543601990,admissible_et_classe,,2026-10-08T12:19:42.601202+00:00,CAISSE REGIONALE DE CREDIT AGRICOLE MUTUEL BRIE PICARDIE (CRCAMBP)
77,48762543602089,admissible_et_classe,,2026-10-08T12:19:42.834513+00:00,CAISSE REGIONALE DE CREDIT AGRICOLE MUTUEL BRIE PICARDIE (CRCAMBP)
77,48762543602097,admissible_et_classe,,2026-10-08T12:19:43.065345+00:00,CAISSE REGIONALE DE CREDIT AGRICOLE MUTUEL BRIE PICARDIE (CRCAMBP)
77,48762543602105,admissible_et_classe,,2026-10-08T12:19:43.218842+00:00,CAISSE REGIONALE DE CREDIT AGRICOLE MUTUEL BRIE PICARDIE (CRCAMBP)
77,48762543602121,admissible_et_classe,,2026-10-08T12:19:43.405175+00:00,CAISSE REGIONALE DE CREDIT AGRICOLE MUTUEL BRIE PICARDIE (CRCAMBP)
77,48762543602139,admissible_et_classe,,2026-10-08T12:19:43.622230+00:00,CAISSE REGIONALE DE CREDIT AGRICOLE MUTUEL BRIE PICARDIE (CRCAMBP)
77,48762543602238,admissible_et_classe,,2026-10-08T12:19:43.814411+00:00,CAISSE REGIONALE DE CREDIT AGRICOLE MUTUEL BRIE PICARDIE (CRCAMBP)
77,48762543602246,admissible_et_classe,,2026-10-08T12:19:44.166763+00:00,CAISSE REGIONALE DE CREDIT AGRICOLE MUTUEL BRIE PICARDIE (CRCAMBP)
77,48762543602535,admissible_et_classe,,2026-10-08T12:19:44.246991+00:00,CAISSE REGIONALE DE CREDIT AGRICOLE MUTUEL BRIE PICARDIE (CRCAMBP)
77,48762543602543,admissible_et_classe,,2026-10-08T12:19:44.430134+00:00,CAISSE REGIONALE DE CREDIT AGRICOLE MUTUEL BRIE PICARDIE (CRCAMBP)
77,48762543602550,admissible_et_classe,,2026-10-08T12:19:44.666704+00:00,CAISSE REGIONALE DE CREDIT AGRICOLE MUTUEL BRIE PICARDIE (CRCAMBP)
77,48762543602576,admissible_et_classe,,2026-10-08T12:19:44.823961+00:00,CAISSE REGIONALE DE CREDIT AGRICOLE MUTUEL BRIE PICARDIE (CRCAMBP)
77,48762543602592,admissible_et_classe,,2026-10-08T12:19:45.028738+00:00,CAISSE REGIONALE DE CREDIT AGRICOLE MUTUEL BRIE PICARDIE (CRCAMBP)
77,48762543602634,admissible_et_classe,,2026-10-08T12:19:45.237292+00:00,CAISSE REGIONALE DE CREDIT AGRICOLE MUTUEL BRIE PICARDIE (CRCAMBP)
77,48762543602659,admissible_et_classe,,2026-10-08T12:19:45.437834+00:00,CAISSE REGIONALE DE CREDIT AGRICOLE MUTUEL BRIE PICARDIE (CRCAMBP)
77,48762543602667,admissible_et_classe,,2026-10-08T12:19:45.638668+00:00,CAISSE REGIONALE DE CREDIT AGRICOLE MUTUEL BRIE PICARDIE (CRCAMBP)
94,48773772800187,rejete_au_controle_actuel,sans_position,2026-10-08T12:33:51.327553+00:00,
77,48780325600022,rejete_au_controle_actuel,sans_position,2026-10-08T12:19:45.835060+00:00,
94,48862425501068,admissible_et_classe,,2026-10-08T12:33:51.840621+00:00,SOUS MON TOIT (DESTIA)
77,48937569101204,admissible_et_classe,,2026-10-08T12:19:46.254432+00:00,BIEN A LA MAISON (ONELA)
77,48937569101311,admissible_et_classe,,2026-10-08T12:19:46.458028+00:00,BIEN A LA MAISON (ONELA)
77,48937569101402,admissible_et_classe,,2026-10-08T12:19:46.656437+00:00,BIEN A LA MAISON (ONELA)
77,48977216000037,rejete_au_controle_actuel,sans_position,2026-10-08T12:19:46.862521+00:00,
77,49001470100034,rejete_au_controle_actuel,sans_position,2026-10-08T12:19:47.103945+00:00,
77,49007233701042,admissible_et_classe,,2026-10-08T12:19:47.330807+00:00,C & M GESTION (CIMM GESTION - GEST'IN)
77,49007233701315,admissible_et_classe,,2026-10-08T12:19:47.476855+00:00,C & M GESTION (CIMM GESTION - GEST'IN)
94,49007233701836,admissible_et_classe,,2026-10-08T12:33:51.720280+00:00,C & M GESTION (CIMM GESTION - GEST'IN)
94,49007233701927,admissible_et_classe,,2026-10-08T12:33:52.177178+00:00,C & M GESTION (CIMM GESTION - GEST'IN)
93,49016174200039,rejete_au_classement,hors_filtre_nom,2026-10-08T12:27:15.648506+00:00,SARL EXPERTIMMO PARIS
94,49017612000445,admissible_et_classe,,2026-10-08T12:33:52.215626+00:00,APPART'CITY
93,49017612000635,admissible_et_classe,,2026-10-08T12:27:15.862008+00:00,APPART'CITY
93,49017612000643,admissible_et_classe,,2026-10-08T12:27:16.076140+00:00,APPART'CITY
77,49017612000841,admissible_et_classe,,2026-10-08T12:19:47.676091+00:00,APPART'CITY
93,49017612000858,admissible_et_classe,,2026-10-08T12:27:16.268595+00:00,APPART'CITY
77,49035610201211,admissible_et_classe,,2026-10-08T12:19:47.876301+00:00,BLUE SARK
77,49035610201310,admissible_et_classe,,2026-10-08T12:19:48.082503+00:00,BLUE SARK
94,49035610201351,admissible_et_classe,,2026-10-08T12:33:52.327693+00:00,BLUE SARK
94,49035610201559,admissible_et_classe,,2026-10-08T12:33:52.583577+00:00,BLUE SARK
77,49039081200041,rejete_au_controle_actuel,sans_position,2026-10-08T12:19:48.294221+00:00,
77,49047337800050,rejete_au_classement,hors_filtre_nom,2026-10-08T12:19:48.483560+00:00,FVP CONTROLE
77,49055071200122,rejete_au_classement,hors_filtre_nom,2026-10-08T12:19:48.685119+00:00,EFECTIS FRANCE
94,49067629300320,rejete_au_classement,hors_filtre_nom,2026-10-08T12:33:52.758913+00:00,QUALICONSULT IMMOBILIER
93,49067629301039,rejete_au_classement,hors_filtre_nom,2026-10-08T12:27:16.512579+00:00,QUALICONSULT IMMOBILIER
77,49067629301112,rejete_au_classement,hors_filtre_nom,2026-10-08T12:19:48.898253+00:00,QUALICONSULT IMMOBILIER
93,49074867001388,admissible_et_classe,,2026-10-08T10:37:12.386723+00:00,"RISESMART FRANCE (RANDSTAD RISESMART, HR CONSULTANCY PARTNERS,) (VAR)"
77,49079559800013,rejete_au_controle_actuel,sans_position,2026-10-08T12:19:49.083880+00:00,
77,49098355800043,rejete_au_controle_actuel,sans_position,2026-10-08T12:19:49.291678+00:00,
77,49107702000932,rejete_au_controle_actuel,sans_position,2026-10-08T12:19:49.515964+00:00,
77,49109844800039,rejete_au_controle_actuel,sans_position,2026-10-08T12:19:49.698059+00:00,
77,49147158700023,rejete_au_controle_actuel,sans_position,2026-10-08T12:19:49.906529+00:00,
77,49250316400013,rejete_au_controle_actuel,sans_position,2026-10-08T12:19:50.189920+00:00,
77,49267915400053,rejete_au_classement,hors_filtre_nom,2026-10-08T12:19:50.306915+00:00,ASSISQUAL
94,49276454300046,rejete_au_controle_actuel,sans_position,2026-10-08T12:33:52.986939+00:00,
94,49278795701148,admissible_et_classe,,2026-10-08T10:38:11.413496+00:00,GRANDVISION FRANCE
94,49278795701205,admissible_et_classe,,2026-10-08T10:38:11.604726+00:00,GRANDVISION FRANCE
93,49278795702021,admissible_et_classe,,2026-10-08T10:37:12.562345+00:00,GRANDVISION FRANCE
93,49278795702047,admissible_et_classe,,2026-10-08T10:37:12.774333+00:00,GRANDVISION FRANCE
93,49278795702054,admissible_et_classe,,2026-10-08T10:37:12.992557+00:00,GRANDVISION FRANCE
77,49278795702526,admissible_et_classe,,2026-10-08T10:36:28.033868+00:00,GRANDVISION FRANCE
77,49278795702542,admissible_et_classe,,2026-10-08T10:36:28.221444+00:00,GRANDVISION FRANCE
77,49278795702971,admissible_et_classe,,2026-10-08T10:36:28.416786+00:00,GRANDVISION FRANCE
77,49278795702989,admissible_et_classe,,2026-10-08T10:36:28.627373+00:00,GRANDVISION FRANCE
77,49278795702997,admissible_et_classe,,2026-10-08T10:36:28.832163+00:00,GRANDVISION FRANCE
94,49278795703144,admissible_et_classe,,2026-10-08T12:33:53.158553+00:00,GRANDVISION FRANCE
94,49278795703151,admissible_et_classe,,2026-10-08T12:33:53.383186+00:00,GRANDVISION FRANCE
94,49278795703169,admissible_et_classe,,2026-10-08T12:33:53.562722+00:00,GRANDVISION FRANCE
93,49278795703383,admissible_et_classe,,2026-10-08T12:27:17.741114+00:00,GRANDVISION FRANCE
93,49278795703391,admissible_et_classe,,2026-10-08T12:27:17.947446+00:00,GRANDVISION FRANCE
93,49278795703409,admissible_et_classe,,2026-10-08T12:27:18.155596+00:00,GRANDVISION FRANCE
77,49278795703532,admissible_et_classe,,2026-10-08T12:19:50.526312+00:00,GRANDVISION FRANCE
93,49278795703730,admissible_et_classe,,2026-10-08T12:27:18.356358+00:00,GRANDVISION FRANCE
94,49278795703805,admissible_et_classe,,2026-10-08T12:33:53.767828+00:00,GRANDVISION FRANCE
93,49278795703987,admissible_et_classe,,2026-10-08T12:27:18.561394+00:00,GRANDVISION FRANCE
77,49278795704175,admissible_et_classe,,2026-10-08T12:19:50.726309+00:00,GRANDVISION FRANCE
77,49278795704217,admissible_et_classe,,2026-10-08T12:19:50.934484+00:00,GRANDVISION FRANCE
93,49278795704290,admissible_et_classe,,2026-10-08T12:27:18.766421+00:00,GRANDVISION FRANCE
93,49278795704340,admissible_et_classe,,2026-10-08T12:27:18.971078+00:00,GRANDVISION FRANCE
93,49278795704357,admissible_et_classe,,2026-10-08T12:27:19.176053+00:00,GRANDVISION FRANCE
77,49278795704449,admissible_et_classe,,2026-10-08T12:19:51.142826+00:00,GRANDVISION FRANCE
77,49278795704654,admissible_et_classe,,2026-10-08T12:19:51.338433+00:00,GRANDVISION FRANCE
77,49278795704829,admissible_et_classe,,2026-10-08T12:19:51.536804+00:00,GRANDVISION FRANCE
94,49278795704944,admissible_et_classe,,2026-10-08T12:33:53.980610+00:00,GRANDVISION FRANCE
94,49278795704969,admissible_et_classe,,2026-10-08T12:33:54.330016+00:00,GRANDVISION FRANCE
93,49278795705016,admissible_et_classe,,2026-10-08T12:27:19.381022+00:00,GRANDVISION FRANCE
77,49278795705032,admissible_et_classe,,2026-10-08T12:19:51.791323+00:00,GRANDVISION FRANCE
93,49278795705057,admissible_et_classe,,2026-10-08T12:27:19.584924+00:00,GRANDVISION FRANCE
94,49278795705362,admissible_et_classe,,2026-10-08T12:33:54.405808+00:00,GRANDVISION FRANCE
77,49278795705602,admissible_et_classe,,2026-10-08T12:19:51.942094+00:00,GRANDVISION FRANCE
94,49278795705669,admissible_et_classe,,2026-10-08T12:33:54.593424+00:00,GRANDVISION FRANCE
77,49278795705800,admissible_et_classe,,2026-10-08T12:19:52.184718+00:00,GRANDVISION FRANCE
94,49278795706196,admissible_et_classe,,2026-10-08T12:33:54.873557+00:00,GRANDVISION FRANCE
77,49294164600043,rejete_au_classement,hors_filtre_nom,2026-10-08T12:19:52.343263+00:00,D-GEOSERVICES
93,49299933900046,rejete_au_classement,hors_filtre_nom,2026-10-08T12:27:19.996071+00:00,GIE GEODIAG 93
93,49313901800011,rejete_au_controle_actuel,ferme_ou_autre_departement,2026-10-08T10:37:13.175367+00:00,
77,49319140701027,rejete_au_controle_actuel,sans_position,2026-10-08T12:19:52.760251+00:00,
93,49319140701159,admissible_et_classe,,2026-10-08T12:27:20.200894+00:00,KUEHNE + NAGEL ROAD
77,49338400200017,rejete_au_controle_actuel,sans_position,2026-10-08T12:19:52.962058+00:00,
93,49398343100161,admissible_et_classe,,2026-10-08T10:37:13.388763+00:00,CAFAN
77,49398343100849,admissible_et_classe,,2026-10-08T10:36:29.047621+00:00,CAFAN
94,49398343100971,admissible_et_classe,,2026-10-08T10:38:11.828546+00:00,CAFAN
77,49398343102084,admissible_et_classe,,2026-10-08T12:19:53.339269+00:00,CAFAN
94,49398343102407,admissible_et_classe,,2026-10-08T12:33:54.991212+00:00,CAFAN
93,49398343102621,admissible_et_classe,,2026-10-08T12:27:20.409924+00:00,CAFAN
77,49398343102704,admissible_et_classe,,2026-10-08T12:19:53.502119+00:00,CAFAN
94,49398343102779,admissible_et_classe,,2026-10-08T12:33:55.209363+00:00,CAFAN
77,49413274900248,rejete_au_classement,hors_filtre_nom,2026-10-08T12:19:53.579171+00:00,ABC AUTO BETON CONTROLES
77,49476899700012,rejete_au_controle_actuel,sans_position,2026-10-08T12:19:53.769585+00:00,
93,49495677401072,admissible_et_classe,,2026-10-08T12:27:21.218079+00:00,DHL INTERNATIONAL EXPRESS (FRANCE)
77,49495677401114,admissible_et_classe,,2026-10-08T12:19:53.970674+00:00,DHL INTERNATIONAL EXPRESS (FRANCE)
77,49495677401130,admissible_et_classe,,2026-10-08T12:19:54.170188+00:00,DHL INTERNATIONAL EXPRESS (FRANCE)
94,49526914400020,rejete_au_classement,hors_filtre_nom,2026-10-08T12:33:55.392201+00:00,C E D I M CABINET D EXPERTISES ET DIAGNOSTICS IMMOBILIERS
94,49793393700169,rejete_au_controle_actuel,sans_position,2026-10-08T12:33:55.589094+00:00,
94,49798419500022,rejete_au_controle_actuel,sans_position,2026-10-08T12:33:55.790569+00:00,
94,49876789600026,rejete_au_classement,hors_filtre_nom,2026-10-08T12:33:56.019763+00:00,SODIAG
77,49937434600025,rejete_au_controle_actuel,sans_position,2026-10-08T12:19:54.377509+00:00,
77,49949298100059,rejete_au_controle_actuel,sans_position,2026-10-08T12:19:54.578538+00:00,
94,49978425400033,rejete_au_controle_actuel,sans_position,2026-10-08T12:33:56.211068+00:00,
93,49981945600041,rejete_au_classement,hors_filtre_nom,2026-10-08T12:27:21.629844+00:00,CAPDIAG
77,50010949100042,rejete_au_classement,hors_filtre_nom,2026-10-08T12:19:54.985313+00:00,FMDC DIAGNOSTICS
94,50039315200045,rejete_au_classement,hors_filtre_nom,2026-10-08T12:33:56.423480+00:00,SERVICE PREVENTION LEVAGE (SPLM)
77,50049034700019,rejete_au_controle_actuel,sans_position,2026-10-08T12:19:55.187499+00:00,
94,50056940500722,admissible_et_classe,,2026-10-08T12:33:56.645407+00:00,DECATHLON FRANCE
77,50056940500813,admissible_et_classe,,2026-10-08T12:19:55.403931+00:00,DECATHLON FRANCE
77,50056940500938,admissible_et_classe,,2026-10-08T12:19:55.641551+00:00,DECATHLON FRANCE
77,50056940500946,admissible_et_classe,,2026-10-08T12:19:55.810590+00:00,DECATHLON FRANCE
94,50056940501613,admissible_et_classe,,2026-10-08T10:38:12.052320+00:00,DECATHLON FRANCE
77,50056940501928,admissible_et_classe,,2026-10-08T10:36:29.248308+00:00,DECATHLON FRANCE
93,50056940502074,admissible_et_classe,,2026-10-08T10:37:13.588459+00:00,DECATHLON FRANCE
93,50056940502082,admissible_et_classe,,2026-10-08T10:37:13.815391+00:00,DECATHLON FRANCE
77,50056940502363,admissible_et_classe,,2026-10-08T12:19:56.095362+00:00,DECATHLON FRANCE
77,50056940502546,admissible_et_classe,,2026-10-08T12:19:56.217476+00:00,DECATHLON FRANCE
77,50056940502660,admissible_et_classe,,2026-10-08T12:19:56.414342+00:00,DECATHLON FRANCE
77,50056940502983,admissible_et_classe,,2026-10-08T12:19:56.619202+00:00,DECATHLON FRANCE
94,50097221100014,rejete_au_classement,hors_filtre_nom,2026-10-08T12:33:56.835022+00:00,DIAGNOSTICS PRO
93,50114186500045,rejete_au_controle_actuel,ferme_ou_autre_departement,2026-10-08T12:27:21.775700+00:00,
77,50137929100419,rejete_au_controle_actuel,sans_position,2026-10-08T12:19:56.825330+00:00,
77,50161028100013,rejete_au_controle_actuel,sans_position,2026-10-08T12:19:57.012775+00:00,
77,50196654300016,rejete_au_classement,hors_filtre_nom,2026-10-08T12:19:57.213718+00:00,FAREVACARE
77,50204908300020,rejete_au_classement,hors_filtre_nom,2026-10-08T12:19:57.413799+00:00,LA KERILOISE (TOUR EXPERTISES) (TOUR EXPERTISES)
77,50220710300016,rejete_au_controle_actuel,sans_position,2026-10-08T12:19:57.627979+00:00,
94,50302753401537,admissible_et_classe,,2026-10-08T12:33:57.029745+00:00,UNIVET
93,50302753401578,admissible_et_classe,,2026-10-08T12:27:22.043414+00:00,UNIVET
77,50313020500019,rejete_au_controle_actuel,sans_position,2026-10-08T12:19:57.879473+00:00,
94,50332104400037,rejete_au_classement,hors_filtre_nom,2026-10-08T12:33:57.226171+00:00,DIAGMANIA (DIAGNOSTIC-IMMOBILIER PRO)
94,50348848800043,rejete_au_controle_actuel,sans_position,2026-10-08T12:33:57.429937+00:00,
77,50365431100011,rejete_au_controle_actuel,sans_position,2026-10-08T12:19:58.026469+00:00,
93,50369821900014,rejete_au_controle_actuel,ferme_ou_autre_departement,2026-10-08T10:37:14.028193+00:00,
93,50369866401712,admissible_et_classe,,2026-10-08T10:37:14.207937+00:00,FONCIA TRANSACTION FRANCE
77,50369866402785,admissible_et_classe,,2026-10-08T12:19:58.234675+00:00,FONCIA TRANSACTION FRANCE
77,50369866403437,admissible_et_classe,,2026-10-08T12:19:58.439321+00:00,FONCIA TRANSACTION FRANCE
77,50369866404047,admissible_et_classe,,2026-10-08T10:36:29.441371+00:00,FONCIA TRANSACTION FRANCE
93,50369866404070,admissible_et_classe,,2026-10-08T12:27:22.249075+00:00,FONCIA TRANSACTION FRANCE
77,50369866404286,admissible_et_classe,,2026-10-08T10:36:29.747935+00:00,FONCIA TRANSACTION FRANCE
93,50369866404518,admissible_et_classe,,2026-10-08T12:27:22.457122+00:00,FONCIA TRANSACTION FRANCE
77,50369866404831,admissible_et_classe,,2026-10-08T10:36:29.856337+00:00,FONCIA TRANSACTION FRANCE
77,50369866405184,admissible_et_classe,,2026-10-08T12:19:58.657462+00:00,FONCIA TRANSACTION FRANCE
94,50369866405630,admissible_et_classe,,2026-10-08T12:33:57.647942+00:00,FONCIA TRANSACTION FRANCE
93,50369866405663,admissible_et_classe,,2026-10-08T12:27:22.656494+00:00,FONCIA TRANSACTION FRANCE
94,50369866406414,admissible_et_classe,,2026-10-08T10:38:12.227748+00:00,FONCIA TRANSACTION FRANCE
93,50369866406620,admissible_et_classe,,2026-10-08T12:27:22.862177+00:00,FONCIA TRANSACTION FRANCE
77,50388099900092,rejete_au_controle_actuel,sans_position,2026-10-08T12:19:59.656972+00:00,
77,50388099900100,rejete_au_controle_actuel,sans_position,2026-10-08T12:19:59.858289+00:00,
77,50398670500054,rejete_au_classement,hors_filtre_nom,2026-10-08T12:20:00.065161+00:00,CHRONO DIAG EXPERTISES
93,50406266200029,rejete_au_controle_actuel,ferme_ou_autre_departement,2026-10-08T10:37:14.500456+00:00,
94,50454324000114,rejete_au_classement,hors_filtre_nom,2026-10-08T12:33:57.840294+00:00,UBAT CONTROLE (UBAT CONTROLE / UBAT FORMATION)
94,50471236500049,rejete_au_controle_actuel,ferme_ou_autre_departement,2026-10-08T10:38:12.420797+00:00,
77,50503704400839,rejete_au_classement,hors_filtre_nom,2026-10-08T12:20:00.272807+00:00,ADX GROUPE
77,50508669400039,rejete_au_classement,hors_filtre_nom,2026-10-08T12:20:00.468353+00:00,A'DIAG EXPERTISE
94,50540815300029,rejete_au_classement,hors_filtre_nom,2026-10-08T12:33:58.077904+00:00,AVITEK
77,50767689800012,rejete_au_controle_actuel,sans_position,2026-10-08T12:20:00.675564+00:00,
77,50806899600018,rejete_au_controle_actuel,sans_position,2026-10-08T12:20:00.873443+00:00,
77,50880102400011,rejete_au_classement,hors_filtre_nom,2026-10-08T12:20:01.078276+00:00,LOGEXPERT DIAGNOSTICS CONSEIL
94,50887591100028,rejete_au_controle_actuel,sans_position,2026-10-08T12:33:58.438751+00:00,
77,50942734000013,rejete_au_controle_actuel,sans_position,2026-10-08T12:20:01.306000+00:00,
77,50946672800011,rejete_au_controle_actuel,sans_position,2026-10-08T12:20:01.523023+00:00,
93,50950605100036,rejete_au_controle_actuel,ferme_ou_autre_departement,2026-10-08T12:27:23.271732+00:00,
77,50976094801099,admissible_et_classe,,2026-10-08T12:20:01.696699+00:00,F ASSISTANCE
93,50976094801198,admissible_et_classe,,2026-10-08T12:27:23.480873+00:00,F ASSISTANCE
93,50976094801214,admissible_et_classe,,2026-10-08T12:27:23.680527+00:00,F ASSISTANCE
77,50976094801347,admissible_et_classe,,2026-10-08T12:20:01.906569+00:00,F ASSISTANCE
94,50976094801479,admissible_et_classe,,2026-10-08T12:33:58.657285+00:00,F ASSISTANCE
94,50976094801511,admissible_et_classe,,2026-10-08T12:33:58.853377+00:00,F ASSISTANCE
77,50976094801578,admissible_et_classe,,2026-10-08T12:20:02.106049+00:00,F ASSISTANCE
77,50976094801594,admissible_et_classe,,2026-10-08T12:20:02.313918+00:00,F ASSISTANCE
93,50976094801636,admissible_et_classe,,2026-10-08T12:27:23.824674+00:00,F ASSISTANCE
77,51037310300017,rejete_au_controle_actuel,sans_position,2026-10-08T12:20:02.564023+00:00,
94,51114616900111,rejete_au_controle_actuel,sans_position,2026-10-08T12:33:59.097258+00:00,
77,51128022400011,rejete_au_controle_actuel,sans_position,2026-10-08T12:20:03.043645+00:00,
77,51189570800010,rejete_au_controle_actuel,sans_position,2026-10-08T12:20:03.166309+00:00,
77,51252954600065,rejete_au_classement,hors_filtre_nom,2026-10-08T12:20:03.348703+00:00,BUREAU DE CERTIFICATION INTERNATIONAL FRANCE - B.C.I. (BCI FRANCE) (BCI-FRANCE)
77,51303500600016,rejete_au_controle_actuel,sans_position,2026-10-08T12:20:03.657544+00:00,
94,51308181000063,rejete_au_controle_actuel,sans_position,2026-10-08T12:33:59.248778+00:00,
77,51334097600010,rejete_au_controle_actuel,sans_position,2026-10-08T12:20:03.878450+00:00,
77,51349961600011,rejete_au_controle_actuel,sans_position,2026-10-08T12:20:04.264675+00:00,
77,51408083701063,rejete_au_controle_actuel,sans_position,2026-10-08T12:20:04.297296+00:00,
77,51426667500099,admissible_et_classe,,2026-10-08T12:20:04.348868+00:00,L'OPTICIEN AFFLELOU
93,51426667500826,admissible_et_classe,,2026-10-08T12:27:24.028315+00:00,L'OPTICIEN AFFLELOU
77,51428499100015,rejete_au_controle_actuel,sans_position,2026-10-08T12:20:04.547759+00:00,
94,51509956200222,admissible_et_classe,,2026-10-08T10:38:12.644830+00:00,CALZEDONIA FRANCE
93,51509956200230,admissible_et_classe,,2026-10-08T10:37:14.617646+00:00,CALZEDONIA FRANCE
77,51509956200321,admissible_et_classe,,2026-10-08T10:36:30.061539+00:00,CALZEDONIA FRANCE
77,51509956200347,admissible_et_classe,,2026-10-08T10:36:30.266928+00:00,CALZEDONIA FRANCE
77,51509956200388,admissible_et_classe,,2026-10-08T10:36:30.466501+00:00,CALZEDONIA FRANCE
93,51509956200669,admissible_et_classe,,2026-10-08T10:37:14.827762+00:00,CALZEDONIA FRANCE
93,51509956200685,admissible_et_classe,,2026-10-08T10:37:15.058370+00:00,CALZEDONIA FRANCE
94,51509956201253,admissible_et_classe,,2026-10-08T12:33:59.530765+00:00,CALZEDONIA FRANCE
94,51509956201535,admissible_et_classe,,2026-10-08T12:33:59.794968+00:00,CALZEDONIA FRANCE
77,51756424100043,rejete_au_controle_actuel,sans_position,2026-10-08T12:20:04.746598+00:00,
94,51862202200011,rejete_au_classement,hors_filtre_nom,2026-10-08T12:33:59.854578+00:00,DIAG 2M
93,51866641700036,rejete_au_classement,hors_filtre_nom,2026-10-08T12:27:24.227651+00:00,KAPECO IDF SARL (KAPECO)
93,51876987200012,rejete_au_controle_actuel,ferme_ou_autre_departement,2026-10-08T12:27:24.478435+00:00,
77,51879703000013,rejete_au_controle_actuel,sans_position,2026-10-08T12:20:05.012837+00:00,
93,51942834600018,rejete_au_controle_actuel,ferme_ou_autre_departement,2026-10-08T10:37:15.240260+00:00,
77,51955732600054,rejete_au_controle_actuel,sans_position,2026-10-08T12:20:05.148864+00:00,
77,51978079501156,admissible_et_classe,,2026-10-08T12:20:05.355316+00:00,SOCULTUR
93,52057447600047,rejete_au_classement,hors_filtre_nom,2026-10-08T12:27:24.573072+00:00,CHRONO DIAGNOSTIC
93,52104269700016,rejete_au_controle_actuel,ferme_ou_autre_departement,2026-10-08T10:37:15.444639+00:00,
94,52179523700036,admissible_et_classe,,2026-10-08T12:34:00.244881+00:00,KIKO FRANCE
77,52179523700044,admissible_et_classe,,2026-10-08T12:20:06.410287+00:00,KIKO FRANCE
93,52179523700069,admissible_et_classe,,2026-10-08T12:27:24.989520+00:00,KIKO FRANCE
93,52179523700085,admissible_et_classe,,2026-10-08T12:27:25.202451+00:00,KIKO FRANCE
77,52179523700143,admissible_et_classe,,2026-10-08T12:20:06.619324+00:00,KIKO FRANCE
77,52179523700150,admissible_et_classe,,2026-10-08T12:20:06.789948+00:00,KIKO FRANCE
93,52179523700226,admissible_et_classe,,2026-10-08T12:27:25.407780+00:00,KIKO FRANCE
94,52179523700317,admissible_et_classe,,2026-10-08T12:34:00.266162+00:00,KIKO FRANCE
77,52179523700382,admissible_et_classe,,2026-10-08T12:20:07.003614+00:00,KIKO FRANCE
77,52179523700390,admissible_et_classe,,2026-10-08T12:20:07.197285+00:00,KIKO FRANCE
94,52179523700507,admissible_et_classe,,2026-10-08T12:34:00.463486+00:00,KIKO FRANCE
77,52179523700697,admissible_et_classe,,2026-10-08T12:20:07.381931+00:00,KIKO FRANCE
93,52179523702032,admissible_et_classe,,2026-10-08T12:27:25.598005+00:00,KIKO FRANCE
94,52179523702040,admissible_et_classe,,2026-10-08T12:34:00.664488+00:00,KIKO FRANCE
93,52184761600047,rejete_au_controle_actuel,sans_position,2026-10-08T12:27:25.795910+00:00,
93,52194292000054,rejete_au_classement,hors_filtre_nom,2026-10-08T12:27:26.004629+00:00,ARKHEDIA (ARKHEDIA)
93,52197699300084,rejete_au_controle_actuel,sans_position,2026-10-08T12:27:26.210379+00:00,
93,52214175300031,rejete_au_classement,hors_filtre_nom,2026-10-08T12:27:26.406489+00:00,PRO TECH ROUTES
77,52220292800027,rejete_au_controle_actuel,sans_position,2026-10-08T12:20:07.679483+00:00,
77,52251045200090,rejete_au_controle_actuel,sans_position,2026-10-08T12:20:07.793687+00:00,
94,52272747800029,rejete_au_classement,hors_filtre_nom,2026-10-08T12:34:00.868629+00:00,ACAPA
94,52273384900031,rejete_au_controle_actuel,ferme_ou_autre_departement,2026-10-08T12:34:01.069415+00:00,
77,52378011200026,rejete_au_controle_actuel,sans_position,2026-10-08T12:20:07.991316+00:00,
77,52388562200051,admissible_et_classe,,2026-10-08T10:36:30.807609+00:00,BLEU LIBELLULE FRANCE
93,52388562200143,admissible_et_classe,,2026-10-08T10:37:15.655631+00:00,BLEU LIBELLULE FRANCE
94,52388562200192,admissible_et_classe,,2026-10-08T12:34:01.283156+00:00,BLEU LIBELLULE FRANCE
94,52388562200291,admissible_et_classe,,2026-10-08T12:34:01.489545+00:00,BLEU LIBELLULE FRANCE
94,52388562200309,admissible_et_classe,,2026-10-08T12:34:01.684713+00:00,BLEU LIBELLULE FRANCE
77,52388562200622,admissible_et_classe,,2026-10-08T10:36:30.893804+00:00,BLEU LIBELLULE FRANCE
93,52388562200747,admissible_et_classe,,2026-10-08T10:37:15.887736+00:00,BLEU LIBELLULE FRANCE
93,52388562200762,admissible_et_classe,,2026-10-08T10:37:16.080110+00:00,BLEU LIBELLULE FRANCE
94,52388562200846,admissible_et_classe,,2026-10-08T12:34:01.888776+00:00,BLEU LIBELLULE FRANCE
94,52388562202032,admissible_et_classe,,2026-10-08T10:38:12.850876+00:00,BLEU LIBELLULE FRANCE
77,52503152201406,admissible_et_classe,,2026-10-08T10:36:31.078955+00:00,FIDAL
77,52503152201604,admissible_et_classe,,2026-10-08T10:36:31.296498+00:00,FIDAL
77,52504595100122,rejete_au_controle_actuel,sans_position,2026-10-08T12:20:08.401754+00:00,
93,52757314100472,rejete_au_classement,hors_filtre_nom,2026-10-08T12:27:26.619434+00:00,APAVE
77,52757314100480,rejete_au_classement,hors_filtre_nom,2026-10-08T12:20:08.749443+00:00,APAVE
94,52779448100038,rejete_au_controle_actuel,sans_position,2026-10-08T12:34:02.077557+00:00,
77,52839893600013,rejete_au_controle_actuel,sans_position,2026-10-08T12:20:08.812104+00:00,
93,52857022900336,admissible_et_classe,,2026-10-08T10:37:16.348929+00:00,LPCR GROUPE (LES PETITS CHAPERONS ROUGES)
93,52857022900344,admissible_et_classe,,2026-10-08T10:37:16.552839+00:00,LPCR GROUPE (LES PETITS CHAPERONS ROUGES)
93,52857022900351,admissible_et_classe,,2026-10-08T10:37:16.758566+00:00,LPCR GROUPE (LES PETITS CHAPERONS ROUGES)
94,52857022900401,admissible_et_classe,,2026-10-08T10:38:13.166441+00:00,LPCR GROUPE (LES PETITS CHAPERONS ROUGES)
94,52857022900427,admissible_et_classe,,2026-10-08T10:38:13.283659+00:00,LPCR GROUPE (LES PETITS CHAPERONS ROUGES)
94,52857022900724,admissible_et_classe,,2026-10-08T10:38:13.470256+00:00,LPCR GROUPE (LES PETITS CHAPERONS ROUGES)
93,52857022900815,admissible_et_classe,,2026-10-08T10:37:16.962467+00:00,LPCR GROUPE (LES PETITS CHAPERONS ROUGES)
94,52857022900922,admissible_et_classe,,2026-10-08T10:38:13.693688+00:00,LPCR GROUPE (LES PETITS CHAPERONS ROUGES)
94,52857022902134,admissible_et_classe,,2026-10-08T12:34:02.305610+00:00,LPCR GROUPE (LES PETITS CHAPERONS ROUGES)
94,52857022902142,admissible_et_classe,,2026-10-08T12:34:02.497308+00:00,LPCR GROUPE (LES PETITS CHAPERONS ROUGES)
77,52857022902217,admissible_et_classe,,2026-10-08T12:20:09.049352+00:00,LPCR GROUPE (LES PETITS CHAPERONS ROUGES)
94,52857022902258,admissible_et_classe,,2026-10-08T12:34:02.696089+00:00,LPCR GROUPE (LES PETITS CHAPERONS ROUGES)
77,52857022902357,admissible_et_classe,,2026-10-08T12:20:09.238925+00:00,LPCR GROUPE (LES PETITS CHAPERONS ROUGES)
94,52857022902407,admissible_et_classe,,2026-10-08T12:34:02.904850+00:00,LPCR GROUPE (LES PETITS CHAPERONS ROUGES)
93,52857022903280,rejete_au_controle_actuel,sans_position,2026-10-08T12:27:26.839355+00:00,
93,52857022903454,admissible_et_classe,,2026-10-08T12:27:27.022943+00:00,LPCR GROUPE (LES PETITS CHAPERONS ROUGES)
77,52857022903470,admissible_et_classe,,2026-10-08T12:20:09.431617+00:00,LPCR GROUPE (LES PETITS CHAPERONS ROUGES)
77,52857022903769,admissible_et_classe,,2026-10-08T12:20:09.640892+00:00,LPCR GROUPE (LES PETITS CHAPERONS ROUGES)
77,52857022903777,admissible_et_classe,,2026-10-08T12:20:09.901784+00:00,LPCR GROUPE (LES PETITS CHAPERONS ROUGES)
77,52857022903785,admissible_et_classe,,2026-10-08T12:20:10.055177+00:00,LPCR GROUPE (LES PETITS CHAPERONS ROUGES)
94,52864889202962,admissible_et_classe,,2026-10-08T12:34:03.109108+00:00,CHAUSSON MATERIAUX
94,52864889205122,admissible_et_classe,,2026-10-08T12:34:03.315122+00:00,CHAUSSON MATERIAUX
94,52864889205163,admissible_et_classe,,2026-10-08T12:34:03.507997+00:00,CHAUSSON MATERIAUX
93,52864889205718,admissible_et_classe,,2026-10-08T12:27:27.225677+00:00,CHAUSSON MATERIAUX
94,52864889206195,admissible_et_classe,,2026-10-08T10:38:13.892305+00:00,CHAUSSON MATERIAUX
77,52864889206328,admissible_et_classe,,2026-10-08T10:36:31.597979+00:00,CHAUSSON MATERIAUX
77,52864889206427,admissible_et_classe,,2026-10-08T10:36:31.702690+00:00,CHAUSSON MATERIAUX
77,52864889206435,admissible_et_classe,,2026-10-08T10:36:31.898343+00:00,CHAUSSON MATERIAUX
77,52864889206443,admissible_et_classe,,2026-10-08T10:36:32.109642+00:00,CHAUSSON MATERIAUX
77,52864889206484,admissible_et_classe,,2026-10-08T10:36:32.276249+00:00,CHAUSSON MATERIAUX
93,52864889206567,admissible_et_classe,,2026-10-08T12:27:27.462771+00:00,CHAUSSON MATERIAUX
77,52881537600157,admissible_et_classe,,2026-10-08T12:20:10.233678+00:00,F DISTRIBUTION
93,52881537600181,admissible_et_classe,,2026-10-08T10:37:17.374383+00:00,F DISTRIBUTION
93,52881537600413,admissible_et_classe,,2026-10-08T10:37:17.374775+00:00,F DISTRIBUTION
77,52881537600611,admissible_et_classe,,2026-10-08T12:20:10.441852+00:00,F DISTRIBUTION
94,52881537600629,admissible_et_classe,,2026-10-08T12:34:03.717244+00:00,F DISTRIBUTION
94,52881537600728,admissible_et_classe,,2026-10-08T12:34:03.917472+00:00,F DISTRIBUTION
77,52881537602039,admissible_et_classe,,2026-10-08T10:36:32.499463+00:00,F DISTRIBUTION
77,52881537602120,admissible_et_classe,,2026-10-08T10:36:32.690576+00:00,F DISTRIBUTION
77,52881537602328,admissible_et_classe,,2026-10-08T10:36:32.902089+00:00,F DISTRIBUTION
94,52881537602336,admissible_et_classe,,2026-10-08T10:38:14.099873+00:00,F DISTRIBUTION
77,52881537602393,admissible_et_classe,,2026-10-08T10:36:33.117411+00:00,F DISTRIBUTION
77,52915682000019,rejete_au_controle_actuel,sans_position,2026-10-08T12:20:10.633381+00:00,
77,52926220600038,rejete_au_classement,hors_filtre_nom,2026-10-08T12:20:11.256557+00:00,DIAGADOM
93,52955466900026,rejete_au_controle_actuel,sans_position,2026-10-08T12:27:27.631547+00:00,
94,52985031500126,rejete_au_controle_actuel,sans_position,2026-10-08T12:34:04.112780+00:00,
77,53020229000017,rejete_au_classement,hors_filtre_nom,2026-10-08T12:20:11.448210+00:00,COTEREG (COTEREG)
77,53039013700038,rejete_au_controle_actuel,sans_position,2026-10-08T12:20:11.651312+00:00,
93,53116270900145,admissible_et_classe,,2026-10-08T10:37:17.584909+00:00,PANDORA FRANCE
94,53116270900475,admissible_et_classe,,2026-10-08T10:38:14.313915+00:00,PANDORA FRANCE
77,53116270900657,admissible_et_classe,,2026-10-08T10:36:33.335568+00:00,PANDORA FRANCE
77,53116270900699,admissible_et_classe,,2026-10-08T10:36:33.524028+00:00,PANDORA FRANCE
93,53116270900954,admissible_et_classe,,2026-10-08T10:37:17.784550+00:00,PANDORA FRANCE
77,53116270901168,rejete_au_controle_actuel,sans_position,2026-10-08T12:20:11.852795+00:00,
94,53187851000035,rejete_au_classement,hors_filtre_nom,2026-10-08T12:34:04.312741+00:00,TEAMDISPLAYS
77,53200460300033,rejete_au_classement,hors_filtre_nom,2026-10-08T12:20:12.084843+00:00,LD CONTROLES PARIS
77,53350829700025,rejete_au_controle_actuel,sans_position,2026-10-08T12:20:12.256655+00:00,
77,53376806500013,rejete_au_controle_actuel,sans_position,2026-10-08T12:20:12.466623+00:00,
77,53383327300014,rejete_au_controle_actuel,sans_position,2026-10-08T12:20:12.663293+00:00,
77,53396363300029,rejete_au_controle_actuel,ferme_ou_autre_departement,2026-10-08T12:20:12.861892+00:00,
77,53422006600037,rejete_au_controle_actuel,sans_position,2026-10-08T12:20:13.061093+00:00,
93,53452299000033,rejete_au_classement,hors_filtre_nom,2026-10-08T12:27:28.053187+00:00,RISK CONTROL
77,53536477200025,rejete_au_classement,hors_filtre_nom,2026-10-08T12:20:13.267440+00:00,COORDICA CONSEIL
77,53785881300026,rejete_au_classement,hors_filtre_nom,2026-10-08T12:20:13.476776+00:00,AB DIAGNOSTIC (AB DIAGNOSTIC)
77,53824066400036,rejete_au_controle_actuel,sans_position,2026-10-08T12:20:13.674733+00:00,
93,53858781700049,rejete_au_controle_actuel,ferme_ou_autre_departement,2026-10-08T12:27:28.494184+00:00,
93,53866412900052,rejete_au_controle_actuel,sans_position,2026-10-08T12:27:28.699007+00:00,
94,53866522500032,rejete_au_controle_actuel,ferme_ou_autre_departement,2026-10-08T12:34:04.518312+00:00,
77,53882576100124,rejete_au_controle_actuel,sans_position,2026-10-08T12:20:13.913476+00:00,
94,53905908900018,rejete_au_controle_actuel,sans_position,2026-10-08T12:34:04.715052+00:00,
94,53992595800032,rejete_au_controle_actuel,naf_unite_hors_liste,2026-10-08T12:34:04.919787+00:00,
94,54201638102375,admissible_et_classe,,2026-10-08T10:38:14.518009+00:00,CREDIT INDUSTRIEL ET COMMERCIAL (CIC)
94,54201638102391,admissible_et_classe,,2026-10-08T10:38:14.727548+00:00,CREDIT INDUSTRIEL ET COMMERCIAL (CIC)
94,54201638102409,admissible_et_classe,,2026-10-08T10:38:14.938973+00:00,CREDIT INDUSTRIEL ET COMMERCIAL (CIC)
94,54201638102417,admissible_et_classe,,2026-10-08T10:38:15.151575+00:00,CREDIT INDUSTRIEL ET COMMERCIAL (CIC)
94,54201638102425,admissible_et_classe,,2026-10-08T10:38:15.354561+00:00,CREDIT INDUSTRIEL ET COMMERCIAL (CIC)
94,54201638102441,admissible_et_classe,,2026-10-08T10:38:15.555477+00:00,CREDIT INDUSTRIEL ET COMMERCIAL (CIC)
94,54201638102466,admissible_et_classe,,2026-10-08T10:38:15.768589+00:00,CREDIT INDUSTRIEL ET COMMERCIAL (CIC)
94,54201638102474,admissible_et_classe,,2026-10-08T10:38:15.961670+00:00,CREDIT INDUSTRIEL ET COMMERCIAL (CIC)
93,54201638102508,admissible_et_classe,,2026-10-08T12:27:28.905718+00:00,CREDIT INDUSTRIEL ET COMMERCIAL (CIC)
93,54201638102516,admissible_et_classe,,2026-10-08T12:27:29.111187+00:00,CREDIT INDUSTRIEL ET COMMERCIAL (CIC)
93,54201638102532,admissible_et_classe,,2026-10-08T12:27:29.313236+00:00,CREDIT INDUSTRIEL ET COMMERCIAL (CIC)
93,54201638102581,admissible_et_classe,,2026-10-08T12:27:29.518762+00:00,CREDIT INDUSTRIEL ET COMMERCIAL (CIC)
93,54201638102599,admissible_et_classe,,2026-10-08T12:27:29.723373+00:00,CREDIT INDUSTRIEL ET COMMERCIAL (CIC)
93,54201638102607,admissible_et_classe,,2026-10-08T12:27:29.930532+00:00,CREDIT INDUSTRIEL ET COMMERCIAL (CIC)
93,54201638102854,admissible_et_classe,,2026-10-08T12:27:30.132443+00:00,CREDIT INDUSTRIEL ET COMMERCIAL (CIC)
94,54201638102896,admissible_et_classe,,2026-10-08T10:38:16.189118+00:00,CREDIT INDUSTRIEL ET COMMERCIAL (CIC)
94,54201638103001,admissible_et_classe,,2026-10-08T10:38:16.372157+00:00,CREDIT INDUSTRIEL ET COMMERCIAL (CIC)
93,54201638103043,admissible_et_classe,,2026-10-08T12:27:30.337180+00:00,CREDIT INDUSTRIEL ET COMMERCIAL (CIC)
93,54201638103050,admissible_et_classe,,2026-10-08T12:27:30.543328+00:00,CREDIT INDUSTRIEL ET COMMERCIAL (CIC)
94,54201638103076,admissible_et_classe,,2026-10-08T10:38:16.581705+00:00,CREDIT INDUSTRIEL ET COMMERCIAL (CIC)
94,54201638103142,admissible_et_classe,,2026-10-08T10:38:16.782326+00:00,CREDIT INDUSTRIEL ET COMMERCIAL (CIC)
94,54201638103241,admissible_et_classe,,2026-10-08T10:38:16.996763+00:00,CREDIT INDUSTRIEL ET COMMERCIAL (CIC)
94,54201638103431,admissible_et_classe,,2026-10-08T12:34:05.235375+00:00,CREDIT INDUSTRIEL ET COMMERCIAL (CIC)
94,54201638103456,admissible_et_classe,,2026-10-08T12:34:05.343271+00:00,CREDIT INDUSTRIEL ET COMMERCIAL (CIC)
93,54201638103464,admissible_et_classe,,2026-10-08T12:27:30.758865+00:00,CREDIT INDUSTRIEL ET COMMERCIAL (CIC)
93,54201638103472,admissible_et_classe,,2026-10-08T12:27:30.956358+00:00,CREDIT INDUSTRIEL ET COMMERCIAL (CIC)
94,54201638103514,admissible_et_classe,,2026-10-08T12:34:05.538467+00:00,CREDIT INDUSTRIEL ET COMMERCIAL (CIC)
93,54201638103647,admissible_et_classe,,2026-10-08T12:27:31.156624+00:00,CREDIT INDUSTRIEL ET COMMERCIAL (CIC)
93,54201638103753,admissible_et_classe,,2026-10-08T12:27:31.364052+00:00,CREDIT INDUSTRIEL ET COMMERCIAL (CIC)
94,54201638103761,admissible_et_classe,,2026-10-08T12:34:05.896159+00:00,CREDIT INDUSTRIEL ET COMMERCIAL (CIC)
93,54201638103779,admissible_et_classe,,2026-10-08T12:27:31.562149+00:00,CREDIT INDUSTRIEL ET COMMERCIAL (CIC)
93,54201638103787,admissible_et_classe,,2026-10-08T12:27:31.770482+00:00,CREDIT INDUSTRIEL ET COMMERCIAL (CIC)
94,54201638103993,admissible_et_classe,,2026-10-08T12:34:05.936081+00:00,CREDIT INDUSTRIEL ET COMMERCIAL (CIC)
94,54201638104009,admissible_et_classe,,2026-10-08T12:34:06.178725+00:00,CREDIT INDUSTRIEL ET COMMERCIAL (CIC)
93,54201638104025,admissible_et_classe,,2026-10-08T12:27:31.976425+00:00,CREDIT INDUSTRIEL ET COMMERCIAL (CIC)
94,54201638104066,admissible_et_classe,,2026-10-08T12:34:06.361275+00:00,CREDIT INDUSTRIEL ET COMMERCIAL (CIC)
93,54201638104074,admissible_et_classe,,2026-10-08T12:27:32.180760+00:00,CREDIT INDUSTRIEL ET COMMERCIAL (CIC)
93,54201638104124,admissible_et_classe,,2026-10-08T12:27:32.385631+00:00,CREDIT INDUSTRIEL ET COMMERCIAL (CIC)
93,54201638105543,admissible_et_classe,,2026-10-08T10:37:18.922916+00:00,CREDIT INDUSTRIEL ET COMMERCIAL (CIC)
93,54201695103308,admissible_et_classe,,2026-10-08T12:27:32.590217+00:00,ONET PROPRETE ET FACILITY SERVICES (FACILITY MANAGEMENT)
77,54201695103449,admissible_et_classe,,2026-10-08T12:20:14.343104+00:00,ONET PROPRETE ET FACILITY SERVICES (FACILITY MANAGEMENT)
77,54201695103514,admissible_et_classe,,2026-10-08T12:20:14.487698+00:00,ONET PROPRETE ET FACILITY SERVICES (FACILITY MANAGEMENT)
77,54201695103548,admissible_et_classe,,2026-10-08T12:20:14.687501+00:00,ONET PROPRETE ET FACILITY SERVICES (FACILITY MANAGEMENT)
77,54201695103597,admissible_et_classe,,2026-10-08T12:20:14.898304+00:00,ONET PROPRETE ET FACILITY SERVICES (FACILITY MANAGEMENT)
94,54206379703067,admissible_et_classe,,2026-10-08T12:34:06.617874+00:00,GAN ASSURANCES
94,54206623800156,admissible_et_classe,,2026-10-08T12:34:06.749227+00:00,ETABLISSEMENTS NICOLAS
94,54206623800206,admissible_et_classe,,2026-10-08T12:34:07.019489+00:00,ETABLISSEMENTS NICOLAS
94,54206623800214,admissible_et_classe,,2026-10-08T12:34:07.149373+00:00,ETABLISSEMENTS NICOLAS
94,54206623800230,admissible_et_classe,,2026-10-08T12:34:07.365051+00:00,ETABLISSEMENTS NICOLAS
94,54206623800263,admissible_et_classe,,2026-10-08T12:34:07.571552+00:00,ETABLISSEMENTS NICOLAS
94,54206623800271,admissible_et_classe,,2026-10-08T12:34:07.762634+00:00,ETABLISSEMENTS NICOLAS
94,54206623800297,admissible_et_classe,,2026-10-08T12:34:07.972325+00:00,ETABLISSEMENTS NICOLAS
94,54206623800347,admissible_et_classe,,2026-10-08T12:34:08.176429+00:00,ETABLISSEMENTS NICOLAS
94,54206623800412,admissible_et_classe,,2026-10-08T12:34:08.378888+00:00,ETABLISSEMENTS NICOLAS
93,54206623800487,admissible_et_classe,,2026-10-08T12:27:32.795125+00:00,ETABLISSEMENTS NICOLAS
93,54206623800610,admissible_et_classe,,2026-10-08T12:27:33.000393+00:00,ETABLISSEMENTS NICOLAS
93,54206623803788,admissible_et_classe,,2026-10-08T12:27:33.206959+00:00,ETABLISSEMENTS NICOLAS
94,54206623803804,admissible_et_classe,,2026-10-08T12:34:08.597103+00:00,ETABLISSEMENTS NICOLAS
93,54206623803820,admissible_et_classe,,2026-10-08T12:27:33.412139+00:00,ETABLISSEMENTS NICOLAS
93,54206623803846,admissible_et_classe,,2026-10-08T12:27:33.652276+00:00,ETABLISSEMENTS NICOLAS
93,54206623803929,admissible_et_classe,,2026-10-08T12:27:33.812871+00:00,ETABLISSEMENTS NICOLAS
94,54206623803952,admissible_et_classe,,2026-10-08T12:34:08.786780+00:00,ETABLISSEMENTS NICOLAS
93,54206623804034,admissible_et_classe,,2026-10-08T12:27:34.026099+00:00,ETABLISSEMENTS NICOLAS
93,54206623804885,admissible_et_classe,,2026-10-08T12:27:34.229636+00:00,ETABLISSEMENTS NICOLAS
93,54206623804968,admissible_et_classe,,2026-10-08T12:27:34.432910+00:00,ETABLISSEMENTS NICOLAS
93,54206623805122,admissible_et_classe,,2026-10-08T12:27:34.637876+00:00,ETABLISSEMENTS NICOLAS
77,54206623805171,admissible_et_classe,,2026-10-08T12:20:15.095862+00:00,ETABLISSEMENTS NICOLAS
94,54206623805262,admissible_et_classe,,2026-10-08T12:34:09.005432+00:00,ETABLISSEMENTS NICOLAS
77,54206623806328,admissible_et_classe,,2026-10-08T10:36:33.731927+00:00,ETABLISSEMENTS NICOLAS
77,54206623807136,admissible_et_classe,,2026-10-08T12:20:15.302908+00:00,ETABLISSEMENTS NICOLAS
77,54206623807185,admissible_et_classe,,2026-10-08T12:20:15.593259+00:00,ETABLISSEMENTS NICOLAS
77,54206623807219,admissible_et_classe,,2026-10-08T12:20:15.722595+00:00,ETABLISSEMENTS NICOLAS
94,54206623807508,admissible_et_classe,,2026-10-08T12:34:09.195352+00:00,ETABLISSEMENTS NICOLAS
94,54206623807631,admissible_et_classe,,2026-10-08T12:34:09.393287+00:00,ETABLISSEMENTS NICOLAS
94,54206623807771,admissible_et_classe,,2026-10-08T12:34:09.708013+00:00,ETABLISSEMENTS NICOLAS
94,54206623808050,admissible_et_classe,,2026-10-08T12:34:09.804559+00:00,ETABLISSEMENTS NICOLAS
93,54206623808100,admissible_et_classe,,2026-10-08T12:27:34.842740+00:00,ETABLISSEMENTS NICOLAS
94,54206623808266,admissible_et_classe,,2026-10-08T12:34:10.007484+00:00,ETABLISSEMENTS NICOLAS
94,54206623808340,admissible_et_classe,,2026-10-08T12:34:10.288849+00:00,ETABLISSEMENTS NICOLAS
94,54206623808357,admissible_et_classe,,2026-10-08T12:34:10.418393+00:00,ETABLISSEMENTS NICOLAS
94,54206623808647,admissible_et_classe,,2026-10-08T12:34:10.613805+00:00,ETABLISSEMENTS NICOLAS
94,54206623808662,admissible_et_classe,,2026-10-08T12:34:10.812907+00:00,ETABLISSEMENTS NICOLAS
77,54206623808712,admissible_et_classe,,2026-10-08T12:20:15.909716+00:00,ETABLISSEMENTS NICOLAS
94,54206623808738,admissible_et_classe,,2026-10-08T12:34:11.037873+00:00,ETABLISSEMENTS NICOLAS
93,54206623808845,admissible_et_classe,,2026-10-08T12:27:34.987370+00:00,ETABLISSEMENTS NICOLAS
77,54207358003214,admissible_et_classe,,2026-10-08T10:36:33.934031+00:00,MAAF ASSURANCES SA
77,54207358003222,admissible_et_classe,,2026-10-08T10:36:34.152243+00:00,MAAF ASSURANCES SA
77,54207358003255,admissible_et_classe,,2026-10-08T10:36:34.332729+00:00,MAAF ASSURANCES SA
77,54207358003271,admissible_et_classe,,2026-10-08T10:36:34.550172+00:00,MAAF ASSURANCES SA
93,54207358003909,admissible_et_classe,,2026-10-08T10:37:19.136618+00:00,MAAF ASSURANCES SA
93,54207358003917,admissible_et_classe,,2026-10-08T10:37:18.345983+00:00,MAAF ASSURANCES SA
93,54207358003925,admissible_et_classe,,2026-10-08T10:37:18.553344+00:00,MAAF ASSURANCES SA
94,54207358003933,admissible_et_classe,,2026-10-08T10:38:17.280500+00:00,MAAF ASSURANCES SA
94,54207358003958,admissible_et_classe,,2026-10-08T10:38:17.405220+00:00,MAAF ASSURANCES SA
94,54207358003974,admissible_et_classe,,2026-10-08T10:38:17.627084+00:00,MAAF ASSURANCES SA
94,54207358003982,admissible_et_classe,,2026-10-08T10:38:17.823488+00:00,MAAF ASSURANCES SA
94,54207358003990,admissible_et_classe,,2026-10-08T10:38:18.042750+00:00,MAAF ASSURANCES SA
93,54207358005805,admissible_et_classe,,2026-10-08T12:27:35.255712+00:00,MAAF ASSURANCES SA
77,54207358005839,admissible_et_classe,,2026-10-08T12:20:16.112662+00:00,MAAF ASSURANCES SA
93,54207358006167,admissible_et_classe,,2026-10-08T12:27:35.457400+00:00,MAAF ASSURANCES SA
77,54207358006464,admissible_et_classe,,2026-10-08T12:20:16.324982+00:00,MAAF ASSURANCES SA
94,54207358006530,admissible_et_classe,,2026-10-08T12:34:11.235171+00:00,MAAF ASSURANCES SA
93,54207358006571,admissible_et_classe,,2026-10-08T12:27:35.662531+00:00,MAAF ASSURANCES SA
77,54207358006662,admissible_et_classe,,2026-10-08T12:20:16.539090+00:00,MAAF ASSURANCES SA
93,54207358007520,admissible_et_classe,,2026-10-08T12:27:35.867201+00:00,MAAF ASSURANCES SA
93,54207358008973,admissible_et_classe,,2026-10-08T12:27:36.070985+00:00,MAAF ASSURANCES SA
93,54207358010086,admissible_et_classe,,2026-10-08T12:27:36.276781+00:00,MAAF ASSURANCES SA
93,54207358010169,admissible_et_classe,,2026-10-08T12:27:36.481881+00:00,MAAF ASSURANCES SA
77,54207358010789,admissible_et_classe,,2026-10-08T12:20:16.731759+00:00,MAAF ASSURANCES SA
77,54207358011175,admissible_et_classe,,2026-10-08T12:20:16.939881+00:00,MAAF ASSURANCES SA
93,54207358011506,admissible_et_classe,,2026-10-08T12:27:36.617786+00:00,MAAF ASSURANCES SA
77,54209533601854,admissible_et_classe,,2026-10-08T10:36:34.736429+00:00,"LAGARDERE TRAVEL RETAIL FRANCE (COFEC - RELAY, RELAY STORE, RELAY SHOP, RELAY WEB, RELAY INTERNATIONAL)"
94,54209533602043,admissible_et_classe,,2026-10-08T10:38:18.235426+00:00,"LAGARDERE TRAVEL RETAIL FRANCE (COFEC - RELAY, RELAY STORE, RELAY SHOP, RELAY WEB, RELAY INTERNATIONAL)"
94,54209533602217,admissible_et_classe,,2026-10-08T10:38:18.439972+00:00,"LAGARDERE TRAVEL RETAIL FRANCE (COFEC - RELAY, RELAY STORE, RELAY SHOP, RELAY WEB, RELAY INTERNATIONAL)"
94,54209533602233,admissible_et_classe,,2026-10-08T10:38:18.657641+00:00,"LAGARDERE TRAVEL RETAIL FRANCE (COFEC - RELAY, RELAY STORE, RELAY SHOP, RELAY WEB, RELAY INTERNATIONAL)"
94,54209533602274,admissible_et_classe,,2026-10-08T10:38:18.884033+00:00,"LAGARDERE TRAVEL RETAIL FRANCE (COFEC - RELAY, RELAY STORE, RELAY SHOP, RELAY WEB, RELAY INTERNATIONAL)"
94,54209533602282,admissible_et_classe,,2026-10-08T12:34:11.432649+00:00,"LAGARDERE TRAVEL RETAIL FRANCE (COFEC - RELAY, RELAY STORE, RELAY SHOP, RELAY WEB, RELAY INTERNATIONAL)"
94,54209533602290,admissible_et_classe,,2026-10-08T12:34:11.636519+00:00,"LAGARDERE TRAVEL RETAIL FRANCE (COFEC - RELAY, RELAY STORE, RELAY SHOP, RELAY WEB, RELAY INTERNATIONAL)"
94,54209533602316,admissible_et_classe,,2026-10-08T12:34:11.839632+00:00,"LAGARDERE TRAVEL RETAIL FRANCE (COFEC - RELAY, RELAY STORE, RELAY SHOP, RELAY WEB, RELAY INTERNATIONAL)"
94,54209533602324,admissible_et_classe,,2026-10-08T12:34:12.096508+00:00,"LAGARDERE TRAVEL RETAIL FRANCE (COFEC - RELAY, RELAY STORE, RELAY SHOP, RELAY WEB, RELAY INTERNATIONAL)"
94,54209533602373,admissible_et_classe,,2026-10-08T12:34:12.238384+00:00,"LAGARDERE TRAVEL RETAIL FRANCE (COFEC - RELAY, RELAY STORE, RELAY SHOP, RELAY WEB, RELAY INTERNATIONAL)"
94,54209533602381,admissible_et_classe,,2026-10-08T12:34:12.451353+00:00,"LAGARDERE TRAVEL RETAIL FRANCE (COFEC - RELAY, RELAY STORE, RELAY SHOP, RELAY WEB, RELAY INTERNATIONAL)"
94,54209533602399,admissible_et_classe,,2026-10-08T12:34:12.669139+00:00,"LAGARDERE TRAVEL RETAIL FRANCE (COFEC - RELAY, RELAY STORE, RELAY SHOP, RELAY WEB, RELAY INTERNATIONAL)"
94,54209533602407,admissible_et_classe,,2026-10-08T12:34:12.917367+00:00,"LAGARDERE TRAVEL RETAIL FRANCE (COFEC - RELAY, RELAY STORE, RELAY SHOP, RELAY WEB, RELAY INTERNATIONAL)"
77,54209533602423,admissible_et_classe,,2026-10-08T12:20:17.136879+00:00,"LAGARDERE TRAVEL RETAIL FRANCE (COFEC - RELAY, RELAY STORE, RELAY SHOP, RELAY WEB, RELAY INTERNATIONAL)"
94,54209533602506,admissible_et_classe,,2026-10-08T12:34:13.071973+00:00,"LAGARDERE TRAVEL RETAIL FRANCE (COFEC - RELAY, RELAY STORE, RELAY SHOP, RELAY WEB, RELAY INTERNATIONAL)"
94,54209533602522,admissible_et_classe,,2026-10-08T12:34:13.252963+00:00,"LAGARDERE TRAVEL RETAIL FRANCE (COFEC - RELAY, RELAY STORE, RELAY SHOP, RELAY WEB, RELAY INTERNATIONAL)"
94,54209533602571,admissible_et_classe,,2026-10-08T12:34:13.458519+00:00,"LAGARDERE TRAVEL RETAIL FRANCE (COFEC - RELAY, RELAY STORE, RELAY SHOP, RELAY WEB, RELAY INTERNATIONAL)"
94,54209533602753,admissible_et_classe,,2026-10-08T12:34:13.665077+00:00,"LAGARDERE TRAVEL RETAIL FRANCE (COFEC - RELAY, RELAY STORE, RELAY SHOP, RELAY WEB, RELAY INTERNATIONAL)"
94,54209533602787,admissible_et_classe,,2026-10-08T12:34:13.864124+00:00,"LAGARDERE TRAVEL RETAIL FRANCE (COFEC - RELAY, RELAY STORE, RELAY SHOP, RELAY WEB, RELAY INTERNATIONAL)"
77,54209533602944,admissible_et_classe,,2026-10-08T12:20:17.341125+00:00,"LAGARDERE TRAVEL RETAIL FRANCE (COFEC - RELAY, RELAY STORE, RELAY SHOP, RELAY WEB, RELAY INTERNATIONAL)"
94,54209533602985,admissible_et_classe,,2026-10-08T12:34:14.067121+00:00,"LAGARDERE TRAVEL RETAIL FRANCE (COFEC - RELAY, RELAY STORE, RELAY SHOP, RELAY WEB, RELAY INTERNATIONAL)"
77,54209533603108,admissible_et_classe,,2026-10-08T12:20:17.557389+00:00,"LAGARDERE TRAVEL RETAIL FRANCE (COFEC - RELAY, RELAY STORE, RELAY SHOP, RELAY WEB, RELAY INTERNATIONAL)"
77,54209533603124,admissible_et_classe,,2026-10-08T12:20:17.779654+00:00,"LAGARDERE TRAVEL RETAIL FRANCE (COFEC - RELAY, RELAY STORE, RELAY SHOP, RELAY WEB, RELAY INTERNATIONAL)"
77,54209533603330,admissible_et_classe,,2026-10-08T12:20:17.955287+00:00,"LAGARDERE TRAVEL RETAIL FRANCE (COFEC - RELAY, RELAY STORE, RELAY SHOP, RELAY WEB, RELAY INTERNATIONAL)"
93,54209533603579,admissible_et_classe,,2026-10-08T12:27:36.787023+00:00,"LAGARDERE TRAVEL RETAIL FRANCE (COFEC - RELAY, RELAY STORE, RELAY SHOP, RELAY WEB, RELAY INTERNATIONAL)"
77,54209533603603,admissible_et_classe,,2026-10-08T12:20:18.151419+00:00,"LAGARDERE TRAVEL RETAIL FRANCE (COFEC - RELAY, RELAY STORE, RELAY SHOP, RELAY WEB, RELAY INTERNATIONAL)"
77,54209533603637,admissible_et_classe,,2026-10-08T12:20:18.355788+00:00,"LAGARDERE TRAVEL RETAIL FRANCE (COFEC - RELAY, RELAY STORE, RELAY SHOP, RELAY WEB, RELAY INTERNATIONAL)"
77,54209533603652,admissible_et_classe,,2026-10-08T12:20:18.559815+00:00,"LAGARDERE TRAVEL RETAIL FRANCE (COFEC - RELAY, RELAY STORE, RELAY SHOP, RELAY WEB, RELAY INTERNATIONAL)"
77,54209533603660,admissible_et_classe,,2026-10-08T12:20:18.839050+00:00,"LAGARDERE TRAVEL RETAIL FRANCE (COFEC - RELAY, RELAY STORE, RELAY SHOP, RELAY WEB, RELAY INTERNATIONAL)"
93,54209533603686,admissible_et_classe,,2026-10-08T12:27:36.992137+00:00,"LAGARDERE TRAVEL RETAIL FRANCE (COFEC - RELAY, RELAY STORE, RELAY SHOP, RELAY WEB, RELAY INTERNATIONAL)"
93,54209533603694,admissible_et_classe,,2026-10-08T12:27:37.198529+00:00,"LAGARDERE TRAVEL RETAIL FRANCE (COFEC - RELAY, RELAY STORE, RELAY SHOP, RELAY WEB, RELAY INTERNATIONAL)"
93,54209533603769,admissible_et_classe,,2026-10-08T12:27:37.405688+00:00,"LAGARDERE TRAVEL RETAIL FRANCE (COFEC - RELAY, RELAY STORE, RELAY SHOP, RELAY WEB, RELAY INTERNATIONAL)"
93,54209533603819,admissible_et_classe,,2026-10-08T12:27:37.610546+00:00,"LAGARDERE TRAVEL RETAIL FRANCE (COFEC - RELAY, RELAY STORE, RELAY SHOP, RELAY WEB, RELAY INTERNATIONAL)"
93,54209533604007,admissible_et_classe,,2026-10-08T12:27:37.811262+00:00,"LAGARDERE TRAVEL RETAIL FRANCE (COFEC - RELAY, RELAY STORE, RELAY SHOP, RELAY WEB, RELAY INTERNATIONAL)"
93,54209533604056,admissible_et_classe,,2026-10-08T12:27:38.018452+00:00,"LAGARDERE TRAVEL RETAIL FRANCE (COFEC - RELAY, RELAY STORE, RELAY SHOP, RELAY WEB, RELAY INTERNATIONAL)"
77,54209533604510,admissible_et_classe,,2026-10-08T12:20:18.954584+00:00,"LAGARDERE TRAVEL RETAIL FRANCE (COFEC - RELAY, RELAY STORE, RELAY SHOP, RELAY WEB, RELAY INTERNATIONAL)"
93,54209533605558,admissible_et_classe,,2026-10-08T12:27:38.223420+00:00,"LAGARDERE TRAVEL RETAIL FRANCE (COFEC - RELAY, RELAY STORE, RELAY SHOP, RELAY WEB, RELAY INTERNATIONAL)"
93,54209533610483,admissible_et_classe,,2026-10-08T12:27:38.433231+00:00,"LAGARDERE TRAVEL RETAIL FRANCE (COFEC - RELAY, RELAY STORE, RELAY SHOP, RELAY WEB, RELAY INTERNATIONAL)"
93,54209533610590,admissible_et_classe,,2026-10-08T12:27:38.632598+00:00,"LAGARDERE TRAVEL RETAIL FRANCE (COFEC - RELAY, RELAY STORE, RELAY SHOP, RELAY WEB, RELAY INTERNATIONAL)"
93,54209533610889,admissible_et_classe,,2026-10-08T12:27:38.830595+00:00,"LAGARDERE TRAVEL RETAIL FRANCE (COFEC - RELAY, RELAY STORE, RELAY SHOP, RELAY WEB, RELAY INTERNATIONAL)"
93,54209533610897,admissible_et_classe,,2026-10-08T12:27:39.042189+00:00,"LAGARDERE TRAVEL RETAIL FRANCE (COFEC - RELAY, RELAY STORE, RELAY SHOP, RELAY WEB, RELAY INTERNATIONAL)"
93,54209533610913,admissible_et_classe,,2026-10-08T12:27:39.246736+00:00,"LAGARDERE TRAVEL RETAIL FRANCE (COFEC - RELAY, RELAY STORE, RELAY SHOP, RELAY WEB, RELAY INTERNATIONAL)"
77,54209533610921,admissible_et_classe,,2026-10-08T12:20:19.171993+00:00,"LAGARDERE TRAVEL RETAIL FRANCE (COFEC - RELAY, RELAY STORE, RELAY SHOP, RELAY WEB, RELAY INTERNATIONAL)"
93,54209533610947,admissible_et_classe,,2026-10-08T12:27:39.455977+00:00,"LAGARDERE TRAVEL RETAIL FRANCE (COFEC - RELAY, RELAY STORE, RELAY SHOP, RELAY WEB, RELAY INTERNATIONAL)"
77,54209533610962,admissible_et_classe,,2026-10-08T12:20:19.543966+00:00,"LAGARDERE TRAVEL RETAIL FRANCE (COFEC - RELAY, RELAY STORE, RELAY SHOP, RELAY WEB, RELAY INTERNATIONAL)"
77,54209533611143,admissible_et_classe,,2026-10-08T12:20:19.573905+00:00,"LAGARDERE TRAVEL RETAIL FRANCE (COFEC - RELAY, RELAY STORE, RELAY SHOP, RELAY WEB, RELAY INTERNATIONAL)"
93,54209533611382,admissible_et_classe,,2026-10-08T12:27:39.656537+00:00,"LAGARDERE TRAVEL RETAIL FRANCE (COFEC - RELAY, RELAY STORE, RELAY SHOP, RELAY WEB, RELAY INTERNATIONAL)"
93,54209533611473,admissible_et_classe,,2026-10-08T12:27:39.856833+00:00,"LAGARDERE TRAVEL RETAIL FRANCE (COFEC - RELAY, RELAY STORE, RELAY SHOP, RELAY WEB, RELAY INTERNATIONAL)"
93,54209533611523,admissible_et_classe,,2026-10-08T12:27:40.068202+00:00,"LAGARDERE TRAVEL RETAIL FRANCE (COFEC - RELAY, RELAY STORE, RELAY SHOP, RELAY WEB, RELAY INTERNATIONAL)"
77,54209533612042,admissible_et_classe,,2026-10-08T12:20:19.784429+00:00,"LAGARDERE TRAVEL RETAIL FRANCE (COFEC - RELAY, RELAY STORE, RELAY SHOP, RELAY WEB, RELAY INTERNATIONAL)"
77,54209533612059,admissible_et_classe,,2026-10-08T12:20:19.987581+00:00,"LAGARDERE TRAVEL RETAIL FRANCE (COFEC - RELAY, RELAY STORE, RELAY SHOP, RELAY WEB, RELAY INTERNATIONAL)"
94,54209533612257,admissible_et_classe,,2026-10-08T12:34:14.356835+00:00,"LAGARDERE TRAVEL RETAIL FRANCE (COFEC - RELAY, RELAY STORE, RELAY SHOP, RELAY WEB, RELAY INTERNATIONAL)"
77,54209533612729,admissible_et_classe,,2026-10-08T12:20:20.265565+00:00,"LAGARDERE TRAVEL RETAIL FRANCE (COFEC - RELAY, RELAY STORE, RELAY SHOP, RELAY WEB, RELAY INTERNATIONAL)"
93,54209533612760,admissible_et_classe,,2026-10-08T12:27:40.270883+00:00,"LAGARDERE TRAVEL RETAIL FRANCE (COFEC - RELAY, RELAY STORE, RELAY SHOP, RELAY WEB, RELAY INTERNATIONAL)"
77,54209533612802,admissible_et_classe,,2026-10-08T12:20:20.411843+00:00,"LAGARDERE TRAVEL RETAIL FRANCE (COFEC - RELAY, RELAY STORE, RELAY SHOP, RELAY WEB, RELAY INTERNATIONAL)"
93,54209533613008,admissible_et_classe,,2026-10-08T12:27:40.474123+00:00,"LAGARDERE TRAVEL RETAIL FRANCE (COFEC - RELAY, RELAY STORE, RELAY SHOP, RELAY WEB, RELAY INTERNATIONAL)"
77,54209533613057,admissible_et_classe,,2026-10-08T12:20:20.593701+00:00,"LAGARDERE TRAVEL RETAIL FRANCE (COFEC - RELAY, RELAY STORE, RELAY SHOP, RELAY WEB, RELAY INTERNATIONAL)"
77,54209533613107,admissible_et_classe,,2026-10-08T12:20:20.852766+00:00,"LAGARDERE TRAVEL RETAIL FRANCE (COFEC - RELAY, RELAY STORE, RELAY SHOP, RELAY WEB, RELAY INTERNATIONAL)"
77,54209533613164,admissible_et_classe,,2026-10-08T12:20:21.143882+00:00,"LAGARDERE TRAVEL RETAIL FRANCE (COFEC - RELAY, RELAY STORE, RELAY SHOP, RELAY WEB, RELAY INTERNATIONAL)"
77,54209533613172,admissible_et_classe,,2026-10-08T12:20:21.205221+00:00,"LAGARDERE TRAVEL RETAIL FRANCE (COFEC - RELAY, RELAY STORE, RELAY SHOP, RELAY WEB, RELAY INTERNATIONAL)"
77,54209533613180,admissible_et_classe,,2026-10-08T12:20:21.409644+00:00,"LAGARDERE TRAVEL RETAIL FRANCE (COFEC - RELAY, RELAY STORE, RELAY SHOP, RELAY WEB, RELAY INTERNATIONAL)"
94,54209533613354,admissible_et_classe,,2026-10-08T12:34:14.472062+00:00,"LAGARDERE TRAVEL RETAIL FRANCE (COFEC - RELAY, RELAY STORE, RELAY SHOP, RELAY WEB, RELAY INTERNATIONAL)"
77,54209533613388,admissible_et_classe,,2026-10-08T12:20:21.793869+00:00,"LAGARDERE TRAVEL RETAIL FRANCE (COFEC - RELAY, RELAY STORE, RELAY SHOP, RELAY WEB, RELAY INTERNATIONAL)"
77,54209533613438,admissible_et_classe,,2026-10-08T12:20:21.813938+00:00,"LAGARDERE TRAVEL RETAIL FRANCE (COFEC - RELAY, RELAY STORE, RELAY SHOP, RELAY WEB, RELAY INTERNATIONAL)"
77,54209533613479,admissible_et_classe,,2026-10-08T12:20:22.014738+00:00,"LAGARDERE TRAVEL RETAIL FRANCE (COFEC - RELAY, RELAY STORE, RELAY SHOP, RELAY WEB, RELAY INTERNATIONAL)"
77,54209533613495,admissible_et_classe,,2026-10-08T12:20:22.209681+00:00,"LAGARDERE TRAVEL RETAIL FRANCE (COFEC - RELAY, RELAY STORE, RELAY SHOP, RELAY WEB, RELAY INTERNATIONAL)"
94,54209533614204,admissible_et_classe,,2026-10-08T12:34:14.685020+00:00,"LAGARDERE TRAVEL RETAIL FRANCE (COFEC - RELAY, RELAY STORE, RELAY SHOP, RELAY WEB, RELAY INTERNATIONAL)"
77,54209533614238,rejete_au_controle_actuel,sans_position,2026-10-08T12:20:22.596638+00:00,
94,54209533614287,admissible_et_classe,,2026-10-08T12:34:15.041174+00:00,"LAGARDERE TRAVEL RETAIL FRANCE (COFEC - RELAY, RELAY STORE, RELAY SHOP, RELAY WEB, RELAY INTERNATIONAL)"
94,54209533614295,admissible_et_classe,,2026-10-08T12:34:15.079217+00:00,"LAGARDERE TRAVEL RETAIL FRANCE (COFEC - RELAY, RELAY STORE, RELAY SHOP, RELAY WEB, RELAY INTERNATIONAL)"
94,54209533614329,admissible_et_classe,,2026-10-08T12:34:15.286453+00:00,"LAGARDERE TRAVEL RETAIL FRANCE (COFEC - RELAY, RELAY STORE, RELAY SHOP, RELAY WEB, RELAY INTERNATIONAL)"
94,54209533614337,admissible_et_classe,,2026-10-08T12:34:15.482038+00:00,"LAGARDERE TRAVEL RETAIL FRANCE (COFEC - RELAY, RELAY STORE, RELAY SHOP, RELAY WEB, RELAY INTERNATIONAL)"
77,54209533614451,admissible_et_classe,,2026-10-08T12:20:22.615878+00:00,"LAGARDERE TRAVEL RETAIL FRANCE (COFEC - RELAY, RELAY STORE, RELAY SHOP, RELAY WEB, RELAY INTERNATIONAL)"
77,54209533614477,admissible_et_classe,,2026-10-08T12:20:22.813988+00:00,"LAGARDERE TRAVEL RETAIL FRANCE (COFEC - RELAY, RELAY STORE, RELAY SHOP, RELAY WEB, RELAY INTERNATIONAL)"
93,54209533614493,admissible_et_classe,,2026-10-08T12:27:40.681387+00:00,"LAGARDERE TRAVEL RETAIL FRANCE (COFEC - RELAY, RELAY STORE, RELAY SHOP, RELAY WEB, RELAY INTERNATIONAL)"
77,54209533614691,admissible_et_classe,,2026-10-08T12:20:23.029528+00:00,"LAGARDERE TRAVEL RETAIL FRANCE (COFEC - RELAY, RELAY STORE, RELAY SHOP, RELAY WEB, RELAY INTERNATIONAL)"
77,54209533614816,admissible_et_classe,,2026-10-08T12:20:23.307511+00:00,"LAGARDERE TRAVEL RETAIL FRANCE (COFEC - RELAY, RELAY STORE, RELAY SHOP, RELAY WEB, RELAY INTERNATIONAL)"
77,54209533614923,admissible_et_classe,,2026-10-08T12:20:23.430811+00:00,"LAGARDERE TRAVEL RETAIL FRANCE (COFEC - RELAY, RELAY STORE, RELAY SHOP, RELAY WEB, RELAY INTERNATIONAL)"
93,54209533614972,admissible_et_classe,,2026-10-08T12:27:40.885532+00:00,"LAGARDERE TRAVEL RETAIL FRANCE (COFEC - RELAY, RELAY STORE, RELAY SHOP, RELAY WEB, RELAY INTERNATIONAL)"
94,54209533615011,admissible_et_classe,,2026-10-08T12:34:15.772069+00:00,"LAGARDERE TRAVEL RETAIL FRANCE (COFEC - RELAY, RELAY STORE, RELAY SHOP, RELAY WEB, RELAY INTERNATIONAL)"
94,54209533615037,admissible_et_classe,,2026-10-08T12:34:15.911148+00:00,"LAGARDERE TRAVEL RETAIL FRANCE (COFEC - RELAY, RELAY STORE, RELAY SHOP, RELAY WEB, RELAY INTERNATIONAL)"
94,54209533615185,admissible_et_classe,,2026-10-08T12:34:16.098837+00:00,"LAGARDERE TRAVEL RETAIL FRANCE (COFEC - RELAY, RELAY STORE, RELAY SHOP, RELAY WEB, RELAY INTERNATIONAL)"
93,54209533615201,admissible_et_classe,,2026-10-08T12:27:41.089437+00:00,"LAGARDERE TRAVEL RETAIL FRANCE (COFEC - RELAY, RELAY STORE, RELAY SHOP, RELAY WEB, RELAY INTERNATIONAL)"
94,54209533615276,admissible_et_classe,,2026-10-08T12:34:16.476208+00:00,"LAGARDERE TRAVEL RETAIL FRANCE (COFEC - RELAY, RELAY STORE, RELAY SHOP, RELAY WEB, RELAY INTERNATIONAL)"
94,54209533615284,admissible_et_classe,,2026-10-08T12:34:16.502798+00:00,"LAGARDERE TRAVEL RETAIL FRANCE (COFEC - RELAY, RELAY STORE, RELAY SHOP, RELAY WEB, RELAY INTERNATIONAL)"
94,54209533615334,admissible_et_classe,,2026-10-08T12:34:16.711609+00:00,"LAGARDERE TRAVEL RETAIL FRANCE (COFEC - RELAY, RELAY STORE, RELAY SHOP, RELAY WEB, RELAY INTERNATIONAL)"
94,54209533615433,admissible_et_classe,,2026-10-08T12:34:16.976850+00:00,"LAGARDERE TRAVEL RETAIL FRANCE (COFEC - RELAY, RELAY STORE, RELAY SHOP, RELAY WEB, RELAY INTERNATIONAL)"
93,54209533615524,admissible_et_classe,,2026-10-08T12:27:41.288937+00:00,"LAGARDERE TRAVEL RETAIL FRANCE (COFEC - RELAY, RELAY STORE, RELAY SHOP, RELAY WEB, RELAY INTERNATIONAL)"
94,54209533615623,admissible_et_classe,,2026-10-08T12:34:17.245940+00:00,"LAGARDERE TRAVEL RETAIL FRANCE (COFEC - RELAY, RELAY STORE, RELAY SHOP, RELAY WEB, RELAY INTERNATIONAL)"
93,54209533615631,admissible_et_classe,,2026-10-08T12:27:41.497071+00:00,"LAGARDERE TRAVEL RETAIL FRANCE (COFEC - RELAY, RELAY STORE, RELAY SHOP, RELAY WEB, RELAY INTERNATIONAL)"
94,54209533615730,admissible_et_classe,,2026-10-08T12:34:17.315743+00:00,"LAGARDERE TRAVEL RETAIL FRANCE (COFEC - RELAY, RELAY STORE, RELAY SHOP, RELAY WEB, RELAY INTERNATIONAL)"
93,54209533615748,admissible_et_classe,,2026-10-08T12:27:41.704673+00:00,"LAGARDERE TRAVEL RETAIL FRANCE (COFEC - RELAY, RELAY STORE, RELAY SHOP, RELAY WEB, RELAY INTERNATIONAL)"
93,54209533615771,admissible_et_classe,,2026-10-08T12:27:41.910655+00:00,"LAGARDERE TRAVEL RETAIL FRANCE (COFEC - RELAY, RELAY STORE, RELAY SHOP, RELAY WEB, RELAY INTERNATIONAL)"
94,54209533615839,admissible_et_classe,,2026-10-08T12:34:17.694114+00:00,"LAGARDERE TRAVEL RETAIL FRANCE (COFEC - RELAY, RELAY STORE, RELAY SHOP, RELAY WEB, RELAY INTERNATIONAL)"
94,54209533615888,admissible_et_classe,,2026-10-08T12:34:17.722385+00:00,"LAGARDERE TRAVEL RETAIL FRANCE (COFEC - RELAY, RELAY STORE, RELAY SHOP, RELAY WEB, RELAY INTERNATIONAL)"
94,54209533616027,admissible_et_classe,,2026-10-08T12:34:17.928862+00:00,"LAGARDERE TRAVEL RETAIL FRANCE (COFEC - RELAY, RELAY STORE, RELAY SHOP, RELAY WEB, RELAY INTERNATIONAL)"
77,54209533616233,admissible_et_classe,,2026-10-08T12:20:23.677280+00:00,"LAGARDERE TRAVEL RETAIL FRANCE (COFEC - RELAY, RELAY STORE, RELAY SHOP, RELAY WEB, RELAY INTERNATIONAL)"
77,54209533616258,admissible_et_classe,,2026-10-08T12:20:24.049633+00:00,"LAGARDERE TRAVEL RETAIL FRANCE (COFEC - RELAY, RELAY STORE, RELAY SHOP, RELAY WEB, RELAY INTERNATIONAL)"
77,54209533616381,admissible_et_classe,,2026-10-08T12:20:24.141157+00:00,"LAGARDERE TRAVEL RETAIL FRANCE (COFEC - RELAY, RELAY STORE, RELAY SHOP, RELAY WEB, RELAY INTERNATIONAL)"
77,54209533616506,rejete_au_controle_actuel,sans_position,2026-10-08T12:20:24.262149+00:00,
77,54209533616704,rejete_au_controle_actuel,sans_position,2026-10-08T12:20:24.447439+00:00,
77,54209533616712,admissible_et_classe,,2026-10-08T12:20:24.657343+00:00,"LAGARDERE TRAVEL RETAIL FRANCE (COFEC - RELAY, RELAY STORE, RELAY SHOP, RELAY WEB, RELAY INTERNATIONAL)"
94,54209533616845,admissible_et_classe,,2026-10-08T12:34:18.210514+00:00,"LAGARDERE TRAVEL RETAIL FRANCE (COFEC - RELAY, RELAY STORE, RELAY SHOP, RELAY WEB, RELAY INTERNATIONAL)"
77,54209533616878,rejete_au_controle_actuel,sans_position,2026-10-08T12:20:24.855058+00:00,
94,54209533616944,admissible_et_classe,,2026-10-08T12:34:18.355775+00:00,"LAGARDERE TRAVEL RETAIL FRANCE (COFEC - RELAY, RELAY STORE, RELAY SHOP, RELAY WEB, RELAY INTERNATIONAL)"
94,54209533616985,admissible_et_classe,,2026-10-08T12:34:18.544936+00:00,"LAGARDERE TRAVEL RETAIL FRANCE (COFEC - RELAY, RELAY STORE, RELAY SHOP, RELAY WEB, RELAY INTERNATIONAL)"
77,54209533617066,rejete_au_controle_actuel,sans_position,2026-10-08T12:20:25.064894+00:00,
77,54209533617116,admissible_et_classe,,2026-10-08T12:20:25.259516+00:00,"LAGARDERE TRAVEL RETAIL FRANCE (COFEC - RELAY, RELAY STORE, RELAY SHOP, RELAY WEB, RELAY INTERNATIONAL)"
94,54209533617140,admissible_et_classe,,2026-10-08T12:34:18.748775+00:00,"LAGARDERE TRAVEL RETAIL FRANCE (COFEC - RELAY, RELAY STORE, RELAY SHOP, RELAY WEB, RELAY INTERNATIONAL)"
93,54209533617157,admissible_et_classe,,2026-10-08T12:27:42.107065+00:00,"LAGARDERE TRAVEL RETAIL FRANCE (COFEC - RELAY, RELAY STORE, RELAY SHOP, RELAY WEB, RELAY INTERNATIONAL)"
94,54209533617181,admissible_et_classe,,2026-10-08T12:34:18.944022+00:00,"LAGARDERE TRAVEL RETAIL FRANCE (COFEC - RELAY, RELAY STORE, RELAY SHOP, RELAY WEB, RELAY INTERNATIONAL)"
93,54209533617199,admissible_et_classe,,2026-10-08T12:27:42.262235+00:00,"LAGARDERE TRAVEL RETAIL FRANCE (COFEC - RELAY, RELAY STORE, RELAY SHOP, RELAY WEB, RELAY INTERNATIONAL)"
94,54209533617223,admissible_et_classe,,2026-10-08T12:34:19.151731+00:00,"LAGARDERE TRAVEL RETAIL FRANCE (COFEC - RELAY, RELAY STORE, RELAY SHOP, RELAY WEB, RELAY INTERNATIONAL)"
94,54209533617363,admissible_et_classe,,2026-10-08T12:34:19.353960+00:00,"LAGARDERE TRAVEL RETAIL FRANCE (COFEC - RELAY, RELAY STORE, RELAY SHOP, RELAY WEB, RELAY INTERNATIONAL)"
77,54209533617389,rejete_au_controle_actuel,sans_position,2026-10-08T12:20:25.591503+00:00,
94,54209533617470,admissible_et_classe,,2026-10-08T12:34:19.559134+00:00,"LAGARDERE TRAVEL RETAIL FRANCE (COFEC - RELAY, RELAY STORE, RELAY SHOP, RELAY WEB, RELAY INTERNATIONAL)"
94,54209533617488,admissible_et_classe,,2026-10-08T12:34:19.752623+00:00,"LAGARDERE TRAVEL RETAIL FRANCE (COFEC - RELAY, RELAY STORE, RELAY SHOP, RELAY WEB, RELAY INTERNATIONAL)"
94,54209533617504,admissible_et_classe,,2026-10-08T12:34:19.974717+00:00,"LAGARDERE TRAVEL RETAIL FRANCE (COFEC - RELAY, RELAY STORE, RELAY SHOP, RELAY WEB, RELAY INTERNATIONAL)"
94,54209533617512,admissible_et_classe,,2026-10-08T12:34:20.161408+00:00,"LAGARDERE TRAVEL RETAIL FRANCE (COFEC - RELAY, RELAY STORE, RELAY SHOP, RELAY WEB, RELAY INTERNATIONAL)"
93,54209533617553,admissible_et_classe,,2026-10-08T12:27:42.522921+00:00,"LAGARDERE TRAVEL RETAIL FRANCE (COFEC - RELAY, RELAY STORE, RELAY SHOP, RELAY WEB, RELAY INTERNATIONAL)"
94,54209533617751,admissible_et_classe,,2026-10-08T12:34:20.369602+00:00,"LAGARDERE TRAVEL RETAIL FRANCE (COFEC - RELAY, RELAY STORE, RELAY SHOP, RELAY WEB, RELAY INTERNATIONAL)"
77,54209533617769,admissible_et_classe,,2026-10-08T12:20:25.715543+00:00,"LAGARDERE TRAVEL RETAIL FRANCE (COFEC - RELAY, RELAY STORE, RELAY SHOP, RELAY WEB, RELAY INTERNATIONAL)"
77,54209533617777,admissible_et_classe,,2026-10-08T12:20:25.873511+00:00,"LAGARDERE TRAVEL RETAIL FRANCE (COFEC - RELAY, RELAY STORE, RELAY SHOP, RELAY WEB, RELAY INTERNATIONAL)"
94,54209533617793,admissible_et_classe,,2026-10-08T12:34:20.571423+00:00,"LAGARDERE TRAVEL RETAIL FRANCE (COFEC - RELAY, RELAY STORE, RELAY SHOP, RELAY WEB, RELAY INTERNATIONAL)"
93,54209533617850,admissible_et_classe,,2026-10-08T12:27:42.726625+00:00,"LAGARDERE TRAVEL RETAIL FRANCE (COFEC - RELAY, RELAY STORE, RELAY SHOP, RELAY WEB, RELAY INTERNATIONAL)"
93,54209533617868,admissible_et_classe,,2026-10-08T12:27:42.932245+00:00,"LAGARDERE TRAVEL RETAIL FRANCE (COFEC - RELAY, RELAY STORE, RELAY SHOP, RELAY WEB, RELAY INTERNATIONAL)"
93,54209533617876,admissible_et_classe,,2026-10-08T12:27:43.137888+00:00,"LAGARDERE TRAVEL RETAIL FRANCE (COFEC - RELAY, RELAY STORE, RELAY SHOP, RELAY WEB, RELAY INTERNATIONAL)"
93,54209533617884,admissible_et_classe,,2026-10-08T12:27:43.347571+00:00,"LAGARDERE TRAVEL RETAIL FRANCE (COFEC - RELAY, RELAY STORE, RELAY SHOP, RELAY WEB, RELAY INTERNATIONAL)"
94,54209533618098,admissible_et_classe,,2026-10-08T12:34:20.786690+00:00,"LAGARDERE TRAVEL RETAIL FRANCE (COFEC - RELAY, RELAY STORE, RELAY SHOP, RELAY WEB, RELAY INTERNATIONAL)"
94,54209533618205,admissible_et_classe,,2026-10-08T12:34:20.977494+00:00,"LAGARDERE TRAVEL RETAIL FRANCE (COFEC - RELAY, RELAY STORE, RELAY SHOP, RELAY WEB, RELAY INTERNATIONAL)"
77,54209533618247,rejete_au_controle_actuel,sans_position,2026-10-08T12:20:26.075024+00:00,
77,54209533618254,rejete_au_controle_actuel,sans_position,2026-10-08T12:20:26.268426+00:00,
77,54209533618262,rejete_au_controle_actuel,sans_position,2026-10-08T12:20:26.520755+00:00,
93,54209533618429,admissible_et_classe,,2026-10-08T12:27:43.547317+00:00,"LAGARDERE TRAVEL RETAIL FRANCE (COFEC - RELAY, RELAY STORE, RELAY SHOP, RELAY WEB, RELAY INTERNATIONAL)"
94,54209533618551,admissible_et_classe,,2026-10-08T12:34:21.197555+00:00,"LAGARDERE TRAVEL RETAIL FRANCE (COFEC - RELAY, RELAY STORE, RELAY SHOP, RELAY WEB, RELAY INTERNATIONAL)"
77,54209533618742,admissible_et_classe,,2026-10-08T12:20:26.713949+00:00,"LAGARDERE TRAVEL RETAIL FRANCE (COFEC - RELAY, RELAY STORE, RELAY SHOP, RELAY WEB, RELAY INTERNATIONAL)"
77,54209533618825,admissible_et_classe,,2026-10-08T12:20:26.890194+00:00,"LAGARDERE TRAVEL RETAIL FRANCE (COFEC - RELAY, RELAY STORE, RELAY SHOP, RELAY WEB, RELAY INTERNATIONAL)"
77,54209533618841,admissible_et_classe,,2026-10-08T12:20:27.093875+00:00,"LAGARDERE TRAVEL RETAIL FRANCE (COFEC - RELAY, RELAY STORE, RELAY SHOP, RELAY WEB, RELAY INTERNATIONAL)"
77,54209533618858,admissible_et_classe,,2026-10-08T12:20:27.291043+00:00,"LAGARDERE TRAVEL RETAIL FRANCE (COFEC - RELAY, RELAY STORE, RELAY SHOP, RELAY WEB, RELAY INTERNATIONAL)"
93,54209533619211,admissible_et_classe,,2026-10-08T12:27:43.763851+00:00,"LAGARDERE TRAVEL RETAIL FRANCE (COFEC - RELAY, RELAY STORE, RELAY SHOP, RELAY WEB, RELAY INTERNATIONAL)"
93,54209533619229,admissible_et_classe,,2026-10-08T12:27:43.956084+00:00,"LAGARDERE TRAVEL RETAIL FRANCE (COFEC - RELAY, RELAY STORE, RELAY SHOP, RELAY WEB, RELAY INTERNATIONAL)"
93,54209533619237,admissible_et_classe,,2026-10-08T12:27:44.060948+00:00,"LAGARDERE TRAVEL RETAIL FRANCE (COFEC - RELAY, RELAY STORE, RELAY SHOP, RELAY WEB, RELAY INTERNATIONAL)"
93,54209533619476,admissible_et_classe,,2026-10-08T12:27:44.296583+00:00,"LAGARDERE TRAVEL RETAIL FRANCE (COFEC - RELAY, RELAY STORE, RELAY SHOP, RELAY WEB, RELAY INTERNATIONAL)"
94,54209533619658,admissible_et_classe,,2026-10-08T12:34:21.485517+00:00,"LAGARDERE TRAVEL RETAIL FRANCE (COFEC - RELAY, RELAY STORE, RELAY SHOP, RELAY WEB, RELAY INTERNATIONAL)"
93,54209752203416,admissible_et_classe,,2026-10-08T12:27:44.501341+00:00,CA CONSUMER FINANCE
93,54209790204392,admissible_et_classe,,2026-10-08T12:27:44.706806+00:00,BNP PARIBAS PERSONAL FINANCE
77,54209790204756,admissible_et_classe,,2026-10-08T12:20:27.496666+00:00,BNP PARIBAS PERSONAL FINANCE
94,54210424501484,admissible_et_classe,,2026-10-08T12:34:21.583085+00:00,BANQUE PALATINE
94,54210424501583,admissible_et_classe,,2026-10-08T12:34:21.809196+00:00,BANQUE PALATINE
93,54211029105069,admissible_et_classe,,2026-10-08T12:27:44.918455+00:00,ALLIANZ I.A.R.D.
93,54211029106463,admissible_et_classe,,2026-10-08T12:27:45.114858+00:00,ALLIANZ I.A.R.D.
93,54665033401501,admissible_et_classe,,2026-10-08T12:27:45.290269+00:00,DACHSER FRANCE (DACHSER)
93,54665033401667,admissible_et_classe,,2026-10-08T12:27:45.486400+00:00,DACHSER FRANCE (DACHSER)
94,55200231300278,admissible_et_classe,,2026-10-08T10:38:19.069688+00:00,BANQUE POPULAIRE RIVES DE PARIS
94,55200231300336,admissible_et_classe,,2026-10-08T10:38:19.284657+00:00,BANQUE POPULAIRE RIVES DE PARIS
94,55200231300559,admissible_et_classe,,2026-10-08T10:38:19.483094+00:00,BANQUE POPULAIRE RIVES DE PARIS
94,55200231300807,admissible_et_classe,,2026-10-08T10:38:19.690987+00:00,BANQUE POPULAIRE RIVES DE PARIS
94,55200231300856,admissible_et_classe,,2026-10-08T10:38:19.909922+00:00,BANQUE POPULAIRE RIVES DE PARIS
94,55200231301110,admissible_et_classe,,2026-10-08T10:38:20.098549+00:00,BANQUE POPULAIRE RIVES DE PARIS
94,55200231301193,admissible_et_classe,,2026-10-08T10:38:20.319964+00:00,BANQUE POPULAIRE RIVES DE PARIS
94,55200231301219,admissible_et_classe,,2026-10-08T10:38:20.508507+00:00,BANQUE POPULAIRE RIVES DE PARIS
94,55200231301276,admissible_et_classe,,2026-10-08T10:38:20.713427+00:00,BANQUE POPULAIRE RIVES DE PARIS
93,55200231302753,admissible_et_classe,,2026-10-08T12:27:45.698565+00:00,BANQUE POPULAIRE RIVES DE PARIS
94,55200231302837,admissible_et_classe,,2026-10-08T12:34:22.117913+00:00,BANQUE POPULAIRE RIVES DE PARIS
93,55200231302845,admissible_et_classe,,2026-10-08T12:27:45.905513+00:00,BANQUE POPULAIRE RIVES DE PARIS
94,55200231302894,admissible_et_classe,,2026-10-08T12:34:22.192210+00:00,BANQUE POPULAIRE RIVES DE PARIS
94,55200231302910,admissible_et_classe,,2026-10-08T12:34:22.391356+00:00,BANQUE POPULAIRE RIVES DE PARIS
93,55200231303181,admissible_et_classe,,2026-10-08T12:27:46.108442+00:00,BANQUE POPULAIRE RIVES DE PARIS
93,55200231303397,admissible_et_classe,,2026-10-08T12:27:46.416386+00:00,BANQUE POPULAIRE RIVES DE PARIS
93,55200231303496,admissible_et_classe,,2026-10-08T12:27:46.516818+00:00,BANQUE POPULAIRE RIVES DE PARIS
93,55200231303546,admissible_et_classe,,2026-10-08T12:27:46.818854+00:00,BANQUE POPULAIRE RIVES DE PARIS
93,55200231303553,admissible_et_classe,,2026-10-08T12:27:46.927840+00:00,BANQUE POPULAIRE RIVES DE PARIS
94,55200231303611,admissible_et_classe,,2026-10-08T12:34:22.739558+00:00,BANQUE POPULAIRE RIVES DE PARIS
94,55204499202929,admissible_et_classe,,2026-10-08T12:34:22.800923+00:00,POMONA
94,55204499202937,admissible_et_classe,,2026-10-08T12:34:23.005193+00:00,POMONA
94,55204695500555,admissible_et_classe,,2026-10-08T12:34:23.196736+00:00,ENGIE ENERGIE SERVICES (ENGIE E.S.)
94,55204695500654,admissible_et_classe,,2026-10-08T12:34:23.403665+00:00,ENGIE ENERGIE SERVICES (ENGIE E.S.)
93,55204695500761,admissible_et_classe,,2026-10-08T12:27:47.125983+00:00,ENGIE ENERGIE SERVICES (ENGIE E.S.)
77,55204695500845,admissible_et_classe,,2026-10-08T12:20:27.900980+00:00,ENGIE ENERGIE SERVICES (ENGIE E.S.)
93,55204695501405,admissible_et_classe,,2026-10-08T10:37:18.748733+00:00,ENGIE ENERGIE SERVICES (ENGIE E.S.)
93,55204695501660,rejete_au_controle_actuel,sans_position,2026-10-08T12:27:47.432959+00:00,
94,55204695501728,admissible_et_classe,,2026-10-08T10:38:20.921385+00:00,ENGIE ENERGIE SERVICES (ENGIE E.S.)
93,55204695503526,admissible_et_classe,,2026-10-08T12:27:47.534497+00:00,ENGIE ENERGIE SERVICES (ENGIE E.S.)
93,55204695503534,admissible_et_classe,,2026-10-08T12:27:47.747362+00:00,ENGIE ENERGIE SERVICES (ENGIE E.S.)
94,55204695503690,admissible_et_classe,,2026-10-08T12:34:23.611702+00:00,ENGIE ENERGIE SERVICES (ENGIE E.S.)
93,55204695504219,admissible_et_classe,,2026-10-08T12:27:47.943872+00:00,ENGIE ENERGIE SERVICES (ENGIE E.S.)
93,55204695504367,admissible_et_classe,,2026-10-08T12:27:48.155242+00:00,ENGIE ENERGIE SERVICES (ENGIE E.S.)
94,55204695504581,admissible_et_classe,,2026-10-08T12:34:23.966248+00:00,ENGIE ENERGIE SERVICES (ENGIE E.S.)
77,55204695504599,admissible_et_classe,,2026-10-08T12:20:27.965657+00:00,ENGIE ENERGIE SERVICES (ENGIE E.S.)
94,55204695504680,admissible_et_classe,,2026-10-08T12:34:24.021063+00:00,ENGIE ENERGIE SERVICES (ENGIE E.S.)
94,55204695504722,admissible_et_classe,,2026-10-08T12:34:24.270086+00:00,ENGIE ENERGIE SERVICES (ENGIE E.S.)
94,55204695504730,admissible_et_classe,,2026-10-08T12:34:24.591607+00:00,ENGIE ENERGIE SERVICES (ENGIE E.S.)
93,55204695505059,admissible_et_classe,,2026-10-08T12:27:48.361817+00:00,ENGIE ENERGIE SERVICES (ENGIE E.S.)
93,55204695505539,admissible_et_classe,,2026-10-08T12:27:48.567385+00:00,ENGIE ENERGIE SERVICES (ENGIE E.S.)
77,55204695505646,admissible_et_classe,,2026-10-08T12:20:28.116825+00:00,ENGIE ENERGIE SERVICES (ENGIE E.S.)
77,55204695506073,admissible_et_classe,,2026-10-08T12:20:28.414757+00:00,ENGIE ENERGIE SERVICES (ENGIE E.S.)
93,55204695506578,admissible_et_classe,,2026-10-08T12:27:48.769874+00:00,ENGIE ENERGIE SERVICES (ENGIE E.S.)
93,55204695506586,admissible_et_classe,,2026-10-08T12:27:48.976135+00:00,ENGIE ENERGIE SERVICES (ENGIE E.S.)
77,55204695507287,admissible_et_classe,,2026-10-08T12:20:28.527124+00:00,ENGIE ENERGIE SERVICES (ENGIE E.S.)
93,55204695507931,admissible_et_classe,,2026-10-08T12:27:49.181873+00:00,ENGIE ENERGIE SERVICES (ENGIE E.S.)
93,55204695508012,admissible_et_classe,,2026-10-08T12:27:49.385155+00:00,ENGIE ENERGIE SERVICES (ENGIE E.S.)
93,55204695508020,admissible_et_classe,,2026-10-08T12:27:49.618345+00:00,ENGIE ENERGIE SERVICES (ENGIE E.S.)
93,55204695508038,admissible_et_classe,,2026-10-08T12:27:49.793633+00:00,ENGIE ENERGIE SERVICES (ENGIE E.S.)
93,55204695508046,admissible_et_classe,,2026-10-08T12:27:49.999079+00:00,ENGIE ENERGIE SERVICES (ENGIE E.S.)
94,55204695508079,admissible_et_classe,,2026-10-08T12:34:24.627155+00:00,ENGIE ENERGIE SERVICES (ENGIE E.S.)
94,55204695508087,admissible_et_classe,,2026-10-08T12:34:24.829996+00:00,ENGIE ENERGIE SERVICES (ENGIE E.S.)
94,55204695508095,admissible_et_classe,,2026-10-08T12:34:25.150529+00:00,ENGIE ENERGIE SERVICES (ENGIE E.S.)
77,55204695508277,admissible_et_classe,,2026-10-08T12:20:28.740995+00:00,ENGIE ENERGIE SERVICES (ENGIE E.S.)
77,55204695508285,admissible_et_classe,,2026-10-08T12:20:28.930452+00:00,ENGIE ENERGIE SERVICES (ENGIE E.S.)
93,55204695510059,admissible_et_classe,,2026-10-08T12:27:50.206069+00:00,ENGIE ENERGIE SERVICES (ENGIE E.S.)
93,55204695510067,admissible_et_classe,,2026-10-08T12:27:50.411857+00:00,ENGIE ENERGIE SERVICES (ENGIE E.S.)
93,55204695510075,admissible_et_classe,,2026-10-08T12:27:50.613474+00:00,ENGIE ENERGIE SERVICES (ENGIE E.S.)
94,55204695510869,admissible_et_classe,,2026-10-08T12:34:25.233632+00:00,ENGIE ENERGIE SERVICES (ENGIE E.S.)
93,55204695510877,admissible_et_classe,,2026-10-08T12:27:50.817662+00:00,ENGIE ENERGIE SERVICES (ENGIE E.S.)
93,55204695511404,admissible_et_classe,,2026-10-08T12:27:51.022273+00:00,ENGIE ENERGIE SERVICES (ENGIE E.S.)
93,55204695511990,admissible_et_classe,,2026-10-08T12:27:51.232691+00:00,ENGIE ENERGIE SERVICES (ENGIE E.S.)
94,55204695512063,admissible_et_classe,,2026-10-08T12:34:25.434114+00:00,ENGIE ENERGIE SERVICES (ENGIE E.S.)
93,55204695512113,admissible_et_classe,,2026-10-08T12:27:51.464009+00:00,ENGIE ENERGIE SERVICES (ENGIE E.S.)
93,55204695512295,admissible_et_classe,,2026-10-08T12:27:51.636386+00:00,ENGIE ENERGIE SERVICES (ENGIE E.S.)
94,55206051900097,rejete_au_controle_actuel,sans_position,2026-10-08T12:34:25.647324+00:00,
93,55206266301925,admissible_et_classe,,2026-10-08T12:27:51.842615+00:00,GENERALI IARD
93,55206266302154,admissible_et_classe,,2026-10-08T12:27:52.047864+00:00,GENERALI IARD
77,55208131703921,admissible_et_classe,,2026-10-08T10:36:34.954406+00:00,ELECTRICITE DE FRANCE (EDF)
77,55208131703988,rejete_au_controle_actuel,sans_position,2026-10-08T12:20:29.155364+00:00,
94,55208131708334,admissible_et_classe,,2026-10-08T12:34:25.869799+00:00,ELECTRICITE DE FRANCE (EDF)
94,55208131708466,admissible_et_classe,,2026-10-08T12:34:26.054315+00:00,ELECTRICITE DE FRANCE (EDF)
94,55208131708508,admissible_et_classe,,2026-10-08T12:34:26.309536+00:00,ELECTRICITE DE FRANCE (EDF)
93,55208131708854,admissible_et_classe,,2026-10-08T12:27:52.258083+00:00,ELECTRICITE DE FRANCE (EDF)
77,55208131715206,admissible_et_classe,,2026-10-08T12:20:29.404826+00:00,ELECTRICITE DE FRANCE (EDF)
94,55208131715214,admissible_et_classe,,2026-10-08T12:34:26.465757+00:00,ELECTRICITE DE FRANCE (EDF)
77,55208131717277,admissible_et_classe,,2026-10-08T12:20:29.536854+00:00,ELECTRICITE DE FRANCE (EDF)
77,55208131718036,admissible_et_classe,,2026-10-08T12:20:29.742218+00:00,ELECTRICITE DE FRANCE (EDF)
77,55208131718069,rejete_au_controle_actuel,sans_position,2026-10-08T12:20:29.939579+00:00,
77,55208131718242,rejete_au_controle_actuel,sans_position,2026-10-08T12:20:30.150571+00:00,
94,55208131720834,admissible_et_classe,,2026-10-08T12:34:26.683142+00:00,ELECTRICITE DE FRANCE (EDF)
94,55208131720842,admissible_et_classe,,2026-10-08T12:34:26.864038+00:00,ELECTRICITE DE FRANCE (EDF)
77,55208131720883,admissible_et_classe,,2026-10-08T12:20:30.382200+00:00,ELECTRICITE DE FRANCE (EDF)
93,55208131722418,admissible_et_classe,,2026-10-08T12:27:52.419871+00:00,ELECTRICITE DE FRANCE (EDF)
77,55208131724844,rejete_au_controle_actuel,sans_position,2026-10-08T12:20:30.591383+00:00,
77,55208131725015,rejete_au_controle_actuel,sans_position,2026-10-08T12:20:30.791598+00:00,
77,55208131727078,rejete_au_controle_actuel,sans_position,2026-10-08T12:20:30.999024+00:00,
77,55208131727573,admissible_et_classe,,2026-10-08T12:20:31.206338+00:00,ELECTRICITE DE FRANCE (EDF)
94,55208131727607,admissible_et_classe,,2026-10-08T12:34:27.073445+00:00,ELECTRICITE DE FRANCE (EDF)
94,55208131727953,admissible_et_classe,,2026-10-08T12:34:27.268568+00:00,ELECTRICITE DE FRANCE (EDF)
93,55208131730346,admissible_et_classe,,2026-10-08T12:27:52.587007+00:00,ELECTRICITE DE FRANCE (EDF)
77,55208131731591,admissible_et_classe,,2026-10-08T12:20:31.407063+00:00,ELECTRICITE DE FRANCE (EDF)
77,55208131731609,rejete_au_controle_actuel,sans_position,2026-10-08T12:20:31.730429+00:00,
77,55208131731872,admissible_et_classe,,2026-10-08T12:20:31.820720+00:00,ELECTRICITE DE FRANCE (EDF)
93,55208131732425,admissible_et_classe,,2026-10-08T12:27:52.804130+00:00,ELECTRICITE DE FRANCE (EDF)
93,55208131732839,admissible_et_classe,,2026-10-08T12:27:52.971612+00:00,ELECTRICITE DE FRANCE (EDF)
94,55208131733670,admissible_et_classe,,2026-10-08T12:34:27.530488+00:00,ELECTRICITE DE FRANCE (EDF)
94,55208131734439,admissible_et_classe,,2026-10-08T12:34:27.724479+00:00,ELECTRICITE DE FRANCE (EDF)
93,55208131734827,admissible_et_classe,,2026-10-08T12:27:53.182845+00:00,ELECTRICITE DE FRANCE (EDF)
93,55208131734835,admissible_et_classe,,2026-10-08T12:27:53.405696+00:00,ELECTRICITE DE FRANCE (EDF)
93,55208131734850,admissible_et_classe,,2026-10-08T12:27:53.587689+00:00,ELECTRICITE DE FRANCE (EDF)
77,55208131734967,admissible_et_classe,,2026-10-08T12:20:32.020624+00:00,ELECTRICITE DE FRANCE (EDF)
77,55208131735014,rejete_au_controle_actuel,sans_position,2026-10-08T12:20:32.225410+00:00,
93,55208131735204,admissible_et_classe,,2026-10-08T12:27:53.798708+00:00,ELECTRICITE DE FRANCE (EDF)
93,55208131735212,admissible_et_classe,,2026-10-08T12:27:54.035479+00:00,ELECTRICITE DE FRANCE (EDF)
94,55208131735659,admissible_et_classe,,2026-10-08T12:34:27.885600+00:00,ELECTRICITE DE FRANCE (EDF)
77,55208131735667,admissible_et_classe,,2026-10-08T12:20:32.414414+00:00,ELECTRICITE DE FRANCE (EDF)
94,55208131735675,admissible_et_classe,,2026-10-08T12:34:28.082436+00:00,ELECTRICITE DE FRANCE (EDF)
77,55208131735683,rejete_au_controle_actuel,sans_position,2026-10-08T12:20:32.700500+00:00,
94,55208131735691,admissible_et_classe,,2026-10-08T12:34:28.309186+00:00,ELECTRICITE DE FRANCE (EDF)
77,55208131735709,admissible_et_classe,,2026-10-08T12:20:32.809120+00:00,ELECTRICITE DE FRANCE (EDF)
77,55208131735717,admissible_et_classe,,2026-10-08T12:20:32.998780+00:00,ELECTRICITE DE FRANCE (EDF)
77,55208131735725,admissible_et_classe,,2026-10-08T12:20:33.337893+00:00,ELECTRICITE DE FRANCE (EDF)
93,55208131735733,admissible_et_classe,,2026-10-08T12:27:54.196704+00:00,ELECTRICITE DE FRANCE (EDF)
94,55208131735741,admissible_et_classe,,2026-10-08T12:34:28.482114+00:00,ELECTRICITE DE FRANCE (EDF)
93,55208131735865,admissible_et_classe,,2026-10-08T12:27:54.414998+00:00,ELECTRICITE DE FRANCE (EDF)
93,55208131735873,admissible_et_classe,,2026-10-08T12:27:54.618963+00:00,ELECTRICITE DE FRANCE (EDF)
94,55208131735881,admissible_et_classe,,2026-10-08T12:34:28.688283+00:00,ELECTRICITE DE FRANCE (EDF)
77,55208131740261,admissible_et_classe,,2026-10-08T12:20:33.596854+00:00,ELECTRICITE DE FRANCE (EDF)
93,55208131740345,admissible_et_classe,,2026-10-08T12:27:54.865114+00:00,ELECTRICITE DE FRANCE (EDF)
77,55208131741509,admissible_et_classe,,2026-10-08T12:20:33.607604+00:00,ELECTRICITE DE FRANCE (EDF)
77,55208131741939,rejete_au_controle_actuel,sans_position,2026-10-08T12:20:33.820833+00:00,
77,55208131742218,rejete_au_controle_actuel,sans_position,2026-10-08T12:20:34.015150+00:00,
77,55208131742416,admissible_et_classe,,2026-10-08T12:20:34.360761+00:00,ELECTRICITE DE FRANCE (EDF)
93,55208131742572,admissible_et_classe,,2026-10-08T12:27:55.047025+00:00,ELECTRICITE DE FRANCE (EDF)
93,55208131742705,admissible_et_classe,,2026-10-08T12:27:55.231847+00:00,ELECTRICITE DE FRANCE (EDF)
94,55208131742911,admissible_et_classe,,2026-10-08T12:34:28.889250+00:00,ELECTRICITE DE FRANCE (EDF)
93,55208131743109,admissible_et_classe,,2026-10-08T12:27:55.463429+00:00,ELECTRICITE DE FRANCE (EDF)
77,55208131743521,admissible_et_classe,,2026-10-08T12:20:34.451703+00:00,ELECTRICITE DE FRANCE (EDF)
93,55208131743844,admissible_et_classe,,2026-10-08T12:27:55.611566+00:00,ELECTRICITE DE FRANCE (EDF)
93,55208131743885,admissible_et_classe,,2026-10-08T12:27:55.828005+00:00,ELECTRICITE DE FRANCE (EDF)
93,55208131743927,admissible_et_classe,,2026-10-08T12:27:56.024618+00:00,ELECTRICITE DE FRANCE (EDF)
77,55208131744263,admissible_et_classe,,2026-10-08T12:20:34.627984+00:00,ELECTRICITE DE FRANCE (EDF)
93,55208131744404,admissible_et_classe,,2026-10-08T12:27:56.222388+00:00,ELECTRICITE DE FRANCE (EDF)
94,55208131745039,admissible_et_classe,,2026-10-08T12:34:29.091165+00:00,ELECTRICITE DE FRANCE (EDF)
93,55208131745211,admissible_et_classe,,2026-10-08T12:27:56.442913+00:00,ELECTRICITE DE FRANCE (EDF)
93,55208131746839,admissible_et_classe,,2026-10-08T12:27:56.622307+00:00,ELECTRICITE DE FRANCE (EDF)
93,55208131747332,admissible_et_classe,,2026-10-08T12:27:56.824805+00:00,ELECTRICITE DE FRANCE (EDF)
93,55208131749502,admissible_et_classe,,2026-10-08T12:27:57.033720+00:00,ELECTRICITE DE FRANCE (EDF)
93,55208131749569,admissible_et_classe,,2026-10-08T12:27:57.236073+00:00,ELECTRICITE DE FRANCE (EDF)
93,55208131749650,admissible_et_classe,,2026-10-08T12:27:57.448554+00:00,ELECTRICITE DE FRANCE (EDF)
93,55208131750005,admissible_et_classe,,2026-10-08T12:27:57.678458+00:00,ELECTRICITE DE FRANCE (EDF)
93,55208131750013,admissible_et_classe,,2026-10-08T12:27:57.849691+00:00,ELECTRICITE DE FRANCE (EDF)
93,55208131750070,admissible_et_classe,,2026-10-08T12:27:58.051116+00:00,ELECTRICITE DE FRANCE (EDF)
93,55208131751862,admissible_et_classe,,2026-10-08T12:27:58.246193+00:00,ELECTRICITE DE FRANCE (EDF)
77,55208131752027,admissible_et_classe,,2026-10-08T12:20:34.831058+00:00,ELECTRICITE DE FRANCE (EDF)
93,55208131753751,admissible_et_classe,,2026-10-08T12:27:58.460800+00:00,ELECTRICITE DE FRANCE (EDF)
93,55208131753918,admissible_et_classe,,2026-10-08T12:27:58.647974+00:00,ELECTRICITE DE FRANCE (EDF)
93,55208131756101,admissible_et_classe,,2026-10-08T12:27:58.851310+00:00,ELECTRICITE DE FRANCE (EDF)
77,55208131756374,admissible_et_classe,,2026-10-08T12:20:35.048299+00:00,ELECTRICITE DE FRANCE (EDF)
94,55208131756630,admissible_et_classe,,2026-10-08T12:34:29.304260+00:00,ELECTRICITE DE FRANCE (EDF)
77,55208131756648,admissible_et_classe,,2026-10-08T12:20:35.273792+00:00,ELECTRICITE DE FRANCE (EDF)
77,55208131756655,rejete_au_controle_actuel,sans_position,2026-10-08T12:20:35.442500+00:00,
94,55208131756663,admissible_et_classe,,2026-10-08T12:34:29.499647+00:00,ELECTRICITE DE FRANCE (EDF)
77,55208131756671,admissible_et_classe,,2026-10-08T12:20:35.766862+00:00,ELECTRICITE DE FRANCE (EDF)
93,55208131756689,admissible_et_classe,,2026-10-08T12:27:59.060953+00:00,ELECTRICITE DE FRANCE (EDF)
93,55208131756853,admissible_et_classe,,2026-10-08T12:27:59.279695+00:00,ELECTRICITE DE FRANCE (EDF)
94,55208131756861,admissible_et_classe,,2026-10-08T12:34:29.709405+00:00,ELECTRICITE DE FRANCE (EDF)
77,55208131756903,admissible_et_classe,,2026-10-08T12:20:35.942275+00:00,ELECTRICITE DE FRANCE (EDF)
93,55208131758669,admissible_et_classe,,2026-10-08T12:27:59.469970+00:00,ELECTRICITE DE FRANCE (EDF)
93,55208131759147,admissible_et_classe,,2026-10-08T12:27:59.670665+00:00,ELECTRICITE DE FRANCE (EDF)
93,55208131759402,admissible_et_classe,,2026-10-08T12:27:59.907928+00:00,ELECTRICITE DE FRANCE (EDF)
77,55208131759980,admissible_et_classe,,2026-10-08T12:20:36.053647+00:00,ELECTRICITE DE FRANCE (EDF)
77,55208131762745,admissible_et_classe,,2026-10-08T12:20:36.273090+00:00,ELECTRICITE DE FRANCE (EDF)
94,55208131763446,admissible_et_classe,,2026-10-08T12:34:29.922395+00:00,ELECTRICITE DE FRANCE (EDF)
93,55208131763693,admissible_et_classe,,2026-10-08T12:28:00.101450+00:00,ELECTRICITE DE FRANCE (EDF)
77,55208131764527,admissible_et_classe,,2026-10-08T12:20:36.467862+00:00,ELECTRICITE DE FRANCE (EDF)
93,55208131766274,admissible_et_classe,,2026-10-08T12:28:00.271631+00:00,ELECTRICITE DE FRANCE (EDF)
77,55208131766993,admissible_et_classe,,2026-10-08T12:20:36.669301+00:00,ELECTRICITE DE FRANCE (EDF)
77,55208131767041,admissible_et_classe,,2026-10-08T12:20:36.884170+00:00,ELECTRICITE DE FRANCE (EDF)
93,55208131767074,admissible_et_classe,,2026-10-08T12:28:00.477207+00:00,ELECTRICITE DE FRANCE (EDF)
93,55208131769880,admissible_et_classe,,2026-10-08T12:28:00.681256+00:00,ELECTRICITE DE FRANCE (EDF)
93,55208131774286,admissible_et_classe,,2026-10-08T12:28:00.893334+00:00,ELECTRICITE DE FRANCE (EDF)
77,55208131777982,admissible_et_classe,,2026-10-08T12:20:37.074618+00:00,ELECTRICITE DE FRANCE (EDF)
93,55208131778006,admissible_et_classe,,2026-10-08T12:28:01.107373+00:00,ELECTRICITE DE FRANCE (EDF)
77,55208131778287,admissible_et_classe,,2026-10-08T12:20:37.285176+00:00,ELECTRICITE DE FRANCE (EDF)
93,55208131778584,admissible_et_classe,,2026-10-08T12:28:01.292374+00:00,ELECTRICITE DE FRANCE (EDF)
93,55208131779459,admissible_et_classe,,2026-10-08T12:28:01.497585+00:00,ELECTRICITE DE FRANCE (EDF)
93,55208131782180,admissible_et_classe,,2026-10-08T12:28:01.692913+00:00,ELECTRICITE DE FRANCE (EDF)
93,55208131782925,admissible_et_classe,,2026-10-08T12:28:01.893495+00:00,ELECTRICITE DE FRANCE (EDF)
93,55208131783469,admissible_et_classe,,2026-10-08T12:28:02.109508+00:00,ELECTRICITE DE FRANCE (EDF)
93,55208131784491,admissible_et_classe,,2026-10-08T12:28:02.313670+00:00,ELECTRICITE DE FRANCE (EDF)
93,55208131784715,admissible_et_classe,,2026-10-08T12:28:02.519023+00:00,ELECTRICITE DE FRANCE (EDF)
77,55208131785316,rejete_au_controle_actuel,sans_position,2026-10-08T12:20:37.489750+00:00,
94,55208131785340,admissible_et_classe,,2026-10-08T12:34:30.137059+00:00,ELECTRICITE DE FRANCE (EDF)
77,55208131785415,admissible_et_classe,,2026-10-08T12:20:37.803056+00:00,ELECTRICITE DE FRANCE (EDF)
94,55208131785423,admissible_et_classe,,2026-10-08T12:34:30.319300+00:00,ELECTRICITE DE FRANCE (EDF)
93,55208131785662,admissible_et_classe,,2026-10-08T12:28:02.713367+00:00,ELECTRICITE DE FRANCE (EDF)
77,55208131786504,admissible_et_classe,,2026-10-08T12:20:37.948591+00:00,ELECTRICITE DE FRANCE (EDF)
93,55208131788492,admissible_et_classe,,2026-10-08T12:28:02.922810+00:00,ELECTRICITE DE FRANCE (EDF)
93,55208131789029,admissible_et_classe,,2026-10-08T12:28:03.120504+00:00,ELECTRICITE DE FRANCE (EDF)
77,55208131789409,admissible_et_classe,,2026-10-08T12:20:38.102745+00:00,ELECTRICITE DE FRANCE (EDF)
94,55208131789581,admissible_et_classe,,2026-10-08T12:34:30.508136+00:00,ELECTRICITE DE FRANCE (EDF)
77,55208131789904,admissible_et_classe,,2026-10-08T12:20:38.295266+00:00,ELECTRICITE DE FRANCE (EDF)
77,55208131790175,admissible_et_classe,,2026-10-08T12:20:38.508695+00:00,ELECTRICITE DE FRANCE (EDF)
93,55208131790530,admissible_et_classe,,2026-10-08T12:28:03.323750+00:00,ELECTRICITE DE FRANCE (EDF)
93,55208131791645,admissible_et_classe,,2026-10-08T12:28:03.531432+00:00,ELECTRICITE DE FRANCE (EDF)
94,55208131792478,admissible_et_classe,,2026-10-08T12:34:30.717319+00:00,ELECTRICITE DE FRANCE (EDF)
77,55208329700630,admissible_et_classe,,2026-10-08T12:20:38.712140+00:00,"MONOPRIX EXPLOITATION, PAR ABREVIATION MPX"
77,55208329701026,admissible_et_classe,,2026-10-08T12:20:38.998153+00:00,"MONOPRIX EXPLOITATION, PAR ABREVIATION MPX"
94,55208329701042,admissible_et_classe,,2026-10-08T12:34:30.925034+00:00,"MONOPRIX EXPLOITATION, PAR ABREVIATION MPX"
94,55208329701059,admissible_et_classe,,2026-10-08T12:34:31.416980+00:00,"MONOPRIX EXPLOITATION, PAR ABREVIATION MPX"
94,55208329701067,rejete_au_controle_actuel,ferme_ou_autre_departement,2026-10-08T12:34:31.399329+00:00,
94,55208329701075,admissible_et_classe,,2026-10-08T12:34:31.530882+00:00,"MONOPRIX EXPLOITATION, PAR ABREVIATION MPX"
94,55208329701083,admissible_et_classe,,2026-10-08T12:34:31.730251+00:00,"MONOPRIX EXPLOITATION, PAR ABREVIATION MPX"
94,55208329701091,admissible_et_classe,,2026-10-08T12:34:31.936521+00:00,"MONOPRIX EXPLOITATION, PAR ABREVIATION MPX"
94,55208329701109,admissible_et_classe,,2026-10-08T12:34:32.127813+00:00,"MONOPRIX EXPLOITATION, PAR ABREVIATION MPX"
93,55208329702008,admissible_et_classe,,2026-10-08T12:28:03.736328+00:00,"MONOPRIX EXPLOITATION, PAR ABREVIATION MPX"
93,55208329702016,admissible_et_classe,,2026-10-08T12:28:03.931371+00:00,"MONOPRIX EXPLOITATION, PAR ABREVIATION MPX"
93,55208329702032,admissible_et_classe,,2026-10-08T12:28:04.138580+00:00,"MONOPRIX EXPLOITATION, PAR ABREVIATION MPX"
93,55208329702057,admissible_et_classe,,2026-10-08T12:28:04.337726+00:00,"MONOPRIX EXPLOITATION, PAR ABREVIATION MPX"
93,55208329702065,admissible_et_classe,,2026-10-08T12:28:04.566607+00:00,"MONOPRIX EXPLOITATION, PAR ABREVIATION MPX"
93,55208329702206,admissible_et_classe,,2026-10-08T12:28:04.747735+00:00,"MONOPRIX EXPLOITATION, PAR ABREVIATION MPX"
94,55208329702560,admissible_et_classe,,2026-10-08T12:34:32.340693+00:00,"MONOPRIX EXPLOITATION, PAR ABREVIATION MPX"
94,55208329702610,admissible_et_classe,,2026-10-08T12:34:32.537946+00:00,"MONOPRIX EXPLOITATION, PAR ABREVIATION MPX"
93,55208329702719,admissible_et_classe,,2026-10-08T12:28:04.941099+00:00,"MONOPRIX EXPLOITATION, PAR ABREVIATION MPX"
94,55208853601626,admissible_et_classe,,2026-10-08T12:34:32.737638+00:00,CEVA AIR & OCEAN INTERNATIONAL
94,55209179501490,admissible_et_classe,,2026-10-08T12:34:32.939489+00:00,BRED BANQUE POPULAIRE (BRED)
77,55209179501664,admissible_et_classe,,2026-10-08T12:20:39.196333+00:00,BRED BANQUE POPULAIRE (BRED)
77,55209179501722,admissible_et_classe,,2026-10-08T12:20:39.312939+00:00,BRED BANQUE POPULAIRE (BRED)
77,55209179501730,admissible_et_classe,,2026-10-08T12:20:39.513293+00:00,BRED BANQUE POPULAIRE (BRED)
94,55209179501805,admissible_et_classe,,2026-10-08T12:34:33.144178+00:00,BRED BANQUE POPULAIRE (BRED)
77,55209179501839,admissible_et_classe,,2026-10-08T12:20:39.753978+00:00,BRED BANQUE POPULAIRE (BRED)
77,55209179501854,admissible_et_classe,,2026-10-08T12:20:39.924248+00:00,BRED BANQUE POPULAIRE (BRED)
77,55209179501888,admissible_et_classe,,2026-10-08T12:20:40.122975+00:00,BRED BANQUE POPULAIRE (BRED)
77,55209179501904,admissible_et_classe,,2026-10-08T12:20:40.342370+00:00,BRED BANQUE POPULAIRE (BRED)
77,55209179501995,admissible_et_classe,,2026-10-08T12:20:40.696516+00:00,BRED BANQUE POPULAIRE (BRED)
77,55209179502035,admissible_et_classe,,2026-10-08T12:20:40.791111+00:00,BRED BANQUE POPULAIRE (BRED)
77,55209179502076,admissible_et_classe,,2026-10-08T12:20:40.942672+00:00,BRED BANQUE POPULAIRE (BRED)
94,55209179502126,admissible_et_classe,,2026-10-08T12:34:33.356622+00:00,BRED BANQUE POPULAIRE (BRED)
93,55209179502134,admissible_et_classe,,2026-10-08T12:28:05.172902+00:00,BRED BANQUE POPULAIRE (BRED)
93,55209179502159,admissible_et_classe,,2026-10-08T12:28:05.347300+00:00,BRED BANQUE POPULAIRE (BRED)
94,55209179502233,admissible_et_classe,,2026-10-08T12:34:33.541986+00:00,BRED BANQUE POPULAIRE (BRED)
94,55209179502241,admissible_et_classe,,2026-10-08T12:34:33.747958+00:00,BRED BANQUE POPULAIRE (BRED)
94,55209179502258,admissible_et_classe,,2026-10-08T12:34:33.951394+00:00,BRED BANQUE POPULAIRE (BRED)
94,55209179502266,admissible_et_classe,,2026-10-08T12:34:34.158893+00:00,BRED BANQUE POPULAIRE (BRED)
77,55209179502282,admissible_et_classe,,2026-10-08T12:20:41.257878+00:00,BRED BANQUE POPULAIRE (BRED)
77,55209179502290,admissible_et_classe,,2026-10-08T12:20:41.340700+00:00,BRED BANQUE POPULAIRE (BRED)
77,55209179502324,admissible_et_classe,,2026-10-08T12:20:41.544130+00:00,BRED BANQUE POPULAIRE (BRED)
77,55209179502464,admissible_et_classe,,2026-10-08T12:20:41.743827+00:00,BRED BANQUE POPULAIRE (BRED)
94,55209179502522,admissible_et_classe,,2026-10-08T12:34:34.436804+00:00,BRED BANQUE POPULAIRE (BRED)
77,55209179502548,admissible_et_classe,,2026-10-08T12:20:41.957531+00:00,BRED BANQUE POPULAIRE (BRED)
94,55209179502571,admissible_et_classe,,2026-10-08T12:34:34.637378+00:00,BRED BANQUE POPULAIRE (BRED)
94,55209179502613,admissible_et_classe,,2026-10-08T12:34:34.844030+00:00,BRED BANQUE POPULAIRE (BRED)
77,55209179502662,admissible_et_classe,,2026-10-08T12:20:42.173970+00:00,BRED BANQUE POPULAIRE (BRED)
94,55209179502704,admissible_et_classe,,2026-10-08T12:34:35.052251+00:00,BRED BANQUE POPULAIRE (BRED)
94,55209179502712,admissible_et_classe,,2026-10-08T12:34:35.254798+00:00,BRED BANQUE POPULAIRE (BRED)
77,55209179502969,admissible_et_classe,,2026-10-08T12:20:42.537887+00:00,BRED BANQUE POPULAIRE (BRED)
77,55209179502993,admissible_et_classe,,2026-10-08T12:20:42.555679+00:00,BRED BANQUE POPULAIRE (BRED)
93,55209179503009,admissible_et_classe,,2026-10-08T12:28:05.564557+00:00,BRED BANQUE POPULAIRE (BRED)
94,55209179503108,admissible_et_classe,,2026-10-08T12:34:35.466958+00:00,BRED BANQUE POPULAIRE (BRED)
94,55209179503124,admissible_et_classe,,2026-10-08T12:34:35.661431+00:00,BRED BANQUE POPULAIRE (BRED)
94,55209179503306,admissible_et_classe,,2026-10-08T12:34:35.893643+00:00,BRED BANQUE POPULAIRE (BRED)
93,55209179503801,admissible_et_classe,,2026-10-08T12:28:05.758118+00:00,BRED BANQUE POPULAIRE (BRED)
77,55209179503819,admissible_et_classe,,2026-10-08T12:20:42.751893+00:00,BRED BANQUE POPULAIRE (BRED)
77,55209179503827,admissible_et_classe,,2026-10-08T12:20:43.116891+00:00,BRED BANQUE POPULAIRE (BRED)
94,55209179503843,admissible_et_classe,,2026-10-08T12:34:36.071854+00:00,BRED BANQUE POPULAIRE (BRED)
94,55209179503876,admissible_et_classe,,2026-10-08T12:34:36.285181+00:00,BRED BANQUE POPULAIRE (BRED)
77,55209179503942,admissible_et_classe,,2026-10-08T12:20:43.191348+00:00,BRED BANQUE POPULAIRE (BRED)
77,55209179503975,admissible_et_classe,,2026-10-08T12:20:43.375868+00:00,BRED BANQUE POPULAIRE (BRED)
94,55209179504056,admissible_et_classe,,2026-10-08T12:34:36.401822+00:00,BRED BANQUE POPULAIRE (BRED)
77,55209179504106,admissible_et_classe,,2026-10-08T12:20:43.570977+00:00,BRED BANQUE POPULAIRE (BRED)
94,55209179504239,admissible_et_classe,,2026-10-08T12:34:36.599051+00:00,BRED BANQUE POPULAIRE (BRED)
94,55209179504288,admissible_et_classe,,2026-10-08T12:34:36.800019+00:00,BRED BANQUE POPULAIRE (BRED)
77,55209179504353,admissible_et_classe,,2026-10-08T12:20:43.879761+00:00,BRED BANQUE POPULAIRE (BRED)
77,55209179504387,admissible_et_classe,,2026-10-08T12:20:44.060066+00:00,BRED BANQUE POPULAIRE (BRED)
93,55209179504411,admissible_et_classe,,2026-10-08T12:28:05.961858+00:00,BRED BANQUE POPULAIRE (BRED)
77,55209179504460,admissible_et_classe,,2026-10-08T12:20:44.261020+00:00,BRED BANQUE POPULAIRE (BRED)
77,55209179504544,admissible_et_classe,,2026-10-08T12:20:44.447602+00:00,BRED BANQUE POPULAIRE (BRED)
77,55209179504585,admissible_et_classe,,2026-10-08T12:20:44.670274+00:00,BRED BANQUE POPULAIRE (BRED)
94,55209179504619,admissible_et_classe,,2026-10-08T12:34:37.130770+00:00,BRED BANQUE POPULAIRE (BRED)
77,55209179504643,admissible_et_classe,,2026-10-08T12:20:44.819776+00:00,BRED BANQUE POPULAIRE (BRED)
77,55209179504734,admissible_et_classe,,2026-10-08T12:20:44.998155+00:00,BRED BANQUE POPULAIRE (BRED)
77,55209179504809,admissible_et_classe,,2026-10-08T12:20:45.214900+00:00,BRED BANQUE POPULAIRE (BRED)
77,55209179504825,admissible_et_classe,,2026-10-08T12:20:45.408120+00:00,BRED BANQUE POPULAIRE (BRED)
94,55209179504981,admissible_et_classe,,2026-10-08T12:34:37.208571+00:00,BRED BANQUE POPULAIRE (BRED)
93,55209179505038,admissible_et_classe,,2026-10-08T12:28:06.165386+00:00,BRED BANQUE POPULAIRE (BRED)
77,55209179505202,admissible_et_classe,,2026-10-08T12:20:45.609940+00:00,BRED BANQUE POPULAIRE (BRED)
94,55209179505244,admissible_et_classe,,2026-10-08T12:34:37.397828+00:00,BRED BANQUE POPULAIRE (BRED)
94,55209179505251,admissible_et_classe,,2026-10-08T12:34:37.657049+00:00,BRED BANQUE POPULAIRE (BRED)
77,55209179505277,admissible_et_classe,,2026-10-08T12:20:45.815615+00:00,BRED BANQUE POPULAIRE (BRED)
94,55209179505376,admissible_et_classe,,2026-10-08T12:34:37.825306+00:00,BRED BANQUE POPULAIRE (BRED)
93,55209179505442,admissible_et_classe,,2026-10-08T12:28:06.403605+00:00,BRED BANQUE POPULAIRE (BRED)
94,55209628102213,admissible_et_classe,,2026-10-08T10:38:21.137648+00:00,L'AIR LIQUIDE SOCIETE ANONYME POUR L'ETUDE ET L'EXPLOITATION DES PROCEDES GEORGES CLAUDE
94,55209628102619,admissible_et_classe,,2026-10-08T10:38:21.338139+00:00,L'AIR LIQUIDE SOCIETE ANONYME POUR L'ETUDE ET L'EXPLOITATION DES PROCEDES GEORGES CLAUDE
77,55210872204788,admissible_et_classe,,2026-10-08T12:20:46.014246+00:00,SOC FIDUCIAIRE NATIO EXPERTISE COMPTABLE (FIDUCIAL EXPERTISE ; JADE FIDUCIAL) (FID)
77,55210872205587,admissible_et_classe,,2026-10-08T12:20:46.235107+00:00,SOC FIDUCIAIRE NATIO EXPERTISE COMPTABLE (FIDUCIAL EXPERTISE ; JADE FIDUCIAL) (FID)
77,55210872209266,admissible_et_classe,,2026-10-08T12:20:46.460311+00:00,SOC FIDUCIAIRE NATIO EXPERTISE COMPTABLE (FIDUCIAL EXPERTISE ; JADE FIDUCIAL) (FID)
77,55210872209290,admissible_et_classe,,2026-10-08T12:20:46.668508+00:00,SOC FIDUCIAIRE NATIO EXPERTISE COMPTABLE (FIDUCIAL EXPERTISE ; JADE FIDUCIAL) (FID)
94,55210872210124,admissible_et_classe,,2026-10-08T12:34:38.091122+00:00,SOC FIDUCIAIRE NATIO EXPERTISE COMPTABLE (FIDUCIAL EXPERTISE ; JADE FIDUCIAL) (FID)
77,55210872210306,admissible_et_classe,,2026-10-08T12:20:46.869370+00:00,SOC FIDUCIAIRE NATIO EXPERTISE COMPTABLE (FIDUCIAL EXPERTISE ; JADE FIDUCIAL) (FID)
77,55210872210967,admissible_et_classe,,2026-10-08T12:20:47.073397+00:00,SOC FIDUCIAIRE NATIO EXPERTISE COMPTABLE (FIDUCIAL EXPERTISE ; JADE FIDUCIAL) (FID)
77,55210872211932,admissible_et_classe,,2026-10-08T12:20:47.504812+00:00,SOC FIDUCIAIRE NATIO EXPERTISE COMPTABLE (FIDUCIAL EXPERTISE ; JADE FIDUCIAL) (FID)
94,55212022200096,admissible_et_classe,,2026-10-08T12:34:38.228664+00:00,SOCIETE GENERALE (SG)
94,55212022200112,admissible_et_classe,,2026-10-08T12:34:38.561972+00:00,SOCIETE GENERALE (SG)
94,55212022200120,admissible_et_classe,,2026-10-08T12:34:38.642987+00:00,SOCIETE GENERALE (SG)
94,55212022200146,admissible_et_classe,,2026-10-08T12:34:38.839840+00:00,SOCIETE GENERALE (SG)
93,55212022200195,admissible_et_classe,,2026-10-08T12:28:06.582361+00:00,SOCIETE GENERALE (SG)
77,55212022207398,admissible_et_classe,,2026-10-08T12:20:47.483385+00:00,SOCIETE GENERALE (SG)
77,55212022207406,admissible_et_classe,,2026-10-08T12:20:47.812617+00:00,SOCIETE GENERALE (SG)
77,55212022207422,admissible_et_classe,,2026-10-08T12:20:48.026952+00:00,SOCIETE GENERALE (SG)
77,55212022207430,admissible_et_classe,,2026-10-08T12:20:48.199755+00:00,SOCIETE GENERALE (SG)
77,55212022207455,admissible_et_classe,,2026-10-08T12:20:48.303212+00:00,SOCIETE GENERALE (SG)
77,55212022207463,admissible_et_classe,,2026-10-08T12:20:48.463847+00:00,SOCIETE GENERALE (SG)
77,55212022207489,admissible_et_classe,,2026-10-08T12:20:48.660888+00:00,SOCIETE GENERALE (SG)
77,55212022207497,admissible_et_classe,,2026-10-08T12:20:48.862617+00:00,SOCIETE GENERALE (SG)
77,55212022207505,admissible_et_classe,,2026-10-08T12:20:49.064438+00:00,SOCIETE GENERALE (SG)
77,55212022207513,admissible_et_classe,,2026-10-08T12:20:49.270883+00:00,SOCIETE GENERALE (SG)
77,55212022207539,admissible_et_classe,,2026-10-08T12:20:49.492382+00:00,SOCIETE GENERALE (SG)
77,55212022207547,admissible_et_classe,,2026-10-08T12:20:49.680923+00:00,SOCIETE GENERALE (SG)
93,55212022211028,admissible_et_classe,,2026-10-08T12:28:06.792941+00:00,SOCIETE GENERALE (SG)
93,55212022211275,admissible_et_classe,,2026-10-08T12:28:06.997391+00:00,SOCIETE GENERALE (SG)
93,55212022216126,admissible_et_classe,,2026-10-08T10:37:18.954997+00:00,SOCIETE GENERALE (SG)
93,55212022216134,admissible_et_classe,,2026-10-08T10:37:19.165734+00:00,SOCIETE GENERALE (SG)
77,55212022216183,admissible_et_classe,,2026-10-08T12:20:49.879458+00:00,SOCIETE GENERALE (SG)
77,55212022216225,admissible_et_classe,,2026-10-08T12:20:50.081806+00:00,SOCIETE GENERALE (SG)
77,55212022216316,admissible_et_classe,,2026-10-08T12:20:50.361719+00:00,SOCIETE GENERALE (SG)
77,55212022216365,admissible_et_classe,,2026-10-08T12:20:50.557545+00:00,SOCIETE GENERALE (SG)
77,55212022216456,admissible_et_classe,,2026-10-08T12:20:50.760360+00:00,SOCIETE GENERALE (SG)
77,55212022216464,admissible_et_classe,,2026-10-08T12:20:50.967163+00:00,SOCIETE GENERALE (SG)
77,55212022216498,admissible_et_classe,,2026-10-08T12:20:51.170355+00:00,SOCIETE GENERALE (SG)
77,55212022216548,admissible_et_classe,,2026-10-08T12:20:51.375038+00:00,SOCIETE GENERALE (SG)
94,55212022216787,admissible_et_classe,,2026-10-08T12:34:39.041541+00:00,SOCIETE GENERALE (SG)
94,55212022216803,admissible_et_classe,,2026-10-08T12:34:39.242142+00:00,SOCIETE GENERALE (SG)
94,55212022216811,admissible_et_classe,,2026-10-08T12:34:39.535089+00:00,SOCIETE GENERALE (SG)
94,55212022216845,admissible_et_classe,,2026-10-08T12:34:39.641830+00:00,SOCIETE GENERALE (SG)
94,55212022216878,admissible_et_classe,,2026-10-08T12:34:39.840507+00:00,SOCIETE GENERALE (SG)
94,55212022216886,admissible_et_classe,,2026-10-08T12:34:40.080397+00:00,SOCIETE GENERALE (SG)
93,55212022216910,admissible_et_classe,,2026-10-08T12:28:07.224466+00:00,SOCIETE GENERALE (SG)
93,55212022216936,admissible_et_classe,,2026-10-08T12:28:07.407944+00:00,SOCIETE GENERALE (SG)
94,55212022216969,admissible_et_classe,,2026-10-08T12:34:40.242310+00:00,SOCIETE GENERALE (SG)
94,55212022216985,admissible_et_classe,,2026-10-08T12:34:40.474462+00:00,SOCIETE GENERALE (SG)
94,55212022216993,admissible_et_classe,,2026-10-08T12:34:40.650545+00:00,SOCIETE GENERALE (SG)
94,55212022217009,admissible_et_classe,,2026-10-08T12:34:40.860317+00:00,SOCIETE GENERALE (SG)
94,55212022217058,admissible_et_classe,,2026-10-08T12:34:41.045590+00:00,SOCIETE GENERALE (SG)
94,55212022217082,admissible_et_classe,,2026-10-08T12:34:41.297964+00:00,SOCIETE GENERALE (SG)
94,55212022217108,admissible_et_classe,,2026-10-08T12:34:41.566934+00:00,SOCIETE GENERALE (SG)
94,55212022217330,admissible_et_classe,,2026-10-08T12:34:41.666683+00:00,SOCIETE GENERALE (SG)
94,55212022217355,admissible_et_classe,,2026-10-08T12:34:41.870366+00:00,SOCIETE GENERALE (SG)
94,55212022217389,admissible_et_classe,,2026-10-08T12:34:42.195913+00:00,SOCIETE GENERALE (SG)
94,55212022217454,admissible_et_classe,,2026-10-08T12:34:42.280592+00:00,SOCIETE GENERALE (SG)
94,55212022217470,admissible_et_classe,,2026-10-08T12:34:42.528944+00:00,SOCIETE GENERALE (SG)
93,55212022217520,admissible_et_classe,,2026-10-08T12:28:07.719550+00:00,SOCIETE GENERALE (SG)
94,55212022217579,admissible_et_classe,,2026-10-08T12:34:42.727582+00:00,SOCIETE GENERALE (SG)
93,55212022217751,admissible_et_classe,,2026-10-08T12:28:07.819428+00:00,SOCIETE GENERALE (SG)
93,55212022217801,admissible_et_classe,,2026-10-08T12:28:08.019693+00:00,SOCIETE GENERALE (SG)
93,55212022217926,admissible_et_classe,,2026-10-08T12:28:08.248402+00:00,SOCIETE GENERALE (SG)
93,55212022217934,admissible_et_classe,,2026-10-08T12:28:08.427005+00:00,SOCIETE GENERALE (SG)
77,55212022218254,admissible_et_classe,,2026-10-08T12:20:51.580231+00:00,SOCIETE GENERALE (SG)
93,55212022218700,admissible_et_classe,,2026-10-08T12:28:08.581485+00:00,SOCIETE GENERALE (SG)
93,55212022219021,admissible_et_classe,,2026-10-08T12:28:08.795445+00:00,SOCIETE GENERALE (SG)
93,55212022219120,admissible_et_classe,,2026-10-08T12:28:08.998328+00:00,SOCIETE GENERALE (SG)
93,55212022219153,admissible_et_classe,,2026-10-08T12:28:09.190089+00:00,SOCIETE GENERALE (SG)
77,55212022219559,admissible_et_classe,,2026-10-08T12:20:51.795250+00:00,SOCIETE GENERALE (SG)
93,55212022220029,admissible_et_classe,,2026-10-08T12:28:09.401152+00:00,SOCIETE GENERALE (SG)
94,55212022220110,admissible_et_classe,,2026-10-08T12:34:42.942641+00:00,SOCIETE GENERALE (SG)
93,55212022220334,admissible_et_classe,,2026-10-08T12:28:09.621321+00:00,SOCIETE GENERALE (SG)
93,55212022220441,admissible_et_classe,,2026-10-08T12:28:09.805259+00:00,SOCIETE GENERALE (SG)
77,55212022220508,admissible_et_classe,,2026-10-08T12:20:51.992907+00:00,SOCIETE GENERALE (SG)
93,55212022220862,admissible_et_classe,,2026-10-08T12:28:10.002538+00:00,SOCIETE GENERALE (SG)
94,55212022220938,admissible_et_classe,,2026-10-08T12:34:43.136332+00:00,SOCIETE GENERALE (SG)
94,55212022220946,admissible_et_classe,,2026-10-08T12:34:43.342351+00:00,SOCIETE GENERALE (SG)
77,55212022221274,admissible_et_classe,,2026-10-08T12:20:52.194972+00:00,SOCIETE GENERALE (SG)
77,55212022221787,admissible_et_classe,,2026-10-08T12:20:52.365486+00:00,SOCIETE GENERALE (SG)
94,55212022221803,admissible_et_classe,,2026-10-08T12:34:43.564144+00:00,SOCIETE GENERALE (SG)
77,55212022222744,admissible_et_classe,,2026-10-08T12:20:52.519850+00:00,SOCIETE GENERALE (SG)
77,55212022222785,admissible_et_classe,,2026-10-08T12:20:52.725489+00:00,SOCIETE GENERALE (SG)
93,55212022222884,admissible_et_classe,,2026-10-08T12:28:10.208762+00:00,SOCIETE GENERALE (SG)
94,55212022222892,admissible_et_classe,,2026-10-08T12:34:43.752036+00:00,SOCIETE GENERALE (SG)
93,55212022222934,admissible_et_classe,,2026-10-08T12:28:10.437664+00:00,SOCIETE GENERALE (SG)
94,55212022223007,admissible_et_classe,,2026-10-08T12:34:43.975590+00:00,SOCIETE GENERALE (SG)
93,55212022223056,admissible_et_classe,,2026-10-08T12:28:10.610606+00:00,SOCIETE GENERALE (SG)
93,55212022223072,admissible_et_classe,,2026-10-08T12:28:10.807015+00:00,SOCIETE GENERALE (SG)
94,55212022223122,admissible_et_classe,,2026-10-08T12:34:44.166876+00:00,SOCIETE GENERALE (SG)
94,55212022223197,admissible_et_classe,,2026-10-08T12:34:44.345381+00:00,SOCIETE GENERALE (SG)
94,55212022223841,admissible_et_classe,,2026-10-08T12:34:44.499252+00:00,SOCIETE GENERALE (SG)
77,55212022224427,admissible_et_classe,,2026-10-08T12:20:52.924858+00:00,SOCIETE GENERALE (SG)
93,55212022224492,admissible_et_classe,,2026-10-08T12:28:11.097371+00:00,SOCIETE GENERALE (SG)
77,55212022224559,admissible_et_classe,,2026-10-08T12:20:53.323706+00:00,SOCIETE GENERALE (SG)
94,55212022224906,admissible_et_classe,,2026-10-08T12:34:44.705304+00:00,SOCIETE GENERALE (SG)
93,55212022225010,admissible_et_classe,,2026-10-08T12:28:11.218995+00:00,SOCIETE GENERALE (SG)
77,55212022225465,admissible_et_classe,,2026-10-08T12:20:53.533026+00:00,SOCIETE GENERALE (SG)
94,55212022225549,admissible_et_classe,,2026-10-08T12:34:44.917458+00:00,SOCIETE GENERALE (SG)
94,55212022225598,admissible_et_classe,,2026-10-08T12:34:45.237356+00:00,SOCIETE GENERALE (SG)
94,55212022226083,admissible_et_classe,,2026-10-08T12:34:45.339735+00:00,SOCIETE GENERALE (SG)
77,55212022226364,admissible_et_classe,,2026-10-08T12:20:53.556493+00:00,SOCIETE GENERALE (SG)
94,55212022226380,admissible_et_classe,,2026-10-08T12:34:45.522569+00:00,SOCIETE GENERALE (SG)
77,55212022226554,admissible_et_classe,,2026-10-08T12:20:53.754876+00:00,SOCIETE GENERALE (SG)
94,55212022226612,admissible_et_classe,,2026-10-08T12:34:45.720751+00:00,SOCIETE GENERALE (SG)
94,55212022226786,admissible_et_classe,,2026-10-08T12:34:45.932187+00:00,SOCIETE GENERALE (SG)
94,55212022226836,admissible_et_classe,,2026-10-08T12:34:46.122533+00:00,SOCIETE GENERALE (SG)
94,55212022227107,admissible_et_classe,,2026-10-08T12:34:46.326240+00:00,SOCIETE GENERALE (SG)
94,55212022227115,admissible_et_classe,,2026-10-08T12:34:46.558930+00:00,SOCIETE GENERALE (SG)
94,55212022227149,admissible_et_classe,,2026-10-08T12:34:46.727775+00:00,SOCIETE GENERALE (SG)
94,55212022227156,admissible_et_classe,,2026-10-08T12:34:47.042252+00:00,SOCIETE GENERALE (SG)
94,55212022227164,admissible_et_classe,,2026-10-08T12:34:47.145390+00:00,SOCIETE GENERALE (SG)
93,55212022227586,admissible_et_classe,,2026-10-08T12:28:11.429032+00:00,SOCIETE GENERALE (SG)
93,55212022227636,admissible_et_classe,,2026-10-08T12:28:11.701561+00:00,SOCIETE GENERALE (SG)
94,55212022227966,admissible_et_classe,,2026-10-08T12:34:47.374011+00:00,SOCIETE GENERALE (SG)
93,55212022227974,admissible_et_classe,,2026-10-08T12:28:11.833045+00:00,SOCIETE GENERALE (SG)
94,55212022228204,admissible_et_classe,,2026-10-08T12:34:47.537910+00:00,SOCIETE GENERALE (SG)
93,55212022228550,admissible_et_classe,,2026-10-08T12:28:12.025220+00:00,SOCIETE GENERALE (SG)
93,55212022228600,admissible_et_classe,,2026-10-08T12:28:12.254477+00:00,SOCIETE GENERALE (SG)
94,55212022228725,admissible_et_classe,,2026-10-08T12:34:47.747995+00:00,SOCIETE GENERALE (SG)
77,55212022228824,admissible_et_classe,,2026-10-08T12:20:53.962264+00:00,SOCIETE GENERALE (SG)
93,55212022229376,admissible_et_classe,,2026-10-08T12:28:12.434141+00:00,SOCIETE GENERALE (SG)
93,55212022229830,admissible_et_classe,,2026-10-08T12:28:12.642916+00:00,SOCIETE GENERALE (SG)
77,55212022229848,admissible_et_classe,,2026-10-08T12:20:54.150673+00:00,SOCIETE GENERALE (SG)
94,55212022230309,admissible_et_classe,,2026-10-08T12:34:47.959010+00:00,SOCIETE GENERALE (SG)
77,55212022230655,admissible_et_classe,,2026-10-08T12:20:54.351445+00:00,SOCIETE GENERALE (SG)
94,55212022230960,admissible_et_classe,,2026-10-08T12:34:48.167674+00:00,SOCIETE GENERALE (SG)
77,55212022230978,admissible_et_classe,,2026-10-08T12:20:54.599266+00:00,SOCIETE GENERALE (SG)
77,55212022231307,admissible_et_classe,,2026-10-08T12:20:54.748190+00:00,SOCIETE GENERALE (SG)
93,55212022232610,admissible_et_classe,,2026-10-08T12:28:12.840365+00:00,SOCIETE GENERALE (SG)
94,55212022232842,admissible_et_classe,,2026-10-08T12:34:48.348736+00:00,SOCIETE GENERALE (SG)
77,55212022232859,admissible_et_classe,,2026-10-08T12:20:54.955165+00:00,SOCIETE GENERALE (SG)
77,55212022232867,admissible_et_classe,,2026-10-08T12:20:55.153566+00:00,SOCIETE GENERALE (SG)
77,55212022232891,admissible_et_classe,,2026-10-08T12:20:55.351514+00:00,SOCIETE GENERALE (SG)
77,55212022233543,admissible_et_classe,,2026-10-08T12:20:55.566926+00:00,SOCIETE GENERALE (SG)
77,55212022234178,admissible_et_classe,,2026-10-08T12:20:55.765935+00:00,SOCIETE GENERALE (SG)
93,55212022234285,admissible_et_classe,,2026-10-08T12:28:13.034986+00:00,SOCIETE GENERALE (SG)
77,55212022234335,admissible_et_classe,,2026-10-08T12:20:55.979103+00:00,SOCIETE GENERALE (SG)
93,55212022234343,admissible_et_classe,,2026-10-08T12:28:13.230183+00:00,SOCIETE GENERALE (SG)
93,55212022234566,admissible_et_classe,,2026-10-08T12:28:13.456461+00:00,SOCIETE GENERALE (SG)
93,55212022234996,admissible_et_classe,,2026-10-08T12:28:13.640535+00:00,SOCIETE GENERALE (SG)
77,55212022235282,admissible_et_classe,,2026-10-08T12:20:56.188870+00:00,SOCIETE GENERALE (SG)
77,55212022235332,admissible_et_classe,,2026-10-08T12:20:56.375405+00:00,SOCIETE GENERALE (SG)
77,55212022235654,admissible_et_classe,,2026-10-08T12:20:56.577536+00:00,SOCIETE GENERALE (SG)
94,55212022235795,admissible_et_classe,,2026-10-08T12:34:48.553701+00:00,SOCIETE GENERALE (SG)
94,55212022236835,admissible_et_classe,,2026-10-08T12:34:48.758907+00:00,SOCIETE GENERALE (SG)
77,55212022236975,admissible_et_classe,,2026-10-08T12:20:56.796060+00:00,SOCIETE GENERALE (SG)
94,55212022237049,admissible_et_classe,,2026-10-08T12:34:48.953470+00:00,SOCIETE GENERALE (SG)
93,55212022237551,admissible_et_classe,,2026-10-08T12:28:13.839177+00:00,SOCIETE GENERALE (SG)
77,55212022238112,admissible_et_classe,,2026-10-08T12:20:56.981584+00:00,SOCIETE GENERALE (SG)
94,55212022238203,admissible_et_classe,,2026-10-08T12:34:49.161161+00:00,SOCIETE GENERALE (SG)
94,55212022238294,admissible_et_classe,,2026-10-08T12:34:49.417854+00:00,SOCIETE GENERALE (SG)
94,55212022238591,admissible_et_classe,,2026-10-08T12:34:49.568843+00:00,SOCIETE GENERALE (SG)
94,55212022238625,admissible_et_classe,,2026-10-08T12:34:49.778058+00:00,SOCIETE GENERALE (SG)
93,55212022239185,admissible_et_classe,,2026-10-08T12:28:14.040156+00:00,SOCIETE GENERALE (SG)
93,55212022239367,admissible_et_classe,,2026-10-08T12:28:14.263640+00:00,SOCIETE GENERALE (SG)
77,55212022239664,admissible_et_classe,,2026-10-08T12:20:57.185589+00:00,SOCIETE GENERALE (SG)
94,55212022239698,admissible_et_classe,,2026-10-08T12:34:49.994298+00:00,SOCIETE GENERALE (SG)
94,55212022239722,admissible_et_classe,,2026-10-08T12:34:50.188677+00:00,SOCIETE GENERALE (SG)
93,55212022239763,admissible_et_classe,,2026-10-08T12:28:14.461393+00:00,SOCIETE GENERALE (SG)
94,55212022239813,admissible_et_classe,,2026-10-08T12:34:50.391912+00:00,SOCIETE GENERALE (SG)
94,55212022240373,admissible_et_classe,,2026-10-08T12:34:50.585652+00:00,SOCIETE GENERALE (SG)
93,55212022240480,admissible_et_classe,,2026-10-08T12:28:14.651440+00:00,SOCIETE GENERALE (SG)
94,55212022240951,admissible_et_classe,,2026-10-08T12:34:50.836720+00:00,SOCIETE GENERALE (SG)
77,55212022240977,admissible_et_classe,,2026-10-08T12:20:57.392278+00:00,SOCIETE GENERALE (SG)
94,55212022241157,admissible_et_classe,,2026-10-08T12:34:51.473447+00:00,SOCIETE GENERALE (SG)
94,55212022241165,admissible_et_classe,,2026-10-08T12:34:51.473265+00:00,SOCIETE GENERALE (SG)
94,55212022241173,admissible_et_classe,,2026-10-08T12:34:51.502618+00:00,SOCIETE GENERALE (SG)
77,55212022242619,admissible_et_classe,,2026-10-08T12:20:57.595146+00:00,SOCIETE GENERALE (SG)
94,55212022243823,admissible_et_classe,,2026-10-08T12:34:51.598702+00:00,SOCIETE GENERALE (SG)
93,55212022243963,admissible_et_classe,,2026-10-08T12:28:14.867542+00:00,SOCIETE GENERALE (SG)
94,55212022244011,admissible_et_classe,,2026-10-08T12:34:51.890542+00:00,SOCIETE GENERALE (SG)
94,55212022244094,admissible_et_classe,,2026-10-08T12:34:52.031118+00:00,SOCIETE GENERALE (SG)
94,55212022244219,admissible_et_classe,,2026-10-08T12:34:52.385179+00:00,SOCIETE GENERALE (SG)
94,55212022244672,admissible_et_classe,,2026-10-08T12:34:52.501470+00:00,SOCIETE GENERALE (SG)
94,55212022244763,admissible_et_classe,,2026-10-08T12:34:52.676218+00:00,SOCIETE GENERALE (SG)
93,55212022244789,admissible_et_classe,,2026-10-08T12:28:15.056286+00:00,SOCIETE GENERALE (SG)
94,55212022248806,admissible_et_classe,,2026-10-08T12:34:52.942479+00:00,SOCIETE GENERALE (SG)
94,55212022249002,admissible_et_classe,,2026-10-08T12:34:53.019072+00:00,SOCIETE GENERALE (SG)
93,55212022249150,admissible_et_classe,,2026-10-08T12:28:15.268502+00:00,SOCIETE GENERALE (SG)
94,55212022249218,admissible_et_classe,,2026-10-08T12:34:53.328048+00:00,SOCIETE GENERALE (SG)
93,55212022249275,admissible_et_classe,,2026-10-08T12:28:15.464440+00:00,SOCIETE GENERALE (SG)
77,55212022250117,admissible_et_classe,,2026-10-08T12:20:57.783159+00:00,SOCIETE GENERALE (SG)
77,55212022250240,admissible_et_classe,,2026-10-08T12:20:58.007166+00:00,SOCIETE GENERALE (SG)
77,55212022250356,admissible_et_classe,,2026-10-08T12:20:58.202626+00:00,SOCIETE GENERALE (SG)
93,55212022250398,admissible_et_classe,,2026-10-08T12:28:15.661064+00:00,SOCIETE GENERALE (SG)
93,55212022250539,admissible_et_classe,,2026-10-08T12:28:15.893069+00:00,SOCIETE GENERALE (SG)
93,55212022250588,admissible_et_classe,,2026-10-08T12:28:16.071243+00:00,SOCIETE GENERALE (SG)
93,55213900800049,rejete_au_classement,hors_filtre_nom,2026-10-08T12:28:16.264862+00:00,ULMER AERONAUTIQUE
94,55715006701376,admissible_et_classe,,2026-10-08T12:34:53.455147+00:00,FITECO (FITECO)
94,55715006701806,admissible_et_classe,,2026-10-08T12:34:53.629501+00:00,FITECO (FITECO)
94,55715006703117,admissible_et_classe,,2026-10-08T12:34:53.834572+00:00,FITECO (FITECO)
77,55850335501179,admissible_et_classe,,2026-10-08T12:20:58.440184+00:00,ROUGEGORGE LINGERIE
77,55850335501195,admissible_et_classe,,2026-10-08T12:20:58.602125+00:00,ROUGEGORGE LINGERIE
93,55850335501252,admissible_et_classe,,2026-10-08T12:28:16.496558+00:00,ROUGEGORGE LINGERIE
77,56080170600121,rejete_au_controle_actuel,sans_position,2026-10-08T12:20:59.011676+00:00,
93,56205507901351,admissible_et_classe,,2026-10-08T12:28:16.687180+00:00,UPS SCS (FRANCE) SAS
93,56207750300125,admissible_et_classe,,2026-10-08T10:37:19.352468+00:00,SADE - COMPAGNIE GENERALE DE TRAVAUX HYDRAULIQUES
77,56207750300935,admissible_et_classe,,2026-10-08T10:36:35.131745+00:00,SADE - COMPAGNIE GENERALE DE TRAVAUX HYDRAULIQUES
93,56210021400377,admissible_et_classe,,2026-10-08T10:37:19.584888+00:00,KLEPIERRE MANAGEMENT
93,56210021400492,admissible_et_classe,,2026-10-08T10:37:19.800263+00:00,KLEPIERRE MANAGEMENT
93,56210021400773,admissible_et_classe,,2026-10-08T10:37:20.063067+00:00,KLEPIERRE MANAGEMENT
77,56210021400864,rejete_au_controle_actuel,sans_position,2026-10-08T12:20:59.011498+00:00,
94,56210700302803,admissible_et_classe,,2026-10-08T12:34:54.089330+00:00,ONET LOGISTIQUE
77,57202552600615,admissible_et_classe,,2026-10-08T10:36:35.357914+00:00,VEOLIA EAU - COMPAGNIE GENERALE DES EAUX
94,57202552600896,admissible_et_classe,,2026-10-08T10:38:21.549199+00:00,VEOLIA EAU - COMPAGNIE GENERALE DES EAUX
94,57202552605606,admissible_et_classe,,2026-10-08T12:34:54.326037+00:00,VEOLIA EAU - COMPAGNIE GENERALE DES EAUX
77,57202552608766,admissible_et_classe,,2026-10-08T12:20:59.265391+00:00,VEOLIA EAU - COMPAGNIE GENERALE DES EAUX
94,57202552608980,admissible_et_classe,,2026-10-08T12:34:54.443839+00:00,VEOLIA EAU - COMPAGNIE GENERALE DES EAUX
77,57202552609954,admissible_et_classe,,2026-10-08T12:20:59.424577+00:00,VEOLIA EAU - COMPAGNIE GENERALE DES EAUX
77,57202552609962,rejete_au_controle_actuel,sans_position,2026-10-08T12:20:59.629771+00:00,
93,57202552610291,admissible_et_classe,,2026-10-08T12:28:16.878263+00:00,VEOLIA EAU - COMPAGNIE GENERALE DES EAUX
93,57202552611778,admissible_et_classe,,2026-10-08T12:28:17.087813+00:00,VEOLIA EAU - COMPAGNIE GENERALE DES EAUX
77,57202552611802,admissible_et_classe,,2026-10-08T12:20:59.830840+00:00,VEOLIA EAU - COMPAGNIE GENERALE DES EAUX
77,57202552612016,admissible_et_classe,,2026-10-08T12:21:00.031347+00:00,VEOLIA EAU - COMPAGNIE GENERALE DES EAUX
77,57204554000448,rejete_au_controle_actuel,sans_position,2026-10-08T12:21:00.234120+00:00,
77,57204554000604,rejete_au_controle_actuel,sans_position,2026-10-08T12:21:00.484061+00:00,
77,57204554000612,rejete_au_controle_actuel,sans_position,2026-10-08T12:21:00.634128+00:00,
77,57204554000760,rejete_au_controle_actuel,sans_position,2026-10-08T12:21:00.900906+00:00,
93,57210217603759,admissible_et_classe,,2026-10-08T10:37:20.216224+00:00,SOGERES (SOGERES)
93,57210217604799,admissible_et_classe,,2026-10-08T12:28:17.285833+00:00,SOGERES (SOGERES)
93,57210217605150,admissible_et_classe,,2026-10-08T12:28:17.486992+00:00,SOGERES (SOGERES)
77,57210217605309,rejete_au_controle_actuel,sans_position,2026-10-08T12:21:01.036815+00:00,
94,57210217605481,admissible_et_classe,,2026-10-08T12:34:54.652298+00:00,SOGERES (SOGERES)
93,57210217605937,admissible_et_classe,,2026-10-08T12:28:17.706874+00:00,SOGERES (SOGERES)
77,57210217605945,rejete_au_controle_actuel,sans_position,2026-10-08T12:21:01.247575+00:00,
93,57210217610705,admissible_et_classe,,2026-10-08T12:28:18.070092+00:00,SOGERES (SOGERES)
94,57210217611216,admissible_et_classe,,2026-10-08T12:34:54.857091+00:00,SOGERES (SOGERES)
77,57210217611331,admissible_et_classe,,2026-10-08T12:21:01.476529+00:00,SOGERES (SOGERES)
94,57210217611596,admissible_et_classe,,2026-10-08T12:34:55.097731+00:00,SOGERES (SOGERES)
94,57210217611604,admissible_et_classe,,2026-10-08T12:34:55.257976+00:00,SOGERES (SOGERES)
94,57210217611612,admissible_et_classe,,2026-10-08T12:34:55.547781+00:00,SOGERES (SOGERES)
94,57210217611620,admissible_et_classe,,2026-10-08T12:34:55.794529+00:00,SOGERES (SOGERES)
94,57210217611638,admissible_et_classe,,2026-10-08T12:34:55.875379+00:00,SOGERES (SOGERES)
94,57210217611745,admissible_et_classe,,2026-10-08T12:34:56.091786+00:00,SOGERES (SOGERES)
77,57210217612511,admissible_et_classe,,2026-10-08T12:21:01.902894+00:00,SOGERES (SOGERES)
93,57210217612594,admissible_et_classe,,2026-10-08T12:28:18.090773+00:00,SOGERES (SOGERES)
77,57210217613055,admissible_et_classe,,2026-10-08T12:21:01.860651+00:00,SOGERES (SOGERES)
94,57210217613535,admissible_et_classe,,2026-10-08T12:34:56.371385+00:00,SOGERES (SOGERES)
94,57210217613584,admissible_et_classe,,2026-10-08T12:34:56.477274+00:00,SOGERES (SOGERES)
93,57210217613733,admissible_et_classe,,2026-10-08T12:28:18.299886+00:00,SOGERES (SOGERES)
94,57210217613816,admissible_et_classe,,2026-10-08T12:34:56.715703+00:00,SOGERES (SOGERES)
94,57210217615134,admissible_et_classe,,2026-10-08T12:34:57.025943+00:00,SOGERES (SOGERES)
77,57210217615571,admissible_et_classe,,2026-10-08T12:21:02.078937+00:00,SOGERES (SOGERES)
93,57210217615647,admissible_et_classe,,2026-10-08T12:28:18.501279+00:00,SOGERES (SOGERES)
94,57210217616249,admissible_et_classe,,2026-10-08T12:34:57.090370+00:00,SOGERES (SOGERES)
94,57210217616678,admissible_et_classe,,2026-10-08T12:34:57.293408+00:00,SOGERES (SOGERES)
94,57210217616777,admissible_et_classe,,2026-10-08T12:34:57.504892+00:00,SOGERES (SOGERES)
93,57210217616900,admissible_et_classe,,2026-10-08T12:28:18.708533+00:00,SOGERES (SOGERES)
93,57210217617403,admissible_et_classe,,2026-10-08T12:28:18.911203+00:00,SOGERES (SOGERES)
77,57210217617452,admissible_et_classe,,2026-10-08T12:21:02.263058+00:00,SOGERES (SOGERES)
94,57210217617825,admissible_et_classe,,2026-10-08T12:34:57.691901+00:00,SOGERES (SOGERES)
94,57210217617932,admissible_et_classe,,2026-10-08T12:34:57.933871+00:00,SOGERES (SOGERES)
93,57210217618591,admissible_et_classe,,2026-10-08T12:28:19.128987+00:00,SOGERES (SOGERES)
93,57210217618971,admissible_et_classe,,2026-10-08T12:28:19.323963+00:00,SOGERES (SOGERES)
93,57210217619458,admissible_et_classe,,2026-10-08T12:28:19.528764+00:00,SOGERES (SOGERES)
94,57210217619789,admissible_et_classe,,2026-10-08T12:34:58.123126+00:00,SOGERES (SOGERES)
77,57210217620563,admissible_et_classe,,2026-10-08T12:21:02.467636+00:00,SOGERES (SOGERES)
77,57210217620571,admissible_et_classe,,2026-10-08T12:21:02.674135+00:00,SOGERES (SOGERES)
77,57210217620688,admissible_et_classe,,2026-10-08T12:21:02.872669+00:00,SOGERES (SOGERES)
94,57210217620803,admissible_et_classe,,2026-10-08T12:34:58.445740+00:00,SOGERES (SOGERES)
93,57210217620977,admissible_et_classe,,2026-10-08T12:28:19.760390+00:00,SOGERES (SOGERES)
93,57210217621900,admissible_et_classe,,2026-10-08T12:28:19.930189+00:00,SOGERES (SOGERES)
94,57210217622338,admissible_et_classe,,2026-10-08T12:34:58.514537+00:00,SOGERES (SOGERES)
94,57210217622593,admissible_et_classe,,2026-10-08T12:34:58.830450+00:00,SOGERES (SOGERES)
94,57210217622817,admissible_et_classe,,2026-10-08T12:34:58.921258+00:00,SOGERES (SOGERES)
94,57210217623294,admissible_et_classe,,2026-10-08T12:34:59.123492+00:00,SOGERES (SOGERES)
94,57210217623302,admissible_et_classe,,2026-10-08T12:34:59.334067+00:00,SOGERES (SOGERES)
94,57210217623310,admissible_et_classe,,2026-10-08T12:34:59.531266+00:00,SOGERES (SOGERES)
94,57210217623328,admissible_et_classe,,2026-10-08T12:34:59.725200+00:00,SOGERES (SOGERES)
94,57210217623336,admissible_et_classe,,2026-10-08T12:34:59.931847+00:00,SOGERES (SOGERES)
94,57210217623351,admissible_et_classe,,2026-10-08T12:35:00.225108+00:00,SOGERES (SOGERES)
93,57210217623369,admissible_et_classe,,2026-10-08T12:28:20.152678+00:00,SOGERES (SOGERES)
93,57210217623377,admissible_et_classe,,2026-10-08T12:28:20.340040+00:00,SOGERES (SOGERES)
93,57210217623393,admissible_et_classe,,2026-10-08T12:28:20.539569+00:00,SOGERES (SOGERES)
94,57210217623807,admissible_et_classe,,2026-10-08T12:35:00.412773+00:00,SOGERES (SOGERES)
77,57210217623971,admissible_et_classe,,2026-10-08T12:21:03.078010+00:00,SOGERES (SOGERES)
77,57210217623989,admissible_et_classe,,2026-10-08T12:21:03.321498+00:00,SOGERES (SOGERES)
77,57210217623997,admissible_et_classe,,2026-10-08T12:21:03.491795+00:00,SOGERES (SOGERES)
77,57210217624474,admissible_et_classe,,2026-10-08T12:21:03.697225+00:00,SOGERES (SOGERES)
77,57210217624482,admissible_et_classe,,2026-10-08T12:21:03.901141+00:00,SOGERES (SOGERES)
77,57210217624490,admissible_et_classe,,2026-10-08T12:21:04.095198+00:00,SOGERES (SOGERES)
77,57210217624508,admissible_et_classe,,2026-10-08T12:21:04.302292+00:00,SOGERES (SOGERES)
93,57210217624847,admissible_et_classe,,2026-10-08T12:28:20.753615+00:00,SOGERES (SOGERES)
94,57210217624920,admissible_et_classe,,2026-10-08T12:35:00.540067+00:00,SOGERES (SOGERES)
77,57210217625539,admissible_et_classe,,2026-10-08T12:21:04.528227+00:00,SOGERES (SOGERES)
93,57210217625570,admissible_et_classe,,2026-10-08T12:28:20.955036+00:00,SOGERES (SOGERES)
94,57210217625729,admissible_et_classe,,2026-10-08T12:35:00.753576+00:00,SOGERES (SOGERES)
93,57210217625950,admissible_et_classe,,2026-10-08T12:28:21.148918+00:00,SOGERES (SOGERES)
94,57210217626032,admissible_et_classe,,2026-10-08T12:35:00.950611+00:00,SOGERES (SOGERES)
94,57210217626040,admissible_et_classe,,2026-10-08T12:35:01.311765+00:00,SOGERES (SOGERES)
93,57210217626164,admissible_et_classe,,2026-10-08T12:28:21.368978+00:00,SOGERES (SOGERES)
77,57210217626172,admissible_et_classe,,2026-10-08T12:21:04.902777+00:00,SOGERES (SOGERES)
77,57210217626180,admissible_et_classe,,2026-10-08T12:21:04.921713+00:00,SOGERES (SOGERES)
77,57210217626255,admissible_et_classe,,2026-10-08T12:21:05.191081+00:00,SOGERES (SOGERES)
77,57210217626396,admissible_et_classe,,2026-10-08T12:21:05.341136+00:00,SOGERES (SOGERES)
94,57210217626495,admissible_et_classe,,2026-10-08T12:35:01.358269+00:00,SOGERES (SOGERES)
94,57210217626545,admissible_et_classe,,2026-10-08T12:35:01.739012+00:00,SOGERES (SOGERES)
77,57210217626693,admissible_et_classe,,2026-10-08T12:21:05.544901+00:00,SOGERES (SOGERES)
94,57210217626776,admissible_et_classe,,2026-10-08T12:35:01.770713+00:00,SOGERES (SOGERES)
94,57210217626784,admissible_et_classe,,2026-10-08T12:35:01.954905+00:00,SOGERES (SOGERES)
77,57210217626917,admissible_et_classe,,2026-10-08T12:21:05.797672+00:00,SOGERES (SOGERES)
77,57210217626925,rejete_au_controle_actuel,sans_position,2026-10-08T12:21:06.029134+00:00,
77,57210217626933,admissible_et_classe,,2026-10-08T12:21:06.269991+00:00,SOGERES (SOGERES)
77,57210217626941,admissible_et_classe,,2026-10-08T12:21:06.368887+00:00,SOGERES (SOGERES)
94,57210217627196,admissible_et_classe,,2026-10-08T12:35:02.167651+00:00,SOGERES (SOGERES)
93,57210217627329,admissible_et_classe,,2026-10-08T12:28:21.562263+00:00,SOGERES (SOGERES)
93,57210217627360,admissible_et_classe,,2026-10-08T12:28:21.766844+00:00,SOGERES (SOGERES)
77,57210217627410,admissible_et_classe,,2026-10-08T12:21:06.630616+00:00,SOGERES (SOGERES)
93,57210217627444,admissible_et_classe,,2026-10-08T12:28:21.970579+00:00,SOGERES (SOGERES)
94,57210217627642,admissible_et_classe,,2026-10-08T12:35:02.378512+00:00,SOGERES (SOGERES)
94,57210217627808,admissible_et_classe,,2026-10-08T12:35:02.593158+00:00,SOGERES (SOGERES)
77,57210217627980,admissible_et_classe,,2026-10-08T12:21:06.837593+00:00,SOGERES (SOGERES)
94,57210217628046,admissible_et_classe,,2026-10-08T12:35:02.787130+00:00,SOGERES (SOGERES)
93,57210217628327,admissible_et_classe,,2026-10-08T12:28:22.167376+00:00,SOGERES (SOGERES)
77,57210217628475,admissible_et_classe,,2026-10-08T12:21:07.042336+00:00,SOGERES (SOGERES)
93,57210217628590,admissible_et_classe,,2026-10-08T12:28:22.376861+00:00,SOGERES (SOGERES)
93,57210217628624,admissible_et_classe,,2026-10-08T12:28:22.578272+00:00,SOGERES (SOGERES)
77,57210217628731,admissible_et_classe,,2026-10-08T12:21:07.248711+00:00,SOGERES (SOGERES)
77,57210217628848,admissible_et_classe,,2026-10-08T12:21:07.480801+00:00,SOGERES (SOGERES)
94,57210217628855,admissible_et_classe,,2026-10-08T12:35:03.152446+00:00,SOGERES (SOGERES)
93,57210217629192,admissible_et_classe,,2026-10-08T12:28:22.787377+00:00,SOGERES (SOGERES)
93,57210217629325,admissible_et_classe,,2026-10-08T12:28:22.994234+00:00,SOGERES (SOGERES)
77,57210217629457,admissible_et_classe,,2026-10-08T12:21:07.766684+00:00,SOGERES (SOGERES)
93,57210217629465,admissible_et_classe,,2026-10-08T12:28:23.322756+00:00,SOGERES (SOGERES)
93,57210217629515,admissible_et_classe,,2026-10-08T12:28:23.568932+00:00,SOGERES (SOGERES)
93,57210217629564,admissible_et_classe,,2026-10-08T12:28:23.598606+00:00,SOGERES (SOGERES)
93,57210217629572,admissible_et_classe,,2026-10-08T12:28:23.795447+00:00,SOGERES (SOGERES)
77,57210217629655,admissible_et_classe,,2026-10-08T12:21:07.864615+00:00,SOGERES (SOGERES)
77,57210217629705,admissible_et_classe,,2026-10-08T12:21:08.079747+00:00,SOGERES (SOGERES)
94,57210217629770,admissible_et_classe,,2026-10-08T12:35:03.228753+00:00,SOGERES (SOGERES)
77,57210217630067,admissible_et_classe,,2026-10-08T12:21:08.272869+00:00,SOGERES (SOGERES)
77,57210217630091,admissible_et_classe,,2026-10-08T12:21:08.571515+00:00,SOGERES (SOGERES)
94,57210217630703,admissible_et_classe,,2026-10-08T12:35:03.382691+00:00,SOGERES (SOGERES)
94,57210217630992,admissible_et_classe,,2026-10-08T12:35:03.587144+00:00,SOGERES (SOGERES)
77,57210217631271,admissible_et_classe,,2026-10-08T12:21:08.642237+00:00,SOGERES (SOGERES)
94,57210217631289,admissible_et_classe,,2026-10-08T12:35:03.790005+00:00,SOGERES (SOGERES)
77,57210217631420,admissible_et_classe,,2026-10-08T12:21:08.851619+00:00,SOGERES (SOGERES)
77,57210217631446,admissible_et_classe,,2026-10-08T12:21:09.055678+00:00,SOGERES (SOGERES)
93,57210217631651,admissible_et_classe,,2026-10-08T12:28:24.042223+00:00,SOGERES (SOGERES)
94,57210217631685,admissible_et_classe,,2026-10-08T12:35:04.295829+00:00,SOGERES (SOGERES)
93,57210217631701,admissible_et_classe,,2026-10-08T12:28:24.201529+00:00,SOGERES (SOGERES)
93,57210217631719,admissible_et_classe,,2026-10-08T12:28:24.431017+00:00,SOGERES (SOGERES)
77,57214188500143,admissible_et_classe,,2026-10-08T10:36:35.562691+00:00,DISTRIBUTION SANITAIRE CHAUFFAGE (D.S.C.)
93,57214188500291,admissible_et_classe,,2026-10-08T10:37:20.435636+00:00,DISTRIBUTION SANITAIRE CHAUFFAGE (D.S.C.)
94,57214188500481,admissible_et_classe,,2026-10-08T10:38:21.736553+00:00,DISTRIBUTION SANITAIRE CHAUFFAGE (D.S.C.)
94,57214188503022,admissible_et_classe,,2026-10-08T12:35:04.251485+00:00,DISTRIBUTION SANITAIRE CHAUFFAGE (D.S.C.)
77,57214188504137,admissible_et_classe,,2026-10-08T12:21:09.263193+00:00,DISTRIBUTION SANITAIRE CHAUFFAGE (D.S.C.)
93,57214188504269,admissible_et_classe,,2026-10-08T12:28:24.615947+00:00,DISTRIBUTION SANITAIRE CHAUFFAGE (D.S.C.)
93,57214188504277,admissible_et_classe,,2026-10-08T12:28:24.813446+00:00,DISTRIBUTION SANITAIRE CHAUFFAGE (D.S.C.)
93,57214188504285,admissible_et_classe,,2026-10-08T12:28:25.027894+00:00,DISTRIBUTION SANITAIRE CHAUFFAGE (D.S.C.)
94,57214188504319,admissible_et_classe,,2026-10-08T12:35:04.485064+00:00,DISTRIBUTION SANITAIRE CHAUFFAGE (D.S.C.)
93,57214188505852,admissible_et_classe,,2026-10-08T12:28:25.231862+00:00,DISTRIBUTION SANITAIRE CHAUFFAGE (D.S.C.)
94,57214188506017,admissible_et_classe,,2026-10-08T12:35:04.674719+00:00,DISTRIBUTION SANITAIRE CHAUFFAGE (D.S.C.)
94,57214188506025,admissible_et_classe,,2026-10-08T12:35:04.804175+00:00,DISTRIBUTION SANITAIRE CHAUFFAGE (D.S.C.)
93,57214188506124,admissible_et_classe,,2026-10-08T12:28:25.421907+00:00,DISTRIBUTION SANITAIRE CHAUFFAGE (D.S.C.)
77,57214188507247,admissible_et_classe,,2026-10-08T12:21:09.478049+00:00,DISTRIBUTION SANITAIRE CHAUFFAGE (D.S.C.)
93,57214188507346,admissible_et_classe,,2026-10-08T12:28:25.663294+00:00,DISTRIBUTION SANITAIRE CHAUFFAGE (D.S.C.)
93,57214188507361,admissible_et_classe,,2026-10-08T12:28:25.849074+00:00,DISTRIBUTION SANITAIRE CHAUFFAGE (D.S.C.)
93,57214188508328,admissible_et_classe,,2026-10-08T12:28:26.043368+00:00,DISTRIBUTION SANITAIRE CHAUFFAGE (D.S.C.)
77,57214188508567,admissible_et_classe,,2026-10-08T12:21:09.823060+00:00,DISTRIBUTION SANITAIRE CHAUFFAGE (D.S.C.)
94,57214188508682,rejete_au_controle_actuel,sans_position,2026-10-08T12:35:04.999597+00:00,
94,57214188508922,admissible_et_classe,,2026-10-08T12:35:05.416950+00:00,DISTRIBUTION SANITAIRE CHAUFFAGE (D.S.C.)
93,57214188508971,admissible_et_classe,,2026-10-08T12:28:26.271556+00:00,DISTRIBUTION SANITAIRE CHAUFFAGE (D.S.C.)
94,57215659400200,rejete_au_controle_actuel,ferme_ou_autre_departement,2026-10-08T12:35:05.401124+00:00,
94,58200170700642,admissible_et_classe,,2026-10-08T12:35:05.610743+00:00,CAROLL INTERNATIONAL
93,58200170700717,admissible_et_classe,,2026-10-08T12:28:26.449729+00:00,CAROLL INTERNATIONAL
77,58200170702135,admissible_et_classe,,2026-10-08T12:21:09.883804+00:00,CAROLL INTERNATIONAL
94,58200170702523,admissible_et_classe,,2026-10-08T12:35:05.811248+00:00,CAROLL INTERNATIONAL
93,58200170702531,admissible_et_classe,,2026-10-08T12:28:26.658813+00:00,CAROLL INTERNATIONAL
77,58200170703208,admissible_et_classe,,2026-10-08T12:21:10.331506+00:00,CAROLL INTERNATIONAL
77,58200170703455,admissible_et_classe,,2026-10-08T12:21:10.315156+00:00,CAROLL INTERNATIONAL
93,58200170703489,admissible_et_classe,,2026-10-08T12:28:26.858007+00:00,CAROLL INTERNATIONAL
77,58200170703539,admissible_et_classe,,2026-10-08T12:21:10.559312+00:00,CAROLL INTERNATIONAL
94,58200170703562,admissible_et_classe,,2026-10-08T12:35:06.010024+00:00,CAROLL INTERNATIONAL
94,58200170703711,admissible_et_classe,,2026-10-08T12:35:06.216212+00:00,CAROLL INTERNATIONAL
77,58212026702581,admissible_et_classe,,2026-10-08T12:21:10.832955+00:00,MINIT FRANCE
94,58212026702979,admissible_et_classe,,2026-10-08T12:35:06.415125+00:00,MINIT FRANCE
94,58212026704520,admissible_et_classe,,2026-10-08T12:35:06.690868+00:00,MINIT FRANCE
94,58212026704538,admissible_et_classe,,2026-10-08T12:35:06.824142+00:00,MINIT FRANCE
77,58212026704892,admissible_et_classe,,2026-10-08T10:36:35.772537+00:00,MINIT FRANCE
93,58212026707929,admissible_et_classe,,2026-10-08T12:28:27.073331+00:00,MINIT FRANCE
94,58850535402415,admissible_et_classe,,2026-10-08T10:38:21.942757+00:00,CAISSE FEDERALE DE CREDIT MUTUEL SOCIETE A MISSION (APPLICATION LOI PACTE) (CF DE CM)
93,59203393000161,admissible_et_classe,,2026-10-08T12:28:27.273711+00:00,ME GROUP FRANCE
93,59203393000260,admissible_et_classe,,2026-10-08T12:28:27.474825+00:00,ME GROUP FRANCE
93,59203393000435,admissible_et_classe,,2026-10-08T12:28:27.684707+00:00,ME GROUP FRANCE
77,59203393000518,admissible_et_classe,,2026-10-08T12:21:10.935028+00:00,ME GROUP FRANCE
77,59203393000849,admissible_et_classe,,2026-10-08T12:21:11.180321+00:00,ME GROUP FRANCE
77,59203393000856,admissible_et_classe,,2026-10-08T12:21:11.449832+00:00,ME GROUP FRANCE
94,59203393001433,admissible_et_classe,,2026-10-08T12:35:07.067386+00:00,ME GROUP FRANCE
94,59203393001441,admissible_et_classe,,2026-10-08T12:35:07.254135+00:00,ME GROUP FRANCE
94,59203393001458,admissible_et_classe,,2026-10-08T12:35:07.513535+00:00,ME GROUP FRANCE
94,59203393001466,admissible_et_classe,,2026-10-08T12:35:07.655022+00:00,ME GROUP FRANCE
94,59203393001482,admissible_et_classe,,2026-10-08T12:35:07.848940+00:00,ME GROUP FRANCE
94,59203393001490,admissible_et_classe,,2026-10-08T12:35:08.045634+00:00,ME GROUP FRANCE
77,59203393003249,admissible_et_classe,,2026-10-08T12:21:11.550957+00:00,ME GROUP FRANCE
77,59203393003348,admissible_et_classe,,2026-10-08T12:21:11.866535+00:00,ME GROUP FRANCE
77,59203393004064,admissible_et_classe,,2026-10-08T12:21:12.061335+00:00,ME GROUP FRANCE
77,59203393004502,admissible_et_classe,,2026-10-08T12:21:12.269166+00:00,ME GROUP FRANCE
93,59203393004593,admissible_et_classe,,2026-10-08T12:28:27.872058+00:00,ME GROUP FRANCE
93,59203393004734,admissible_et_classe,,2026-10-08T12:28:28.079496+00:00,ME GROUP FRANCE
77,59203393004775,admissible_et_classe,,2026-10-08T12:21:12.382713+00:00,ME GROUP FRANCE
94,59203393004791,rejete_au_controle_actuel,sans_position,2026-10-08T12:35:08.240561+00:00,
93,59203393005038,admissible_et_classe,,2026-10-08T12:28:28.285934+00:00,ME GROUP FRANCE
93,59203393005103,admissible_et_classe,,2026-10-08T12:28:28.486487+00:00,ME GROUP FRANCE
93,59203393005236,admissible_et_classe,,2026-10-08T12:28:28.703091+00:00,ME GROUP FRANCE
93,59203393005616,admissible_et_classe,,2026-10-08T12:28:28.898701+00:00,ME GROUP FRANCE
93,59203393005673,admissible_et_classe,,2026-10-08T12:28:29.107717+00:00,ME GROUP FRANCE
94,59203393006036,admissible_et_classe,,2026-10-08T12:35:08.452129+00:00,ME GROUP FRANCE
77,59203393006440,admissible_et_classe,,2026-10-08T12:21:12.573523+00:00,ME GROUP FRANCE
77,59203393006457,admissible_et_classe,,2026-10-08T12:21:12.778637+00:00,ME GROUP FRANCE
77,59203393006465,rejete_au_controle_actuel,sans_position,2026-10-08T12:21:12.973461+00:00,
77,59203393006911,admissible_et_classe,,2026-10-08T12:21:13.190182+00:00,ME GROUP FRANCE
93,59203393007125,admissible_et_classe,,2026-10-08T12:28:29.307650+00:00,ME GROUP FRANCE
93,59203393007273,admissible_et_classe,,2026-10-08T12:28:29.507570+00:00,ME GROUP FRANCE
93,59203393007281,admissible_et_classe,,2026-10-08T12:28:29.703649+00:00,ME GROUP FRANCE
93,59203393007299,admissible_et_classe,,2026-10-08T12:28:29.908357+00:00,ME GROUP FRANCE
94,59203393007323,admissible_et_classe,,2026-10-08T12:35:08.640565+00:00,ME GROUP FRANCE
77,59203393007646,admissible_et_classe,,2026-10-08T12:21:13.388790+00:00,ME GROUP FRANCE
94,59203393007745,admissible_et_classe,,2026-10-08T12:35:08.850655+00:00,ME GROUP FRANCE
77,59203393007752,admissible_et_classe,,2026-10-08T12:21:13.599437+00:00,ME GROUP FRANCE
77,59203393007984,admissible_et_classe,,2026-10-08T12:21:13.903393+00:00,ME GROUP FRANCE
77,59203393008016,admissible_et_classe,,2026-10-08T12:21:14.007657+00:00,ME GROUP FRANCE
93,59203393008149,admissible_et_classe,,2026-10-08T12:28:30.118831+00:00,ME GROUP FRANCE
94,59203393009022,admissible_et_classe,,2026-10-08T12:35:09.062218+00:00,ME GROUP FRANCE
93,59203393009121,admissible_et_classe,,2026-10-08T12:28:30.454156+00:00,ME GROUP FRANCE
94,59203393009139,admissible_et_classe,,2026-10-08T12:35:09.258058+00:00,ME GROUP FRANCE
77,59203393009220,admissible_et_classe,,2026-10-08T12:21:14.201132+00:00,ME GROUP FRANCE
77,59203393009311,admissible_et_classe,,2026-10-08T12:21:14.451782+00:00,ME GROUP FRANCE
77,59203393009329,admissible_et_classe,,2026-10-08T12:21:14.721724+00:00,ME GROUP FRANCE
77,59205230202652,admissible_et_classe,,2026-10-08T12:21:14.928411+00:00,KONE
77,59205230202736,admissible_et_classe,,2026-10-08T12:21:15.125155+00:00,KONE
94,59702084101253,admissible_et_classe,,2026-10-08T12:35:09.599216+00:00,DAHER AEROSPACE
93,60200246102381,admissible_et_classe,,2026-10-08T12:28:30.534969+00:00,SOC FRANCAISE TRANSPORTS GONDRAND FRERES (SFTGF)
77,60204463801006,admissible_et_classe,,2026-10-08T12:21:15.331411+00:00,DERICHEBOURG INTERIM (DERICHEBOURG INTERIM ET RECRUTEMENT)
93,60205531102830,admissible_et_classe,,2026-10-08T12:28:30.719605+00:00,XEROX
77,61200696500091,rejete_au_controle_actuel,sans_position,2026-10-08T12:21:15.543569+00:00,
93,61204205100047,rejete_au_controle_actuel,ferme_ou_autre_departement,2026-10-08T10:37:20.604964+00:00,
94,61365037300160,admissible_et_classe,,2026-10-08T12:35:09.737601+00:00,CASA FRANCE
77,61365037303149,admissible_et_classe,,2026-10-08T12:21:15.760547+00:00,CASA FRANCE
94,61365037303313,admissible_et_classe,,2026-10-08T12:35:09.865520+00:00,CASA FRANCE
77,62722004902239,admissible_et_classe,,2026-10-08T12:21:15.953173+00:00,HERVE THERMIQUE
94,63200001401272,admissible_et_classe,,2026-10-08T12:35:10.106114+00:00,LA VIE CLAIRE (LA VIE CLAIRE)
77,63200001401348,admissible_et_classe,,2026-10-08T12:21:16.156506+00:00,LA VIE CLAIRE (LA VIE CLAIRE)
77,63200001401355,admissible_et_classe,,2026-10-08T12:21:16.323661+00:00,LA VIE CLAIRE (LA VIE CLAIRE)
94,63200001401371,admissible_et_classe,,2026-10-08T12:35:10.266235+00:00,LA VIE CLAIRE (LA VIE CLAIRE)
93,63200001401785,admissible_et_classe,,2026-10-08T12:28:30.941265+00:00,LA VIE CLAIRE (LA VIE CLAIRE)
94,63200001401793,admissible_et_classe,,2026-10-08T12:35:10.587718+00:00,LA VIE CLAIRE (LA VIE CLAIRE)
94,63200001401801,admissible_et_classe,,2026-10-08T12:35:10.794181+00:00,LA VIE CLAIRE (LA VIE CLAIRE)
94,63200001401827,admissible_et_classe,,2026-10-08T12:35:10.894824+00:00,LA VIE CLAIRE (LA VIE CLAIRE)
94,63200001402015,admissible_et_classe,,2026-10-08T12:35:11.200474+00:00,LA VIE CLAIRE (LA VIE CLAIRE)
77,63200001402106,admissible_et_classe,,2026-10-08T12:21:16.478700+00:00,LA VIE CLAIRE (LA VIE CLAIRE)
77,63200001402247,admissible_et_classe,,2026-10-08T12:21:16.687013+00:00,LA VIE CLAIRE (LA VIE CLAIRE)
94,63200001402320,admissible_et_classe,,2026-10-08T12:35:11.296340+00:00,LA VIE CLAIRE (LA VIE CLAIRE)
94,63200001402403,admissible_et_classe,,2026-10-08T12:35:11.508212+00:00,LA VIE CLAIRE (LA VIE CLAIRE)
94,63200001402478,admissible_et_classe,,2026-10-08T12:35:11.710498+00:00,LA VIE CLAIRE (LA VIE CLAIRE)
77,63200001402486,admissible_et_classe,,2026-10-08T12:21:16.896024+00:00,LA VIE CLAIRE (LA VIE CLAIRE)
93,63200001402502,admissible_et_classe,,2026-10-08T12:28:31.124483+00:00,LA VIE CLAIRE (LA VIE CLAIRE)
93,63204104223617,admissible_et_classe,,2026-10-08T12:28:31.326276+00:00,COMPASS GROUP FRANCE
77,63204104229465,admissible_et_classe,,2026-10-08T12:21:17.111100+00:00,COMPASS GROUP FRANCE
77,63204104229846,admissible_et_classe,,2026-10-08T12:21:17.315727+00:00,COMPASS GROUP FRANCE
77,63204104230000,admissible_et_classe,,2026-10-08T12:21:17.546434+00:00,COMPASS GROUP FRANCE
94,63204104233863,admissible_et_classe,,2026-10-08T12:35:11.918203+00:00,COMPASS GROUP FRANCE
94,63204104235322,admissible_et_classe,,2026-10-08T12:35:12.142236+00:00,COMPASS GROUP FRANCE
77,63204104235439,admissible_et_classe,,2026-10-08T12:21:17.726639+00:00,COMPASS GROUP FRANCE
93,63204104236759,admissible_et_classe,,2026-10-08T12:28:31.532437+00:00,COMPASS GROUP FRANCE
93,63204104238995,admissible_et_classe,,2026-10-08T12:28:31.741701+00:00,COMPASS GROUP FRANCE
93,63204104239043,admissible_et_classe,,2026-10-08T12:28:31.976884+00:00,COMPASS GROUP FRANCE
93,63204104239167,admissible_et_classe,,2026-10-08T12:28:32.160693+00:00,COMPASS GROUP FRANCE
93,63204104239308,admissible_et_classe,,2026-10-08T12:28:32.341552+00:00,COMPASS GROUP FRANCE
94,63204104239928,admissible_et_classe,,2026-10-08T12:35:12.336325+00:00,COMPASS GROUP FRANCE
94,63204104240991,admissible_et_classe,,2026-10-08T12:35:12.512760+00:00,COMPASS GROUP FRANCE
94,63204104241023,admissible_et_classe,,2026-10-08T12:35:12.705732+00:00,COMPASS GROUP FRANCE
93,63204104241387,admissible_et_classe,,2026-10-08T12:28:32.539451+00:00,COMPASS GROUP FRANCE
77,63204104244852,admissible_et_classe,,2026-10-08T12:21:17.941596+00:00,COMPASS GROUP FRANCE
77,63204104246733,rejete_au_controle_actuel,sans_position,2026-10-08T12:21:18.135997+00:00,
77,63204104246766,admissible_et_classe,,2026-10-08T12:21:18.451745+00:00,COMPASS GROUP FRANCE
94,63204104248440,admissible_et_classe,,2026-10-08T12:35:12.919907+00:00,COMPASS GROUP FRANCE
93,63204104249208,admissible_et_classe,,2026-10-08T12:28:32.740458+00:00,COMPASS GROUP FRANCE
93,63204104249471,admissible_et_classe,,2026-10-08T12:28:32.956900+00:00,COMPASS GROUP FRANCE
77,63204104249745,admissible_et_classe,,2026-10-08T12:21:18.615072+00:00,COMPASS GROUP FRANCE
77,63204104250867,admissible_et_classe,,2026-10-08T12:21:18.819587+00:00,COMPASS GROUP FRANCE
77,63204104251113,admissible_et_classe,,2026-10-08T12:21:19.025662+00:00,COMPASS GROUP FRANCE
77,63204104251121,admissible_et_classe,,2026-10-08T12:21:19.222156+00:00,COMPASS GROUP FRANCE
77,63204104251329,admissible_et_classe,,2026-10-08T12:21:19.433013+00:00,COMPASS GROUP FRANCE
93,63204104251709,admissible_et_classe,,2026-10-08T12:28:33.152823+00:00,COMPASS GROUP FRANCE
93,63204104251717,admissible_et_classe,,2026-10-08T12:28:33.368198+00:00,COMPASS GROUP FRANCE
77,63204104252244,admissible_et_classe,,2026-10-08T12:21:19.755656+00:00,COMPASS GROUP FRANCE
77,63204104252848,admissible_et_classe,,2026-10-08T12:21:19.854838+00:00,COMPASS GROUP FRANCE
93,63204104253275,admissible_et_classe,,2026-10-08T12:28:33.545423+00:00,COMPASS GROUP FRANCE
94,63204104253424,admissible_et_classe,,2026-10-08T12:35:13.099911+00:00,COMPASS GROUP FRANCE
93,63204104254042,admissible_et_classe,,2026-10-08T12:28:33.841202+00:00,COMPASS GROUP FRANCE
93,63204104254216,admissible_et_classe,,2026-10-08T12:28:33.968997+00:00,COMPASS GROUP FRANCE
94,63204104255106,admissible_et_classe,,2026-10-08T12:35:13.478170+00:00,COMPASS GROUP FRANCE
93,63204104255387,admissible_et_classe,,2026-10-08T12:28:34.167246+00:00,COMPASS GROUP FRANCE
94,63204104255551,admissible_et_classe,,2026-10-08T12:35:13.648030+00:00,COMPASS GROUP FRANCE
77,63204104256328,admissible_et_classe,,2026-10-08T12:21:20.049320+00:00,COMPASS GROUP FRANCE
77,63204104256906,admissible_et_classe,,2026-10-08T12:21:20.252424+00:00,COMPASS GROUP FRANCE
77,63204104256963,admissible_et_classe,,2026-10-08T12:21:20.419059+00:00,COMPASS GROUP FRANCE
94,63204104257193,admissible_et_classe,,2026-10-08T12:35:13.712190+00:00,COMPASS GROUP FRANCE
77,63204104261930,admissible_et_classe,,2026-10-08T12:21:20.634139+00:00,COMPASS GROUP FRANCE
77,63204104261948,admissible_et_classe,,2026-10-08T12:21:20.806100+00:00,COMPASS GROUP FRANCE
93,63204104262169,admissible_et_classe,,2026-10-08T12:28:34.759986+00:00,COMPASS GROUP FRANCE
94,63204104262193,admissible_et_classe,,2026-10-08T12:35:13.923584+00:00,COMPASS GROUP FRANCE
94,63204104263423,rejete_au_controle_actuel,sans_position,2026-10-08T12:35:14.118496+00:00,
93,63204104265923,admissible_et_classe,,2026-10-08T12:28:34.568458+00:00,COMPASS GROUP FRANCE
94,63204104266046,admissible_et_classe,,2026-10-08T12:35:14.327246+00:00,COMPASS GROUP FRANCE
94,63204104266053,admissible_et_classe,,2026-10-08T12:35:14.529193+00:00,COMPASS GROUP FRANCE
94,63204104266384,admissible_et_classe,,2026-10-08T12:35:14.730662+00:00,COMPASS GROUP FRANCE
93,63204104266830,admissible_et_classe,,2026-10-08T12:28:34.792639+00:00,COMPASS GROUP FRANCE
94,63204104267010,admissible_et_classe,,2026-10-08T12:35:14.933378+00:00,COMPASS GROUP FRANCE
94,63204104267069,admissible_et_classe,,2026-10-08T12:35:15.167351+00:00,COMPASS GROUP FRANCE
94,63204104267077,admissible_et_classe,,2026-10-08T12:35:15.370528+00:00,COMPASS GROUP FRANCE
93,63204104267614,admissible_et_classe,,2026-10-08T12:28:34.991619+00:00,COMPASS GROUP FRANCE
94,63204104267853,admissible_et_classe,,2026-10-08T12:35:15.538410+00:00,COMPASS GROUP FRANCE
94,63204104268091,admissible_et_classe,,2026-10-08T12:35:15.776611+00:00,COMPASS GROUP FRANCE
93,63204104268109,admissible_et_classe,,2026-10-08T12:28:35.188267+00:00,COMPASS GROUP FRANCE
77,63204104268141,admissible_et_classe,,2026-10-08T12:21:21.015575+00:00,COMPASS GROUP FRANCE
93,63204104268182,admissible_et_classe,,2026-10-08T12:28:35.460684+00:00,COMPASS GROUP FRANCE
93,63204104268455,admissible_et_classe,,2026-10-08T12:28:35.589351+00:00,COMPASS GROUP FRANCE
94,63204104268695,admissible_et_classe,,2026-10-08T12:35:15.950827+00:00,COMPASS GROUP FRANCE
93,63204104268760,admissible_et_classe,,2026-10-08T12:28:35.814311+00:00,COMPASS GROUP FRANCE
93,63204104268893,admissible_et_classe,,2026-10-08T12:28:36.002279+00:00,COMPASS GROUP FRANCE
93,63204104269024,admissible_et_classe,,2026-10-08T12:28:36.207351+00:00,COMPASS GROUP FRANCE
94,63204104269107,admissible_et_classe,,2026-10-08T12:35:16.323350+00:00,COMPASS GROUP FRANCE
93,63204104269263,admissible_et_classe,,2026-10-08T12:28:36.425299+00:00,COMPASS GROUP FRANCE
93,63204104269289,admissible_et_classe,,2026-10-08T12:28:36.617658+00:00,COMPASS GROUP FRANCE
77,63204104269339,admissible_et_classe,,2026-10-08T12:21:21.230190+00:00,COMPASS GROUP FRANCE
77,63204104269453,admissible_et_classe,,2026-10-08T12:21:21.424419+00:00,COMPASS GROUP FRANCE
93,63204104269503,admissible_et_classe,,2026-10-08T12:28:36.814622+00:00,COMPASS GROUP FRANCE
94,63204104270220,admissible_et_classe,,2026-10-08T12:35:16.452529+00:00,COMPASS GROUP FRANCE
94,63204104270568,admissible_et_classe,,2026-10-08T12:35:16.555233+00:00,COMPASS GROUP FRANCE
94,63204104270865,admissible_et_classe,,2026-10-08T12:35:16.764452+00:00,COMPASS GROUP FRANCE
94,63204104271103,admissible_et_classe,,2026-10-08T12:35:16.970416+00:00,COMPASS GROUP FRANCE
94,63204104271491,admissible_et_classe,,2026-10-08T12:35:17.178529+00:00,COMPASS GROUP FRANCE
94,63204104271509,admissible_et_classe,,2026-10-08T12:35:17.395042+00:00,COMPASS GROUP FRANCE
94,63204104271921,admissible_et_classe,,2026-10-08T12:35:17.598397+00:00,COMPASS GROUP FRANCE
93,63204104272556,admissible_et_classe,,2026-10-08T12:28:37.021997+00:00,COMPASS GROUP FRANCE
93,63204104273091,admissible_et_classe,,2026-10-08T12:28:37.229153+00:00,COMPASS GROUP FRANCE
94,63204104273232,admissible_et_classe,,2026-10-08T12:35:17.778574+00:00,COMPASS GROUP FRANCE
93,63204104274529,admissible_et_classe,,2026-10-08T12:28:37.537968+00:00,COMPASS GROUP FRANCE
93,63204104274602,admissible_et_classe,,2026-10-08T12:28:37.626169+00:00,COMPASS GROUP FRANCE
93,63204104274610,admissible_et_classe,,2026-10-08T12:28:37.842257+00:00,COMPASS GROUP FRANCE
93,63204104274834,admissible_et_classe,,2026-10-08T12:28:38.045156+00:00,COMPASS GROUP FRANCE
93,63204104274925,admissible_et_classe,,2026-10-08T12:28:38.249964+00:00,COMPASS GROUP FRANCE
93,63204104275153,admissible_et_classe,,2026-10-08T12:28:38.447968+00:00,COMPASS GROUP FRANCE
77,63204104275336,admissible_et_classe,,2026-10-08T12:21:21.627064+00:00,COMPASS GROUP FRANCE
77,63204104275385,admissible_et_classe,,2026-10-08T12:21:21.841219+00:00,COMPASS GROUP FRANCE
93,63204104275393,admissible_et_classe,,2026-10-08T12:28:38.649948+00:00,COMPASS GROUP FRANCE
93,63204104275443,admissible_et_classe,,2026-10-08T12:28:38.852461+00:00,COMPASS GROUP FRANCE
94,63204104275468,admissible_et_classe,,2026-10-08T12:35:17.976984+00:00,COMPASS GROUP FRANCE
94,63204104275492,admissible_et_classe,,2026-10-08T12:35:18.187576+00:00,COMPASS GROUP FRANCE
93,63204104276078,admissible_et_classe,,2026-10-08T12:28:39.129132+00:00,COMPASS GROUP FRANCE
94,63204104276250,admissible_et_classe,,2026-10-08T12:35:18.469584+00:00,COMPASS GROUP FRANCE
94,63204104276532,admissible_et_classe,,2026-10-08T12:35:18.670302+00:00,COMPASS GROUP FRANCE
94,63204104276599,admissible_et_classe,,2026-10-08T12:35:18.881206+00:00,COMPASS GROUP FRANCE
93,63204104276904,admissible_et_classe,,2026-10-08T12:28:39.258490+00:00,COMPASS GROUP FRANCE
94,63204104276987,admissible_et_classe,,2026-10-08T12:35:19.080374+00:00,COMPASS GROUP FRANCE
77,63204104277357,admissible_et_classe,,2026-10-08T12:21:22.051493+00:00,COMPASS GROUP FRANCE
94,63204104277407,admissible_et_classe,,2026-10-08T12:35:19.293836+00:00,COMPASS GROUP FRANCE
93,63204104277654,rejete_au_controle_actuel,sans_position,2026-10-08T12:28:39.458430+00:00,
93,63204104277696,admissible_et_classe,,2026-10-08T12:28:39.673659+00:00,COMPASS GROUP FRANCE
93,63204104277779,admissible_et_classe,,2026-10-08T12:28:39.869383+00:00,COMPASS GROUP FRANCE
94,63204104277936,admissible_et_classe,,2026-10-08T12:35:19.600053+00:00,COMPASS GROUP FRANCE
94,63204104278124,admissible_et_classe,,2026-10-08T12:35:19.726801+00:00,COMPASS GROUP FRANCE
77,63204104278249,admissible_et_classe,,2026-10-08T12:21:22.259562+00:00,COMPASS GROUP FRANCE
94,63204104278330,rejete_au_controle_actuel,sans_position,2026-10-08T12:35:19.904799+00:00,
93,63204104278462,admissible_et_classe,,2026-10-08T12:28:40.085303+00:00,COMPASS GROUP FRANCE
93,63204104278603,admissible_et_classe,,2026-10-08T12:28:40.295538+00:00,COMPASS GROUP FRANCE
94,63204104278678,admissible_et_classe,,2026-10-08T12:35:20.218051+00:00,COMPASS GROUP FRANCE
94,63204104278868,admissible_et_classe,,2026-10-08T12:35:20.314237+00:00,COMPASS GROUP FRANCE
77,63204104279320,admissible_et_classe,,2026-10-08T12:21:22.505162+00:00,COMPASS GROUP FRANCE
77,63204104279353,admissible_et_classe,,2026-10-08T12:21:22.710190+00:00,COMPASS GROUP FRANCE
93,63204104279445,admissible_et_classe,,2026-10-08T12:28:40.469753+00:00,COMPASS GROUP FRANCE
77,63204104279536,admissible_et_classe,,2026-10-08T12:21:22.918503+00:00,COMPASS GROUP FRANCE
77,63204104279676,admissible_et_classe,,2026-10-08T12:21:23.120375+00:00,COMPASS GROUP FRANCE
77,63708046600161,rejete_au_controle_actuel,sans_position,2026-10-08T12:21:23.324246+00:00,
93,65205083202488,admissible_et_classe,,2026-10-08T12:28:40.671442+00:00,NATALYS
94,66200521401684,admissible_et_classe,,2026-10-08T12:35:20.405424+00:00,SAPIAN
77,66201448900527,rejete_au_controle_actuel,sans_position,2026-10-08T12:21:23.554064+00:00,
94,66202519602059,admissible_et_classe,,2026-10-08T12:35:20.620103+00:00,ELIOR RESTAURATION FRANCE (ELIOR RESTAURATION ENSEIGNEMENT - ELIOR RESTAURATION SANTE)
93,66202519602133,admissible_et_classe,,2026-10-08T12:28:40.875916+00:00,ELIOR RESTAURATION FRANCE (ELIOR RESTAURATION ENSEIGNEMENT - ELIOR RESTAURATION SANTE)
93,66202519604006,admissible_et_classe,,2026-10-08T10:37:20.832656+00:00,ELIOR RESTAURATION FRANCE (ELIOR RESTAURATION ENSEIGNEMENT - ELIOR RESTAURATION SANTE)
94,66202519607603,admissible_et_classe,,2026-10-08T12:35:20.825103+00:00,ELIOR RESTAURATION FRANCE (ELIOR RESTAURATION ENSEIGNEMENT - ELIOR RESTAURATION SANTE)
77,66202519611936,admissible_et_classe,,2026-10-08T12:21:23.746128+00:00,ELIOR RESTAURATION FRANCE (ELIOR RESTAURATION ENSEIGNEMENT - ELIOR RESTAURATION SANTE)
77,66202519612090,admissible_et_classe,,2026-10-08T12:21:23.952270+00:00,ELIOR RESTAURATION FRANCE (ELIOR RESTAURATION ENSEIGNEMENT - ELIOR RESTAURATION SANTE)
93,66202519612686,admissible_et_classe,,2026-10-08T12:28:41.088166+00:00,ELIOR RESTAURATION FRANCE (ELIOR RESTAURATION ENSEIGNEMENT - ELIOR RESTAURATION SANTE)
94,66202519613361,admissible_et_classe,,2026-10-08T12:35:21.014991+00:00,ELIOR RESTAURATION FRANCE (ELIOR RESTAURATION ENSEIGNEMENT - ELIOR RESTAURATION SANTE)
93,66202519614187,admissible_et_classe,,2026-10-08T12:28:41.282748+00:00,ELIOR RESTAURATION FRANCE (ELIOR RESTAURATION ENSEIGNEMENT - ELIOR RESTAURATION SANTE)
94,66202519614211,admissible_et_classe,,2026-10-08T12:35:21.226320+00:00,ELIOR RESTAURATION FRANCE (ELIOR RESTAURATION ENSEIGNEMENT - ELIOR RESTAURATION SANTE)
94,66202519614229,admissible_et_classe,,2026-10-08T12:35:21.462127+00:00,ELIOR RESTAURATION FRANCE (ELIOR RESTAURATION ENSEIGNEMENT - ELIOR RESTAURATION SANTE)
77,66202519614740,admissible_et_classe,,2026-10-08T12:21:24.145173+00:00,ELIOR RESTAURATION FRANCE (ELIOR RESTAURATION ENSEIGNEMENT - ELIOR RESTAURATION SANTE)
77,66202519615069,admissible_et_classe,,2026-10-08T12:21:24.349159+00:00,ELIOR RESTAURATION FRANCE (ELIOR RESTAURATION ENSEIGNEMENT - ELIOR RESTAURATION SANTE)
94,66202519615366,admissible_et_classe,,2026-10-08T12:35:21.632484+00:00,ELIOR RESTAURATION FRANCE (ELIOR RESTAURATION ENSEIGNEMENT - ELIOR RESTAURATION SANTE)
77,66202519616554,admissible_et_classe,,2026-10-08T12:21:24.506413+00:00,ELIOR RESTAURATION FRANCE (ELIOR RESTAURATION ENSEIGNEMENT - ELIOR RESTAURATION SANTE)
94,66202519616794,admissible_et_classe,,2026-10-08T12:35:21.827247+00:00,ELIOR RESTAURATION FRANCE (ELIOR RESTAURATION ENSEIGNEMENT - ELIOR RESTAURATION SANTE)
93,66202519617750,admissible_et_classe,,2026-10-08T12:28:41.476906+00:00,ELIOR RESTAURATION FRANCE (ELIOR RESTAURATION ENSEIGNEMENT - ELIOR RESTAURATION SANTE)
77,66202519618451,admissible_et_classe,,2026-10-08T12:21:24.714160+00:00,ELIOR RESTAURATION FRANCE (ELIOR RESTAURATION ENSEIGNEMENT - ELIOR RESTAURATION SANTE)
77,66202519622107,admissible_et_classe,,2026-10-08T12:21:24.910647+00:00,ELIOR RESTAURATION FRANCE (ELIOR RESTAURATION ENSEIGNEMENT - ELIOR RESTAURATION SANTE)
94,66202519622958,admissible_et_classe,,2026-10-08T12:35:22.114494+00:00,ELIOR RESTAURATION FRANCE (ELIOR RESTAURATION ENSEIGNEMENT - ELIOR RESTAURATION SANTE)
94,66202519624517,admissible_et_classe,,2026-10-08T12:35:22.243917+00:00,ELIOR RESTAURATION FRANCE (ELIOR RESTAURATION ENSEIGNEMENT - ELIOR RESTAURATION SANTE)
93,66202519626207,admissible_et_classe,,2026-10-08T12:28:41.703641+00:00,ELIOR RESTAURATION FRANCE (ELIOR RESTAURATION ENSEIGNEMENT - ELIOR RESTAURATION SANTE)
94,66202519626223,admissible_et_classe,,2026-10-08T12:35:22.780266+00:00,ELIOR RESTAURATION FRANCE (ELIOR RESTAURATION ENSEIGNEMENT - ELIOR RESTAURATION SANTE)
94,66202519626272,admissible_et_classe,,2026-10-08T12:35:22.715870+00:00,ELIOR RESTAURATION FRANCE (ELIOR RESTAURATION ENSEIGNEMENT - ELIOR RESTAURATION SANTE)
77,66202519626397,admissible_et_classe,,2026-10-08T12:21:25.107558+00:00,ELIOR RESTAURATION FRANCE (ELIOR RESTAURATION ENSEIGNEMENT - ELIOR RESTAURATION SANTE)
94,66202519627270,admissible_et_classe,,2026-10-08T12:35:22.905972+00:00,ELIOR RESTAURATION FRANCE (ELIOR RESTAURATION ENSEIGNEMENT - ELIOR RESTAURATION SANTE)
94,66202519627304,admissible_et_classe,,2026-10-08T12:35:23.059644+00:00,ELIOR RESTAURATION FRANCE (ELIOR RESTAURATION ENSEIGNEMENT - ELIOR RESTAURATION SANTE)
77,66202519627940,admissible_et_classe,,2026-10-08T12:21:25.320499+00:00,ELIOR RESTAURATION FRANCE (ELIOR RESTAURATION ENSEIGNEMENT - ELIOR RESTAURATION SANTE)
94,66202519628229,admissible_et_classe,,2026-10-08T12:35:23.257414+00:00,ELIOR RESTAURATION FRANCE (ELIOR RESTAURATION ENSEIGNEMENT - ELIOR RESTAURATION SANTE)
77,66202519628781,admissible_et_classe,,2026-10-08T12:21:25.543472+00:00,ELIOR RESTAURATION FRANCE (ELIOR RESTAURATION ENSEIGNEMENT - ELIOR RESTAURATION SANTE)
94,66202519630092,admissible_et_classe,,2026-10-08T12:35:23.480170+00:00,ELIOR RESTAURATION FRANCE (ELIOR RESTAURATION ENSEIGNEMENT - ELIOR RESTAURATION SANTE)
94,66202519630761,admissible_et_classe,,2026-10-08T12:35:23.657586+00:00,ELIOR RESTAURATION FRANCE (ELIOR RESTAURATION ENSEIGNEMENT - ELIOR RESTAURATION SANTE)
77,66202519632411,admissible_et_classe,,2026-10-08T12:21:25.735188+00:00,ELIOR RESTAURATION FRANCE (ELIOR RESTAURATION ENSEIGNEMENT - ELIOR RESTAURATION SANTE)
93,66202519632817,admissible_et_classe,,2026-10-08T12:28:41.890803+00:00,ELIOR RESTAURATION FRANCE (ELIOR RESTAURATION ENSEIGNEMENT - ELIOR RESTAURATION SANTE)
94,66202519633385,admissible_et_classe,,2026-10-08T12:35:23.870661+00:00,ELIOR RESTAURATION FRANCE (ELIOR RESTAURATION ENSEIGNEMENT - ELIOR RESTAURATION SANTE)
94,66202519633948,admissible_et_classe,,2026-10-08T12:35:24.119784+00:00,ELIOR RESTAURATION FRANCE (ELIOR RESTAURATION ENSEIGNEMENT - ELIOR RESTAURATION SANTE)
94,66202519635067,admissible_et_classe,,2026-10-08T12:35:24.280039+00:00,ELIOR RESTAURATION FRANCE (ELIOR RESTAURATION ENSEIGNEMENT - ELIOR RESTAURATION SANTE)
94,66202519635430,admissible_et_classe,,2026-10-08T12:35:24.527249+00:00,ELIOR RESTAURATION FRANCE (ELIOR RESTAURATION ENSEIGNEMENT - ELIOR RESTAURATION SANTE)
93,66202519637931,admissible_et_classe,,2026-10-08T12:28:42.102825+00:00,ELIOR RESTAURATION FRANCE (ELIOR RESTAURATION ENSEIGNEMENT - ELIOR RESTAURATION SANTE)
93,66202519637956,admissible_et_classe,,2026-10-08T12:28:42.300007+00:00,ELIOR RESTAURATION FRANCE (ELIOR RESTAURATION ENSEIGNEMENT - ELIOR RESTAURATION SANTE)
93,66202519637964,admissible_et_classe,,2026-10-08T12:28:42.533440+00:00,ELIOR RESTAURATION FRANCE (ELIOR RESTAURATION ENSEIGNEMENT - ELIOR RESTAURATION SANTE)
94,66202519638202,admissible_et_classe,,2026-10-08T12:35:24.691063+00:00,ELIOR RESTAURATION FRANCE (ELIOR RESTAURATION ENSEIGNEMENT - ELIOR RESTAURATION SANTE)
94,66202519638236,admissible_et_classe,,2026-10-08T12:35:25.041937+00:00,ELIOR RESTAURATION FRANCE (ELIOR RESTAURATION ENSEIGNEMENT - ELIOR RESTAURATION SANTE)
94,66202519638244,admissible_et_classe,,2026-10-08T12:35:25.087857+00:00,ELIOR RESTAURATION FRANCE (ELIOR RESTAURATION ENSEIGNEMENT - ELIOR RESTAURATION SANTE)
94,66202519638400,admissible_et_classe,,2026-10-08T12:35:25.290925+00:00,ELIOR RESTAURATION FRANCE (ELIOR RESTAURATION ENSEIGNEMENT - ELIOR RESTAURATION SANTE)
93,66202519638574,admissible_et_classe,,2026-10-08T12:28:42.738461+00:00,ELIOR RESTAURATION FRANCE (ELIOR RESTAURATION ENSEIGNEMENT - ELIOR RESTAURATION SANTE)
93,66202519640257,admissible_et_classe,,2026-10-08T12:28:42.942470+00:00,ELIOR RESTAURATION FRANCE (ELIOR RESTAURATION ENSEIGNEMENT - ELIOR RESTAURATION SANTE)
93,66202519640547,admissible_et_classe,,2026-10-08T12:28:43.146795+00:00,ELIOR RESTAURATION FRANCE (ELIOR RESTAURATION ENSEIGNEMENT - ELIOR RESTAURATION SANTE)
77,66202519640620,rejete_au_controle_actuel,sans_position,2026-10-08T12:21:25.944941+00:00,
77,66202519640638,admissible_et_classe,,2026-10-08T12:21:26.151144+00:00,ELIOR RESTAURATION FRANCE (ELIOR RESTAURATION ENSEIGNEMENT - ELIOR RESTAURATION SANTE)
94,66202519641156,admissible_et_classe,,2026-10-08T12:35:25.495531+00:00,ELIOR RESTAURATION FRANCE (ELIOR RESTAURATION ENSEIGNEMENT - ELIOR RESTAURATION SANTE)
94,66202519641958,admissible_et_classe,,2026-10-08T12:35:25.692503+00:00,ELIOR RESTAURATION FRANCE (ELIOR RESTAURATION ENSEIGNEMENT - ELIOR RESTAURATION SANTE)
93,66202519642568,admissible_et_classe,,2026-10-08T12:28:43.351310+00:00,ELIOR RESTAURATION FRANCE (ELIOR RESTAURATION ENSEIGNEMENT - ELIOR RESTAURATION SANTE)
94,66202519642618,admissible_et_classe,,2026-10-08T12:35:25.938137+00:00,ELIOR RESTAURATION FRANCE (ELIOR RESTAURATION ENSEIGNEMENT - ELIOR RESTAURATION SANTE)
94,66202519643236,admissible_et_classe,,2026-10-08T12:35:26.155441+00:00,ELIOR RESTAURATION FRANCE (ELIOR RESTAURATION ENSEIGNEMENT - ELIOR RESTAURATION SANTE)
77,66202519643434,admissible_et_classe,,2026-10-08T12:21:26.500031+00:00,ELIOR RESTAURATION FRANCE (ELIOR RESTAURATION ENSEIGNEMENT - ELIOR RESTAURATION SANTE)
77,66202519643442,admissible_et_classe,,2026-10-08T12:21:26.601842+00:00,ELIOR RESTAURATION FRANCE (ELIOR RESTAURATION ENSEIGNEMENT - ELIOR RESTAURATION SANTE)
77,66202519643459,admissible_et_classe,,2026-10-08T12:21:26.805827+00:00,ELIOR RESTAURATION FRANCE (ELIOR RESTAURATION ENSEIGNEMENT - ELIOR RESTAURATION SANTE)
77,66202519643517,admissible_et_classe,,2026-10-08T12:21:27.010907+00:00,ELIOR RESTAURATION FRANCE (ELIOR RESTAURATION ENSEIGNEMENT - ELIOR RESTAURATION SANTE)
77,66202519643525,admissible_et_classe,,2026-10-08T12:21:27.218818+00:00,ELIOR RESTAURATION FRANCE (ELIOR RESTAURATION ENSEIGNEMENT - ELIOR RESTAURATION SANTE)
94,66202519643657,admissible_et_classe,,2026-10-08T12:35:26.302810+00:00,ELIOR RESTAURATION FRANCE (ELIOR RESTAURATION ENSEIGNEMENT - ELIOR RESTAURATION SANTE)
93,66202519643707,admissible_et_classe,,2026-10-08T12:28:43.559320+00:00,ELIOR RESTAURATION FRANCE (ELIOR RESTAURATION ENSEIGNEMENT - ELIOR RESTAURATION SANTE)
93,66202519643715,admissible_et_classe,,2026-10-08T12:28:43.763531+00:00,ELIOR RESTAURATION FRANCE (ELIOR RESTAURATION ENSEIGNEMENT - ELIOR RESTAURATION SANTE)
93,66202519644564,admissible_et_classe,,2026-10-08T12:28:43.965577+00:00,ELIOR RESTAURATION FRANCE (ELIOR RESTAURATION ENSEIGNEMENT - ELIOR RESTAURATION SANTE)
94,66202519645199,admissible_et_classe,,2026-10-08T12:35:26.603677+00:00,ELIOR RESTAURATION FRANCE (ELIOR RESTAURATION ENSEIGNEMENT - ELIOR RESTAURATION SANTE)
93,66202519645272,admissible_et_classe,,2026-10-08T12:28:44.163533+00:00,ELIOR RESTAURATION FRANCE (ELIOR RESTAURATION ENSEIGNEMENT - ELIOR RESTAURATION SANTE)
93,66202519645785,admissible_et_classe,,2026-10-08T12:28:44.383959+00:00,ELIOR RESTAURATION FRANCE (ELIOR RESTAURATION ENSEIGNEMENT - ELIOR RESTAURATION SANTE)
94,66202519646007,admissible_et_classe,,2026-10-08T12:35:26.819554+00:00,ELIOR RESTAURATION FRANCE (ELIOR RESTAURATION ENSEIGNEMENT - ELIOR RESTAURATION SANTE)
77,66202519646064,admissible_et_classe,,2026-10-08T12:21:27.523245+00:00,ELIOR RESTAURATION FRANCE (ELIOR RESTAURATION ENSEIGNEMENT - ELIOR RESTAURATION SANTE)
93,66202519646155,admissible_et_classe,,2026-10-08T12:28:44.588290+00:00,ELIOR RESTAURATION FRANCE (ELIOR RESTAURATION ENSEIGNEMENT - ELIOR RESTAURATION SANTE)
93,66202519646692,admissible_et_classe,,2026-10-08T12:28:44.729858+00:00,ELIOR RESTAURATION FRANCE (ELIOR RESTAURATION ENSEIGNEMENT - ELIOR RESTAURATION SANTE)
93,66202519646718,admissible_et_classe,,2026-10-08T12:28:45.000918+00:00,ELIOR RESTAURATION FRANCE (ELIOR RESTAURATION ENSEIGNEMENT - ELIOR RESTAURATION SANTE)
94,66202519646791,admissible_et_classe,,2026-10-08T12:35:26.901820+00:00,ELIOR RESTAURATION FRANCE (ELIOR RESTAURATION ENSEIGNEMENT - ELIOR RESTAURATION SANTE)
94,66202519646817,admissible_et_classe,,2026-10-08T12:35:27.098612+00:00,ELIOR RESTAURATION FRANCE (ELIOR RESTAURATION ENSEIGNEMENT - ELIOR RESTAURATION SANTE)
77,66202519647617,admissible_et_classe,,2026-10-08T12:21:27.739626+00:00,ELIOR RESTAURATION FRANCE (ELIOR RESTAURATION ENSEIGNEMENT - ELIOR RESTAURATION SANTE)
93,66202519647708,admissible_et_classe,,2026-10-08T12:28:45.139492+00:00,ELIOR RESTAURATION FRANCE (ELIOR RESTAURATION ENSEIGNEMENT - ELIOR RESTAURATION SANTE)
93,66202519649399,admissible_et_classe,,2026-10-08T12:28:45.340568+00:00,ELIOR RESTAURATION FRANCE (ELIOR RESTAURATION ENSEIGNEMENT - ELIOR RESTAURATION SANTE)
94,66202519649407,admissible_et_classe,,2026-10-08T12:35:27.514870+00:00,ELIOR RESTAURATION FRANCE (ELIOR RESTAURATION ENSEIGNEMENT - ELIOR RESTAURATION SANTE)
93,66202519649910,admissible_et_classe,,2026-10-08T12:28:45.538819+00:00,ELIOR RESTAURATION FRANCE (ELIOR RESTAURATION ENSEIGNEMENT - ELIOR RESTAURATION SANTE)
94,66202519650058,admissible_et_classe,,2026-10-08T12:35:27.532360+00:00,ELIOR RESTAURATION FRANCE (ELIOR RESTAURATION ENSEIGNEMENT - ELIOR RESTAURATION SANTE)
94,66202519650074,admissible_et_classe,,2026-10-08T12:35:27.795496+00:00,ELIOR RESTAURATION FRANCE (ELIOR RESTAURATION ENSEIGNEMENT - ELIOR RESTAURATION SANTE)
94,66202519650439,admissible_et_classe,,2026-10-08T12:35:27.910316+00:00,ELIOR RESTAURATION FRANCE (ELIOR RESTAURATION ENSEIGNEMENT - ELIOR RESTAURATION SANTE)
77,66202519651353,admissible_et_classe,,2026-10-08T12:21:27.961750+00:00,ELIOR RESTAURATION FRANCE (ELIOR RESTAURATION ENSEIGNEMENT - ELIOR RESTAURATION SANTE)
93,66202519651916,admissible_et_classe,,2026-10-08T12:28:45.750998+00:00,ELIOR RESTAURATION FRANCE (ELIOR RESTAURATION ENSEIGNEMENT - ELIOR RESTAURATION SANTE)
94,66202519652104,admissible_et_classe,,2026-10-08T12:35:28.122732+00:00,ELIOR RESTAURATION FRANCE (ELIOR RESTAURATION ENSEIGNEMENT - ELIOR RESTAURATION SANTE)
77,66202519652203,admissible_et_classe,,2026-10-08T12:21:28.158620+00:00,ELIOR RESTAURATION FRANCE (ELIOR RESTAURATION ENSEIGNEMENT - ELIOR RESTAURATION SANTE)
77,66202519652211,admissible_et_classe,,2026-10-08T12:21:28.244120+00:00,ELIOR RESTAURATION FRANCE (ELIOR RESTAURATION ENSEIGNEMENT - ELIOR RESTAURATION SANTE)
94,66202519652336,admissible_et_classe,,2026-10-08T12:35:28.319611+00:00,ELIOR RESTAURATION FRANCE (ELIOR RESTAURATION ENSEIGNEMENT - ELIOR RESTAURATION SANTE)
94,66202519652435,admissible_et_classe,,2026-10-08T12:35:28.517404+00:00,ELIOR RESTAURATION FRANCE (ELIOR RESTAURATION ENSEIGNEMENT - ELIOR RESTAURATION SANTE)
93,66202519652476,admissible_et_classe,,2026-10-08T12:28:45.942297+00:00,ELIOR RESTAURATION FRANCE (ELIOR RESTAURATION ENSEIGNEMENT - ELIOR RESTAURATION SANTE)
94,66202519653284,admissible_et_classe,,2026-10-08T12:35:28.727228+00:00,ELIOR RESTAURATION FRANCE (ELIOR RESTAURATION ENSEIGNEMENT - ELIOR RESTAURATION SANTE)
94,66202519653292,admissible_et_classe,,2026-10-08T12:35:29.197069+00:00,ELIOR RESTAURATION FRANCE (ELIOR RESTAURATION ENSEIGNEMENT - ELIOR RESTAURATION SANTE)
77,66202519653425,admissible_et_classe,,2026-10-08T12:21:28.502887+00:00,ELIOR RESTAURATION FRANCE (ELIOR RESTAURATION ENSEIGNEMENT - ELIOR RESTAURATION SANTE)
94,66202519653599,admissible_et_classe,,2026-10-08T12:35:29.173371+00:00,ELIOR RESTAURATION FRANCE (ELIOR RESTAURATION ENSEIGNEMENT - ELIOR RESTAURATION SANTE)
77,66202519653680,admissible_et_classe,,2026-10-08T12:21:28.694356+00:00,ELIOR RESTAURATION FRANCE (ELIOR RESTAURATION ENSEIGNEMENT - ELIOR RESTAURATION SANTE)
77,66202519653706,admissible_et_classe,,2026-10-08T12:21:28.828975+00:00,ELIOR RESTAURATION FRANCE (ELIOR RESTAURATION ENSEIGNEMENT - ELIOR RESTAURATION SANTE)
93,66202519653870,admissible_et_classe,,2026-10-08T12:28:46.155894+00:00,ELIOR RESTAURATION FRANCE (ELIOR RESTAURATION ENSEIGNEMENT - ELIOR RESTAURATION SANTE)
77,66202519654274,admissible_et_classe,,2026-10-08T12:21:29.045354+00:00,ELIOR RESTAURATION FRANCE (ELIOR RESTAURATION ENSEIGNEMENT - ELIOR RESTAURATION SANTE)
77,66202519654290,admissible_et_classe,,2026-10-08T12:21:29.351120+00:00,ELIOR RESTAURATION FRANCE (ELIOR RESTAURATION ENSEIGNEMENT - ELIOR RESTAURATION SANTE)
94,66202519654308,admissible_et_classe,,2026-10-08T12:35:29.352414+00:00,ELIOR RESTAURATION FRANCE (ELIOR RESTAURATION ENSEIGNEMENT - ELIOR RESTAURATION SANTE)
77,66202519654985,admissible_et_classe,,2026-10-08T12:21:29.461971+00:00,ELIOR RESTAURATION FRANCE (ELIOR RESTAURATION ENSEIGNEMENT - ELIOR RESTAURATION SANTE)
93,66202519655479,admissible_et_classe,,2026-10-08T12:28:46.426832+00:00,ELIOR RESTAURATION FRANCE (ELIOR RESTAURATION ENSEIGNEMENT - ELIOR RESTAURATION SANTE)
94,66202519655644,admissible_et_classe,,2026-10-08T12:35:29.544448+00:00,ELIOR RESTAURATION FRANCE (ELIOR RESTAURATION ENSEIGNEMENT - ELIOR RESTAURATION SANTE)
94,66202519655677,admissible_et_classe,,2026-10-08T12:35:29.752197+00:00,ELIOR RESTAURATION FRANCE (ELIOR RESTAURATION ENSEIGNEMENT - ELIOR RESTAURATION SANTE)
77,66202519655776,admissible_et_classe,,2026-10-08T12:21:29.669608+00:00,ELIOR RESTAURATION FRANCE (ELIOR RESTAURATION ENSEIGNEMENT - ELIOR RESTAURATION SANTE)
93,66202519655925,admissible_et_classe,,2026-10-08T12:28:46.558258+00:00,ELIOR RESTAURATION FRANCE (ELIOR RESTAURATION ENSEIGNEMENT - ELIOR RESTAURATION SANTE)
94,66202519655941,admissible_et_classe,,2026-10-08T12:35:30.022770+00:00,ELIOR RESTAURATION FRANCE (ELIOR RESTAURATION ENSEIGNEMENT - ELIOR RESTAURATION SANTE)
93,66202519655966,admissible_et_classe,,2026-10-08T12:28:46.759919+00:00,ELIOR RESTAURATION FRANCE (ELIOR RESTAURATION ENSEIGNEMENT - ELIOR RESTAURATION SANTE)
77,66202519657020,admissible_et_classe,,2026-10-08T12:21:29.874758+00:00,ELIOR RESTAURATION FRANCE (ELIOR RESTAURATION ENSEIGNEMENT - ELIOR RESTAURATION SANTE)
77,66202519657111,admissible_et_classe,,2026-10-08T12:21:30.091066+00:00,ELIOR RESTAURATION FRANCE (ELIOR RESTAURATION ENSEIGNEMENT - ELIOR RESTAURATION SANTE)
77,66202519657459,admissible_et_classe,,2026-10-08T12:21:30.287226+00:00,ELIOR RESTAURATION FRANCE (ELIOR RESTAURATION ENSEIGNEMENT - ELIOR RESTAURATION SANTE)
93,66202519657699,admissible_et_classe,,2026-10-08T12:28:46.963618+00:00,ELIOR RESTAURATION FRANCE (ELIOR RESTAURATION ENSEIGNEMENT - ELIOR RESTAURATION SANTE)
77,66202519657731,admissible_et_classe,,2026-10-08T12:21:30.483497+00:00,ELIOR RESTAURATION FRANCE (ELIOR RESTAURATION ENSEIGNEMENT - ELIOR RESTAURATION SANTE)
77,66202519657996,admissible_et_classe,,2026-10-08T12:21:30.684817+00:00,ELIOR RESTAURATION FRANCE (ELIOR RESTAURATION ENSEIGNEMENT - ELIOR RESTAURATION SANTE)
93,66202519658085,admissible_et_classe,,2026-10-08T12:28:47.159761+00:00,ELIOR RESTAURATION FRANCE (ELIOR RESTAURATION ENSEIGNEMENT - ELIOR RESTAURATION SANTE)
94,66202519658176,admissible_et_classe,,2026-10-08T12:35:30.185776+00:00,ELIOR RESTAURATION FRANCE (ELIOR RESTAURATION ENSEIGNEMENT - ELIOR RESTAURATION SANTE)
94,66202519658192,admissible_et_classe,,2026-10-08T12:35:30.355732+00:00,ELIOR RESTAURATION FRANCE (ELIOR RESTAURATION ENSEIGNEMENT - ELIOR RESTAURATION SANTE)
77,66202519659109,admissible_et_classe,,2026-10-08T12:21:30.923268+00:00,ELIOR RESTAURATION FRANCE (ELIOR RESTAURATION ENSEIGNEMENT - ELIOR RESTAURATION SANTE)
77,66202519659620,admissible_et_classe,,2026-10-08T12:21:31.113007+00:00,ELIOR RESTAURATION FRANCE (ELIOR RESTAURATION ENSEIGNEMENT - ELIOR RESTAURATION SANTE)
77,66202519659638,admissible_et_classe,,2026-10-08T12:21:31.443868+00:00,ELIOR RESTAURATION FRANCE (ELIOR RESTAURATION ENSEIGNEMENT - ELIOR RESTAURATION SANTE)
93,66202519659810,admissible_et_classe,,2026-10-08T12:28:47.374606+00:00,ELIOR RESTAURATION FRANCE (ELIOR RESTAURATION ENSEIGNEMENT - ELIOR RESTAURATION SANTE)
93,66202519659992,admissible_et_classe,,2026-10-08T12:28:47.571243+00:00,ELIOR RESTAURATION FRANCE (ELIOR RESTAURATION ENSEIGNEMENT - ELIOR RESTAURATION SANTE)
77,66202519660065,admissible_et_classe,,2026-10-08T12:21:31.523801+00:00,ELIOR RESTAURATION FRANCE (ELIOR RESTAURATION ENSEIGNEMENT - ELIOR RESTAURATION SANTE)
93,66202519660107,admissible_et_classe,,2026-10-08T12:28:47.783873+00:00,ELIOR RESTAURATION FRANCE (ELIOR RESTAURATION ENSEIGNEMENT - ELIOR RESTAURATION SANTE)
93,66202519660180,admissible_et_classe,,2026-10-08T12:28:47.969581+00:00,ELIOR RESTAURATION FRANCE (ELIOR RESTAURATION ENSEIGNEMENT - ELIOR RESTAURATION SANTE)
94,66202519660198,admissible_et_classe,,2026-10-08T12:35:30.555746+00:00,ELIOR RESTAURATION FRANCE (ELIOR RESTAURATION ENSEIGNEMENT - ELIOR RESTAURATION SANTE)
93,66202519660354,admissible_et_classe,,2026-10-08T12:28:48.172245+00:00,ELIOR RESTAURATION FRANCE (ELIOR RESTAURATION ENSEIGNEMENT - ELIOR RESTAURATION SANTE)
94,66202519660370,admissible_et_classe,,2026-10-08T12:35:30.796804+00:00,ELIOR RESTAURATION FRANCE (ELIOR RESTAURATION ENSEIGNEMENT - ELIOR RESTAURATION SANTE)
77,66202519660479,admissible_et_classe,,2026-10-08T12:21:31.726203+00:00,ELIOR RESTAURATION FRANCE (ELIOR RESTAURATION ENSEIGNEMENT - ELIOR RESTAURATION SANTE)
77,66202519660487,admissible_et_classe,,2026-10-08T12:21:31.914294+00:00,ELIOR RESTAURATION FRANCE (ELIOR RESTAURATION ENSEIGNEMENT - ELIOR RESTAURATION SANTE)
77,66202519660578,admissible_et_classe,,2026-10-08T12:21:32.149356+00:00,ELIOR RESTAURATION FRANCE (ELIOR RESTAURATION ENSEIGNEMENT - ELIOR RESTAURATION SANTE)
94,66202519660651,admissible_et_classe,,2026-10-08T12:35:30.989600+00:00,ELIOR RESTAURATION FRANCE (ELIOR RESTAURATION ENSEIGNEMENT - ELIOR RESTAURATION SANTE)
77,66202519661873,admissible_et_classe,,2026-10-08T12:21:32.344854+00:00,ELIOR RESTAURATION FRANCE (ELIOR RESTAURATION ENSEIGNEMENT - ELIOR RESTAURATION SANTE)
93,66202519662905,admissible_et_classe,,2026-10-08T12:28:48.371892+00:00,ELIOR RESTAURATION FRANCE (ELIOR RESTAURATION ENSEIGNEMENT - ELIOR RESTAURATION SANTE)
93,66202519662913,admissible_et_classe,,2026-10-08T12:28:48.578436+00:00,ELIOR RESTAURATION FRANCE (ELIOR RESTAURATION ENSEIGNEMENT - ELIOR RESTAURATION SANTE)
94,66202519662921,admissible_et_classe,,2026-10-08T12:35:31.171793+00:00,ELIOR RESTAURATION FRANCE (ELIOR RESTAURATION ENSEIGNEMENT - ELIOR RESTAURATION SANTE)
77,66202519662970,admissible_et_classe,,2026-10-08T12:21:32.548630+00:00,ELIOR RESTAURATION FRANCE (ELIOR RESTAURATION ENSEIGNEMENT - ELIOR RESTAURATION SANTE)
77,66202519662988,admissible_et_classe,,2026-10-08T12:21:32.745404+00:00,ELIOR RESTAURATION FRANCE (ELIOR RESTAURATION ENSEIGNEMENT - ELIOR RESTAURATION SANTE)
77,66202519663135,admissible_et_classe,,2026-10-08T12:21:32.951998+00:00,ELIOR RESTAURATION FRANCE (ELIOR RESTAURATION ENSEIGNEMENT - ELIOR RESTAURATION SANTE)
93,66202519663143,admissible_et_classe,,2026-10-08T12:28:48.776097+00:00,ELIOR RESTAURATION FRANCE (ELIOR RESTAURATION ENSEIGNEMENT - ELIOR RESTAURATION SANTE)
77,66202519663424,admissible_et_classe,,2026-10-08T12:21:33.154193+00:00,ELIOR RESTAURATION FRANCE (ELIOR RESTAURATION ENSEIGNEMENT - ELIOR RESTAURATION SANTE)
77,66202519663739,admissible_et_classe,,2026-10-08T12:21:33.362042+00:00,ELIOR RESTAURATION FRANCE (ELIOR RESTAURATION ENSEIGNEMENT - ELIOR RESTAURATION SANTE)
94,66202519663754,admissible_et_classe,,2026-10-08T12:35:31.395353+00:00,ELIOR RESTAURATION FRANCE (ELIOR RESTAURATION ENSEIGNEMENT - ELIOR RESTAURATION SANTE)
94,66202519663994,admissible_et_classe,,2026-10-08T12:35:31.693054+00:00,ELIOR RESTAURATION FRANCE (ELIOR RESTAURATION ENSEIGNEMENT - ELIOR RESTAURATION SANTE)
94,66202519664265,admissible_et_classe,,2026-10-08T12:35:31.798855+00:00,ELIOR RESTAURATION FRANCE (ELIOR RESTAURATION ENSEIGNEMENT - ELIOR RESTAURATION SANTE)
94,66202519665387,admissible_et_classe,,2026-10-08T12:35:32.385792+00:00,ELIOR RESTAURATION FRANCE (ELIOR RESTAURATION ENSEIGNEMENT - ELIOR RESTAURATION SANTE)
93,66202519665999,admissible_et_classe,,2026-10-08T12:28:49.039653+00:00,ELIOR RESTAURATION FRANCE (ELIOR RESTAURATION ENSEIGNEMENT - ELIOR RESTAURATION SANTE)
94,66202519666153,admissible_et_classe,,2026-10-08T12:35:32.230633+00:00,ELIOR RESTAURATION FRANCE (ELIOR RESTAURATION ENSEIGNEMENT - ELIOR RESTAURATION SANTE)
93,66202519666310,rejete_au_controle_actuel,sans_position,2026-10-08T12:28:49.180141+00:00,
93,66202519666526,admissible_et_classe,,2026-10-08T12:28:49.396198+00:00,ELIOR RESTAURATION FRANCE (ELIOR RESTAURATION ENSEIGNEMENT - ELIOR RESTAURATION SANTE)
93,66202519666823,admissible_et_classe,,2026-10-08T12:28:49.592700+00:00,ELIOR RESTAURATION FRANCE (ELIOR RESTAURATION ENSEIGNEMENT - ELIOR RESTAURATION SANTE)
77,66202519667037,admissible_et_classe,,2026-10-08T12:21:33.571083+00:00,ELIOR RESTAURATION FRANCE (ELIOR RESTAURATION ENSEIGNEMENT - ELIOR RESTAURATION SANTE)
77,66202519667045,admissible_et_classe,,2026-10-08T12:21:33.801814+00:00,ELIOR RESTAURATION FRANCE (ELIOR RESTAURATION ENSEIGNEMENT - ELIOR RESTAURATION SANTE)
93,66202519667110,admissible_et_classe,,2026-10-08T12:28:49.804850+00:00,ELIOR RESTAURATION FRANCE (ELIOR RESTAURATION ENSEIGNEMENT - ELIOR RESTAURATION SANTE)
94,66202519667284,admissible_et_classe,,2026-10-08T12:35:32.452141+00:00,ELIOR RESTAURATION FRANCE (ELIOR RESTAURATION ENSEIGNEMENT - ELIOR RESTAURATION SANTE)
94,66202519667375,admissible_et_classe,,2026-10-08T12:35:32.625595+00:00,ELIOR RESTAURATION FRANCE (ELIOR RESTAURATION ENSEIGNEMENT - ELIOR RESTAURATION SANTE)
77,66202519667946,admissible_et_classe,,2026-10-08T12:21:33.985771+00:00,ELIOR RESTAURATION FRANCE (ELIOR RESTAURATION ENSEIGNEMENT - ELIOR RESTAURATION SANTE)
77,66202519667979,admissible_et_classe,,2026-10-08T12:21:34.179977+00:00,ELIOR RESTAURATION FRANCE (ELIOR RESTAURATION ENSEIGNEMENT - ELIOR RESTAURATION SANTE)
77,66202519668050,admissible_et_classe,,2026-10-08T12:21:34.486671+00:00,ELIOR RESTAURATION FRANCE (ELIOR RESTAURATION ENSEIGNEMENT - ELIOR RESTAURATION SANTE)
77,66202519668134,admissible_et_classe,,2026-10-08T12:21:34.718650+00:00,ELIOR RESTAURATION FRANCE (ELIOR RESTAURATION ENSEIGNEMENT - ELIOR RESTAURATION SANTE)
77,66202519668217,admissible_et_classe,,2026-10-08T12:21:34.836639+00:00,ELIOR RESTAURATION FRANCE (ELIOR RESTAURATION ENSEIGNEMENT - ELIOR RESTAURATION SANTE)
77,66202519668258,rejete_au_controle_actuel,sans_position,2026-10-08T12:21:35.118749+00:00,
77,66202519668274,admissible_et_classe,,2026-10-08T12:21:35.306108+00:00,ELIOR RESTAURATION FRANCE (ELIOR RESTAURATION ENSEIGNEMENT - ELIOR RESTAURATION SANTE)
94,66202519668811,admissible_et_classe,,2026-10-08T12:35:32.896067+00:00,ELIOR RESTAURATION FRANCE (ELIOR RESTAURATION ENSEIGNEMENT - ELIOR RESTAURATION SANTE)
94,66202519668837,admissible_et_classe,,2026-10-08T12:35:33.121932+00:00,ELIOR RESTAURATION FRANCE (ELIOR RESTAURATION ENSEIGNEMENT - ELIOR RESTAURATION SANTE)
93,66202519668845,admissible_et_classe,,2026-10-08T12:28:50.002270+00:00,ELIOR RESTAURATION FRANCE (ELIOR RESTAURATION ENSEIGNEMENT - ELIOR RESTAURATION SANTE)
94,66202519668852,admissible_et_classe,,2026-10-08T12:35:33.360190+00:00,ELIOR RESTAURATION FRANCE (ELIOR RESTAURATION ENSEIGNEMENT - ELIOR RESTAURATION SANTE)
94,66202519668860,admissible_et_classe,,2026-10-08T12:35:33.393350+00:00,ELIOR RESTAURATION FRANCE (ELIOR RESTAURATION ENSEIGNEMENT - ELIOR RESTAURATION SANTE)
94,66202519668878,admissible_et_classe,,2026-10-08T12:35:33.599826+00:00,ELIOR RESTAURATION FRANCE (ELIOR RESTAURATION ENSEIGNEMENT - ELIOR RESTAURATION SANTE)
93,66202519668886,admissible_et_classe,,2026-10-08T12:28:50.198349+00:00,ELIOR RESTAURATION FRANCE (ELIOR RESTAURATION ENSEIGNEMENT - ELIOR RESTAURATION SANTE)
94,66202519668894,admissible_et_classe,,2026-10-08T12:35:33.818832+00:00,ELIOR RESTAURATION FRANCE (ELIOR RESTAURATION ENSEIGNEMENT - ELIOR RESTAURATION SANTE)
93,66202519668928,admissible_et_classe,,2026-10-08T12:28:50.552233+00:00,ELIOR RESTAURATION FRANCE (ELIOR RESTAURATION ENSEIGNEMENT - ELIOR RESTAURATION SANTE)
77,66202519668944,admissible_et_classe,,2026-10-08T12:21:35.511097+00:00,ELIOR RESTAURATION FRANCE (ELIOR RESTAURATION ENSEIGNEMENT - ELIOR RESTAURATION SANTE)
93,66202519668969,admissible_et_classe,,2026-10-08T12:28:50.607629+00:00,ELIOR RESTAURATION FRANCE (ELIOR RESTAURATION ENSEIGNEMENT - ELIOR RESTAURATION SANTE)
94,66202519668985,admissible_et_classe,,2026-10-08T12:35:34.032849+00:00,ELIOR RESTAURATION FRANCE (ELIOR RESTAURATION ENSEIGNEMENT - ELIOR RESTAURATION SANTE)
93,66202519669009,admissible_et_classe,,2026-10-08T12:28:50.811274+00:00,ELIOR RESTAURATION FRANCE (ELIOR RESTAURATION ENSEIGNEMENT - ELIOR RESTAURATION SANTE)
93,66202519669033,admissible_et_classe,,2026-10-08T12:28:51.054950+00:00,ELIOR RESTAURATION FRANCE (ELIOR RESTAURATION ENSEIGNEMENT - ELIOR RESTAURATION SANTE)
94,66202519669041,admissible_et_classe,,2026-10-08T12:35:34.221641+00:00,ELIOR RESTAURATION FRANCE (ELIOR RESTAURATION ENSEIGNEMENT - ELIOR RESTAURATION SANTE)
94,66202519669066,admissible_et_classe,,2026-10-08T12:35:34.411451+00:00,ELIOR RESTAURATION FRANCE (ELIOR RESTAURATION ENSEIGNEMENT - ELIOR RESTAURATION SANTE)
93,66202519669074,admissible_et_classe,,2026-10-08T12:28:51.225235+00:00,ELIOR RESTAURATION FRANCE (ELIOR RESTAURATION ENSEIGNEMENT - ELIOR RESTAURATION SANTE)
93,66202519669090,admissible_et_classe,,2026-10-08T12:28:51.420619+00:00,ELIOR RESTAURATION FRANCE (ELIOR RESTAURATION ENSEIGNEMENT - ELIOR RESTAURATION SANTE)
93,66202519669108,admissible_et_classe,,2026-10-08T12:28:51.621869+00:00,ELIOR RESTAURATION FRANCE (ELIOR RESTAURATION ENSEIGNEMENT - ELIOR RESTAURATION SANTE)
94,66202519669116,admissible_et_classe,,2026-10-08T12:35:34.903579+00:00,ELIOR RESTAURATION FRANCE (ELIOR RESTAURATION ENSEIGNEMENT - ELIOR RESTAURATION SANTE)
94,66202519669124,admissible_et_classe,,2026-10-08T12:35:34.926482+00:00,ELIOR RESTAURATION FRANCE (ELIOR RESTAURATION ENSEIGNEMENT - ELIOR RESTAURATION SANTE)
94,66202519669132,admissible_et_classe,,2026-10-08T12:35:35.033483+00:00,ELIOR RESTAURATION FRANCE (ELIOR RESTAURATION ENSEIGNEMENT - ELIOR RESTAURATION SANTE)
93,66202519669140,admissible_et_classe,,2026-10-08T12:28:51.826391+00:00,ELIOR RESTAURATION FRANCE (ELIOR RESTAURATION ENSEIGNEMENT - ELIOR RESTAURATION SANTE)
93,66202519669157,admissible_et_classe,,2026-10-08T12:28:52.030824+00:00,ELIOR RESTAURATION FRANCE (ELIOR RESTAURATION ENSEIGNEMENT - ELIOR RESTAURATION SANTE)
93,66202519669165,admissible_et_classe,,2026-10-08T12:28:52.243186+00:00,ELIOR RESTAURATION FRANCE (ELIOR RESTAURATION ENSEIGNEMENT - ELIOR RESTAURATION SANTE)
93,66202519669173,admissible_et_classe,,2026-10-08T12:28:52.455390+00:00,ELIOR RESTAURATION FRANCE (ELIOR RESTAURATION ENSEIGNEMENT - ELIOR RESTAURATION SANTE)
94,66202519669181,admissible_et_classe,,2026-10-08T12:35:35.230985+00:00,ELIOR RESTAURATION FRANCE (ELIOR RESTAURATION ENSEIGNEMENT - ELIOR RESTAURATION SANTE)
93,66202519669207,admissible_et_classe,,2026-10-08T12:28:52.712682+00:00,ELIOR RESTAURATION FRANCE (ELIOR RESTAURATION ENSEIGNEMENT - ELIOR RESTAURATION SANTE)
94,66202519669215,admissible_et_classe,,2026-10-08T12:35:35.431866+00:00,ELIOR RESTAURATION FRANCE (ELIOR RESTAURATION ENSEIGNEMENT - ELIOR RESTAURATION SANTE)
94,66202519669249,admissible_et_classe,,2026-10-08T12:35:35.715092+00:00,ELIOR RESTAURATION FRANCE (ELIOR RESTAURATION ENSEIGNEMENT - ELIOR RESTAURATION SANTE)
93,66202519669264,admissible_et_classe,,2026-10-08T12:28:52.858785+00:00,ELIOR RESTAURATION FRANCE (ELIOR RESTAURATION ENSEIGNEMENT - ELIOR RESTAURATION SANTE)
94,66202519669298,admissible_et_classe,,2026-10-08T12:35:35.840986+00:00,ELIOR RESTAURATION FRANCE (ELIOR RESTAURATION ENSEIGNEMENT - ELIOR RESTAURATION SANTE)
94,66202519669314,admissible_et_classe,,2026-10-08T12:35:36.057695+00:00,ELIOR RESTAURATION FRANCE (ELIOR RESTAURATION ENSEIGNEMENT - ELIOR RESTAURATION SANTE)
94,66202519669322,admissible_et_classe,,2026-10-08T12:35:36.280562+00:00,ELIOR RESTAURATION FRANCE (ELIOR RESTAURATION ENSEIGNEMENT - ELIOR RESTAURATION SANTE)
94,66202519669355,admissible_et_classe,,2026-10-08T12:35:36.462728+00:00,ELIOR RESTAURATION FRANCE (ELIOR RESTAURATION ENSEIGNEMENT - ELIOR RESTAURATION SANTE)
93,66202519669363,admissible_et_classe,,2026-10-08T12:28:53.067645+00:00,ELIOR RESTAURATION FRANCE (ELIOR RESTAURATION ENSEIGNEMENT - ELIOR RESTAURATION SANTE)
93,66202519669371,admissible_et_classe,,2026-10-08T12:28:53.266183+00:00,ELIOR RESTAURATION FRANCE (ELIOR RESTAURATION ENSEIGNEMENT - ELIOR RESTAURATION SANTE)
77,66202519669389,rejete_au_controle_actuel,sans_position,2026-10-08T12:21:35.729188+00:00,
93,66202519669397,admissible_et_classe,,2026-10-08T12:28:53.606075+00:00,ELIOR RESTAURATION FRANCE (ELIOR RESTAURATION ENSEIGNEMENT - ELIOR RESTAURATION SANTE)
94,66202519669413,admissible_et_classe,,2026-10-08T12:35:36.669498+00:00,ELIOR RESTAURATION FRANCE (ELIOR RESTAURATION ENSEIGNEMENT - ELIOR RESTAURATION SANTE)
77,66202519669421,admissible_et_classe,,2026-10-08T12:21:35.928026+00:00,ELIOR RESTAURATION FRANCE (ELIOR RESTAURATION ENSEIGNEMENT - ELIOR RESTAURATION SANTE)
94,66202519669447,admissible_et_classe,,2026-10-08T12:35:36.870963+00:00,ELIOR RESTAURATION FRANCE (ELIOR RESTAURATION ENSEIGNEMENT - ELIOR RESTAURATION SANTE)
94,66202519669470,admissible_et_classe,,2026-10-08T12:35:37.071895+00:00,ELIOR RESTAURATION FRANCE (ELIOR RESTAURATION ENSEIGNEMENT - ELIOR RESTAURATION SANTE)
94,66202519669488,admissible_et_classe,,2026-10-08T12:35:37.279907+00:00,ELIOR RESTAURATION FRANCE (ELIOR RESTAURATION ENSEIGNEMENT - ELIOR RESTAURATION SANTE)
93,66202519669496,admissible_et_classe,,2026-10-08T12:28:53.659617+00:00,ELIOR RESTAURATION FRANCE (ELIOR RESTAURATION ENSEIGNEMENT - ELIOR RESTAURATION SANTE)
93,66202519669504,admissible_et_classe,,2026-10-08T12:28:53.893830+00:00,ELIOR RESTAURATION FRANCE (ELIOR RESTAURATION ENSEIGNEMENT - ELIOR RESTAURATION SANTE)
93,66202519669512,admissible_et_classe,,2026-10-08T12:28:54.094122+00:00,ELIOR RESTAURATION FRANCE (ELIOR RESTAURATION ENSEIGNEMENT - ELIOR RESTAURATION SANTE)
93,66202519669520,admissible_et_classe,,2026-10-08T12:28:54.312666+00:00,ELIOR RESTAURATION FRANCE (ELIOR RESTAURATION ENSEIGNEMENT - ELIOR RESTAURATION SANTE)
94,66202519669546,admissible_et_classe,,2026-10-08T12:35:37.619299+00:00,ELIOR RESTAURATION FRANCE (ELIOR RESTAURATION ENSEIGNEMENT - ELIOR RESTAURATION SANTE)
94,66202519669553,admissible_et_classe,,2026-10-08T12:35:37.741442+00:00,ELIOR RESTAURATION FRANCE (ELIOR RESTAURATION ENSEIGNEMENT - ELIOR RESTAURATION SANTE)
93,66202519669579,admissible_et_classe,,2026-10-08T12:28:54.500030+00:00,ELIOR RESTAURATION FRANCE (ELIOR RESTAURATION ENSEIGNEMENT - ELIOR RESTAURATION SANTE)
93,66202519669595,admissible_et_classe,,2026-10-08T12:28:54.674396+00:00,ELIOR RESTAURATION FRANCE (ELIOR RESTAURATION ENSEIGNEMENT - ELIOR RESTAURATION SANTE)
77,66202519671146,admissible_et_classe,,2026-10-08T12:21:36.122874+00:00,ELIOR RESTAURATION FRANCE (ELIOR RESTAURATION ENSEIGNEMENT - ELIOR RESTAURATION SANTE)
93,66202519673027,admissible_et_classe,,2026-10-08T12:28:54.877920+00:00,ELIOR RESTAURATION FRANCE (ELIOR RESTAURATION ENSEIGNEMENT - ELIOR RESTAURATION SANTE)
77,66202519673175,admissible_et_classe,,2026-10-08T12:21:36.330872+00:00,ELIOR RESTAURATION FRANCE (ELIOR RESTAURATION ENSEIGNEMENT - ELIOR RESTAURATION SANTE)
93,66202519673183,admissible_et_classe,,2026-10-08T12:28:55.079516+00:00,ELIOR RESTAURATION FRANCE (ELIOR RESTAURATION ENSEIGNEMENT - ELIOR RESTAURATION SANTE)
94,66202519673332,admissible_et_classe,,2026-10-08T12:35:37.890099+00:00,ELIOR RESTAURATION FRANCE (ELIOR RESTAURATION ENSEIGNEMENT - ELIOR RESTAURATION SANTE)
94,66202519673340,admissible_et_classe,,2026-10-08T12:35:38.081911+00:00,ELIOR RESTAURATION FRANCE (ELIOR RESTAURATION ENSEIGNEMENT - ELIOR RESTAURATION SANTE)
94,66202519673357,admissible_et_classe,,2026-10-08T12:35:38.443995+00:00,ELIOR RESTAURATION FRANCE (ELIOR RESTAURATION ENSEIGNEMENT - ELIOR RESTAURATION SANTE)
94,66202519673365,admissible_et_classe,,2026-10-08T12:35:38.544998+00:00,ELIOR RESTAURATION FRANCE (ELIOR RESTAURATION ENSEIGNEMENT - ELIOR RESTAURATION SANTE)
94,66202519673373,admissible_et_classe,,2026-10-08T12:35:38.849784+00:00,ELIOR RESTAURATION FRANCE (ELIOR RESTAURATION ENSEIGNEMENT - ELIOR RESTAURATION SANTE)
77,66202519673431,admissible_et_classe,,2026-10-08T12:21:36.477004+00:00,ELIOR RESTAURATION FRANCE (ELIOR RESTAURATION ENSEIGNEMENT - ELIOR RESTAURATION SANTE)
93,66202519673472,admissible_et_classe,,2026-10-08T12:28:55.296725+00:00,ELIOR RESTAURATION FRANCE (ELIOR RESTAURATION ENSEIGNEMENT - ELIOR RESTAURATION SANTE)
93,66202519673563,admissible_et_classe,,2026-10-08T12:28:55.476683+00:00,ELIOR RESTAURATION FRANCE (ELIOR RESTAURATION ENSEIGNEMENT - ELIOR RESTAURATION SANTE)
93,66202519673589,admissible_et_classe,,2026-10-08T12:28:55.684401+00:00,ELIOR RESTAURATION FRANCE (ELIOR RESTAURATION ENSEIGNEMENT - ELIOR RESTAURATION SANTE)
93,66202519673597,admissible_et_classe,,2026-10-08T12:28:55.890341+00:00,ELIOR RESTAURATION FRANCE (ELIOR RESTAURATION ENSEIGNEMENT - ELIOR RESTAURATION SANTE)
93,66202519673795,admissible_et_classe,,2026-10-08T12:28:56.091752+00:00,ELIOR RESTAURATION FRANCE (ELIOR RESTAURATION ENSEIGNEMENT - ELIOR RESTAURATION SANTE)
94,66202519673894,admissible_et_classe,,2026-10-08T12:35:38.945460+00:00,ELIOR RESTAURATION FRANCE (ELIOR RESTAURATION ENSEIGNEMENT - ELIOR RESTAURATION SANTE)
93,66202519673985,admissible_et_classe,,2026-10-08T12:28:56.296330+00:00,ELIOR RESTAURATION FRANCE (ELIOR RESTAURATION ENSEIGNEMENT - ELIOR RESTAURATION SANTE)
93,66202519674074,admissible_et_classe,,2026-10-08T12:28:56.490244+00:00,ELIOR RESTAURATION FRANCE (ELIOR RESTAURATION ENSEIGNEMENT - ELIOR RESTAURATION SANTE)
94,66202519674082,admissible_et_classe,,2026-10-08T12:35:39.156954+00:00,ELIOR RESTAURATION FRANCE (ELIOR RESTAURATION ENSEIGNEMENT - ELIOR RESTAURATION SANTE)
94,66202519674553,admissible_et_classe,,2026-10-08T12:35:39.355085+00:00,ELIOR RESTAURATION FRANCE (ELIOR RESTAURATION ENSEIGNEMENT - ELIOR RESTAURATION SANTE)
77,66202519674967,rejete_au_controle_actuel,sans_position,2026-10-08T12:21:36.676099+00:00,
94,66202519675394,admissible_et_classe,,2026-10-08T12:35:39.562237+00:00,ELIOR RESTAURATION FRANCE (ELIOR RESTAURATION ENSEIGNEMENT - ELIOR RESTAURATION SANTE)
93,66202519675436,admissible_et_classe,,2026-10-08T12:28:56.690998+00:00,ELIOR RESTAURATION FRANCE (ELIOR RESTAURATION ENSEIGNEMENT - ELIOR RESTAURATION SANTE)
93,66202519675444,admissible_et_classe,,2026-10-08T12:28:56.898541+00:00,ELIOR RESTAURATION FRANCE (ELIOR RESTAURATION ENSEIGNEMENT - ELIOR RESTAURATION SANTE)
93,66202519675469,admissible_et_classe,,2026-10-08T12:28:57.107105+00:00,ELIOR RESTAURATION FRANCE (ELIOR RESTAURATION ENSEIGNEMENT - ELIOR RESTAURATION SANTE)
94,66202519675477,admissible_et_classe,,2026-10-08T12:35:39.768444+00:00,ELIOR RESTAURATION FRANCE (ELIOR RESTAURATION ENSEIGNEMENT - ELIOR RESTAURATION SANTE)
93,66202519675493,admissible_et_classe,,2026-10-08T12:28:57.309955+00:00,ELIOR RESTAURATION FRANCE (ELIOR RESTAURATION ENSEIGNEMENT - ELIOR RESTAURATION SANTE)
94,66202519675568,admissible_et_classe,,2026-10-08T12:35:39.985780+00:00,ELIOR RESTAURATION FRANCE (ELIOR RESTAURATION ENSEIGNEMENT - ELIOR RESTAURATION SANTE)
93,66202519675675,admissible_et_classe,,2026-10-08T12:28:57.495023+00:00,ELIOR RESTAURATION FRANCE (ELIOR RESTAURATION ENSEIGNEMENT - ELIOR RESTAURATION SANTE)
93,66202519675683,rejete_au_controle_actuel,sans_position,2026-10-08T12:28:57.726039+00:00,
93,66202519676053,admissible_et_classe,,2026-10-08T12:28:57.900767+00:00,ELIOR RESTAURATION FRANCE (ELIOR RESTAURATION ENSEIGNEMENT - ELIOR RESTAURATION SANTE)
93,66202519676434,admissible_et_classe,,2026-10-08T12:28:58.106519+00:00,ELIOR RESTAURATION FRANCE (ELIOR RESTAURATION ENSEIGNEMENT - ELIOR RESTAURATION SANTE)
93,66202519676442,admissible_et_classe,,2026-10-08T12:28:58.380815+00:00,ELIOR RESTAURATION FRANCE (ELIOR RESTAURATION ENSEIGNEMENT - ELIOR RESTAURATION SANTE)
93,66202519676467,admissible_et_classe,,2026-10-08T12:28:58.504873+00:00,ELIOR RESTAURATION FRANCE (ELIOR RESTAURATION ENSEIGNEMENT - ELIOR RESTAURATION SANTE)
77,66202519676517,admissible_et_classe,,2026-10-08T12:21:36.849460+00:00,ELIOR RESTAURATION FRANCE (ELIOR RESTAURATION ENSEIGNEMENT - ELIOR RESTAURATION SANTE)
77,66202519676525,admissible_et_classe,,2026-10-08T12:21:37.056564+00:00,ELIOR RESTAURATION FRANCE (ELIOR RESTAURATION ENSEIGNEMENT - ELIOR RESTAURATION SANTE)
77,66202519676533,admissible_et_classe,,2026-10-08T12:21:37.256190+00:00,ELIOR RESTAURATION FRANCE (ELIOR RESTAURATION ENSEIGNEMENT - ELIOR RESTAURATION SANTE)
94,66202519676541,admissible_et_classe,,2026-10-08T12:35:40.191913+00:00,ELIOR RESTAURATION FRANCE (ELIOR RESTAURATION ENSEIGNEMENT - ELIOR RESTAURATION SANTE)
77,66202519676558,admissible_et_classe,,2026-10-08T12:21:37.462168+00:00,ELIOR RESTAURATION FRANCE (ELIOR RESTAURATION ENSEIGNEMENT - ELIOR RESTAURATION SANTE)
94,66202519676624,admissible_et_classe,,2026-10-08T12:35:40.348815+00:00,ELIOR RESTAURATION FRANCE (ELIOR RESTAURATION ENSEIGNEMENT - ELIOR RESTAURATION SANTE)
94,66202519676665,admissible_et_classe,,2026-10-08T12:35:40.521496+00:00,ELIOR RESTAURATION FRANCE (ELIOR RESTAURATION ENSEIGNEMENT - ELIOR RESTAURATION SANTE)
93,66202519676707,admissible_et_classe,,2026-10-08T12:28:58.728644+00:00,ELIOR RESTAURATION FRANCE (ELIOR RESTAURATION ENSEIGNEMENT - ELIOR RESTAURATION SANTE)
93,66202519676749,admissible_et_classe,,2026-10-08T12:28:58.915858+00:00,ELIOR RESTAURATION FRANCE (ELIOR RESTAURATION ENSEIGNEMENT - ELIOR RESTAURATION SANTE)
93,66202519676756,admissible_et_classe,,2026-10-08T12:28:59.121491+00:00,ELIOR RESTAURATION FRANCE (ELIOR RESTAURATION ENSEIGNEMENT - ELIOR RESTAURATION SANTE)
93,66202519676764,admissible_et_classe,,2026-10-08T12:28:59.340009+00:00,ELIOR RESTAURATION FRANCE (ELIOR RESTAURATION ENSEIGNEMENT - ELIOR RESTAURATION SANTE)
77,66202519676798,admissible_et_classe,,2026-10-08T12:21:37.676901+00:00,ELIOR RESTAURATION FRANCE (ELIOR RESTAURATION ENSEIGNEMENT - ELIOR RESTAURATION SANTE)
93,66202519676954,admissible_et_classe,,2026-10-08T12:28:59.521311+00:00,ELIOR RESTAURATION FRANCE (ELIOR RESTAURATION ENSEIGNEMENT - ELIOR RESTAURATION SANTE)
93,66202519677127,admissible_et_classe,,2026-10-08T12:28:59.728404+00:00,ELIOR RESTAURATION FRANCE (ELIOR RESTAURATION ENSEIGNEMENT - ELIOR RESTAURATION SANTE)
93,66202519677184,admissible_et_classe,,2026-10-08T12:28:59.929841+00:00,ELIOR RESTAURATION FRANCE (ELIOR RESTAURATION ENSEIGNEMENT - ELIOR RESTAURATION SANTE)
94,66202519677242,admissible_et_classe,,2026-10-08T12:35:40.723638+00:00,ELIOR RESTAURATION FRANCE (ELIOR RESTAURATION ENSEIGNEMENT - ELIOR RESTAURATION SANTE)
93,66202519677283,admissible_et_classe,,2026-10-08T12:29:00.129202+00:00,ELIOR RESTAURATION FRANCE (ELIOR RESTAURATION ENSEIGNEMENT - ELIOR RESTAURATION SANTE)
93,66202519677317,admissible_et_classe,,2026-10-08T12:29:00.347616+00:00,ELIOR RESTAURATION FRANCE (ELIOR RESTAURATION ENSEIGNEMENT - ELIOR RESTAURATION SANTE)
93,66202519677424,admissible_et_classe,,2026-10-08T12:29:00.539513+00:00,ELIOR RESTAURATION FRANCE (ELIOR RESTAURATION ENSEIGNEMENT - ELIOR RESTAURATION SANTE)
93,66202519677515,admissible_et_classe,,2026-10-08T12:29:00.763794+00:00,ELIOR RESTAURATION FRANCE (ELIOR RESTAURATION ENSEIGNEMENT - ELIOR RESTAURATION SANTE)
93,66202519677580,admissible_et_classe,,2026-10-08T12:29:00.937246+00:00,ELIOR RESTAURATION FRANCE (ELIOR RESTAURATION ENSEIGNEMENT - ELIOR RESTAURATION SANTE)
77,66202519677648,admissible_et_classe,,2026-10-08T12:21:37.880200+00:00,ELIOR RESTAURATION FRANCE (ELIOR RESTAURATION ENSEIGNEMENT - ELIOR RESTAURATION SANTE)
94,66202519677770,admissible_et_classe,,2026-10-08T12:35:40.922457+00:00,ELIOR RESTAURATION FRANCE (ELIOR RESTAURATION ENSEIGNEMENT - ELIOR RESTAURATION SANTE)
93,66202519677911,admissible_et_classe,,2026-10-08T12:29:01.141703+00:00,ELIOR RESTAURATION FRANCE (ELIOR RESTAURATION ENSEIGNEMENT - ELIOR RESTAURATION SANTE)
93,66202519677978,admissible_et_classe,,2026-10-08T12:29:01.500606+00:00,ELIOR RESTAURATION FRANCE (ELIOR RESTAURATION ENSEIGNEMENT - ELIOR RESTAURATION SANTE)
77,66202519678299,admissible_et_classe,,2026-10-08T12:21:38.093723+00:00,ELIOR RESTAURATION FRANCE (ELIOR RESTAURATION ENSEIGNEMENT - ELIOR RESTAURATION SANTE)
94,66202519678406,admissible_et_classe,,2026-10-08T12:35:41.211879+00:00,ELIOR RESTAURATION FRANCE (ELIOR RESTAURATION ENSEIGNEMENT - ELIOR RESTAURATION SANTE)
77,66202519678448,admissible_et_classe,,2026-10-08T12:21:38.296068+00:00,ELIOR RESTAURATION FRANCE (ELIOR RESTAURATION ENSEIGNEMENT - ELIOR RESTAURATION SANTE)
94,66202519678455,admissible_et_classe,,2026-10-08T12:35:41.400038+00:00,ELIOR RESTAURATION FRANCE (ELIOR RESTAURATION ENSEIGNEMENT - ELIOR RESTAURATION SANTE)
77,66202519678471,admissible_et_classe,,2026-10-08T12:21:38.582965+00:00,ELIOR RESTAURATION FRANCE (ELIOR RESTAURATION ENSEIGNEMENT - ELIOR RESTAURATION SANTE)
94,66202519678489,admissible_et_classe,,2026-10-08T12:35:41.627739+00:00,ELIOR RESTAURATION FRANCE (ELIOR RESTAURATION ENSEIGNEMENT - ELIOR RESTAURATION SANTE)
77,66202519678513,admissible_et_classe,,2026-10-08T12:21:38.787878+00:00,ELIOR RESTAURATION FRANCE (ELIOR RESTAURATION ENSEIGNEMENT - ELIOR RESTAURATION SANTE)
77,66202519678521,admissible_et_classe,,2026-10-08T12:21:38.993918+00:00,ELIOR RESTAURATION FRANCE (ELIOR RESTAURATION ENSEIGNEMENT - ELIOR RESTAURATION SANTE)
94,66202519678596,admissible_et_classe,,2026-10-08T12:35:41.873098+00:00,ELIOR RESTAURATION FRANCE (ELIOR RESTAURATION ENSEIGNEMENT - ELIOR RESTAURATION SANTE)
77,66202519678604,admissible_et_classe,,2026-10-08T12:21:39.195975+00:00,ELIOR RESTAURATION FRANCE (ELIOR RESTAURATION ENSEIGNEMENT - ELIOR RESTAURATION SANTE)
94,66202519679545,admissible_et_classe,,2026-10-08T12:35:42.001463+00:00,ELIOR RESTAURATION FRANCE (ELIOR RESTAURATION ENSEIGNEMENT - ELIOR RESTAURATION SANTE)
77,66204244910237,admissible_et_classe,,2026-10-08T12:21:39.442368+00:00,BNP PARIBAS (HELLO BANK!)
77,66204244910245,admissible_et_classe,,2026-10-08T12:21:39.607697+00:00,BNP PARIBAS (HELLO BANK!)
77,66204244910252,admissible_et_classe,,2026-10-08T12:21:39.818654+00:00,BNP PARIBAS (HELLO BANK!)
77,66204244910278,admissible_et_classe,,2026-10-08T12:21:40.019374+00:00,BNP PARIBAS (HELLO BANK!)
77,66204244910286,admissible_et_classe,,2026-10-08T12:21:40.160659+00:00,BNP PARIBAS (HELLO BANK!)
77,66204244910294,admissible_et_classe,,2026-10-08T12:21:40.382182+00:00,BNP PARIBAS (HELLO BANK!)
77,66204244910328,admissible_et_classe,,2026-10-08T12:21:40.546353+00:00,BNP PARIBAS (HELLO BANK!)
77,66204244910393,admissible_et_classe,,2026-10-08T12:21:40.753915+00:00,BNP PARIBAS (HELLO BANK!)
94,66204244910740,admissible_et_classe,,2026-10-08T12:35:42.162042+00:00,BNP PARIBAS (HELLO BANK!)
94,66204244910773,admissible_et_classe,,2026-10-08T12:35:42.347227+00:00,BNP PARIBAS (HELLO BANK!)
94,66204244910815,admissible_et_classe,,2026-10-08T10:38:22.161317+00:00,BNP PARIBAS (HELLO BANK!)
94,66204244910823,admissible_et_classe,,2026-10-08T10:38:22.371919+00:00,BNP PARIBAS (HELLO BANK!)
94,66204244910831,admissible_et_classe,,2026-10-08T10:38:22.575246+00:00,BNP PARIBAS (HELLO BANK!)
94,66204244910856,admissible_et_classe,,2026-10-08T10:38:22.785960+00:00,BNP PARIBAS (HELLO BANK!)
94,66204244910906,admissible_et_classe,,2026-10-08T10:38:22.992498+00:00,BNP PARIBAS (HELLO BANK!)
94,66204244910914,admissible_et_classe,,2026-10-08T10:38:23.208419+00:00,BNP PARIBAS (HELLO BANK!)
94,66204244910922,admissible_et_classe,,2026-10-08T10:38:23.414752+00:00,BNP PARIBAS (HELLO BANK!)
94,66204244910955,admissible_et_classe,,2026-10-08T10:38:23.621959+00:00,BNP PARIBAS (HELLO BANK!)
94,66204244910963,admissible_et_classe,,2026-10-08T10:38:23.813844+00:00,BNP PARIBAS (HELLO BANK!)
94,66204244910997,admissible_et_classe,,2026-10-08T10:38:24.064871+00:00,BNP PARIBAS (HELLO BANK!)
94,66204244911003,admissible_et_classe,,2026-10-08T10:38:24.232146+00:00,BNP PARIBAS (HELLO BANK!)
93,66204244911011,admissible_et_classe,,2026-10-08T10:37:21.078635+00:00,BNP PARIBAS (HELLO BANK!)
93,66204244911029,admissible_et_classe,,2026-10-08T10:37:21.242221+00:00,BNP PARIBAS (HELLO BANK!)
93,66204244911060,admissible_et_classe,,2026-10-08T10:37:21.444646+00:00,BNP PARIBAS (HELLO BANK!)
93,66204244911110,admissible_et_classe,,2026-10-08T10:37:21.678268+00:00,BNP PARIBAS (HELLO BANK!)
93,66204244911128,admissible_et_classe,,2026-10-08T10:37:21.864291+00:00,BNP PARIBAS (HELLO BANK!)
93,66204244911136,admissible_et_classe,,2026-10-08T10:37:22.072666+00:00,BNP PARIBAS (HELLO BANK!)
93,66204244911169,admissible_et_classe,,2026-10-08T10:37:22.274369+00:00,BNP PARIBAS (HELLO BANK!)
93,66204244911219,admissible_et_classe,,2026-10-08T10:37:22.529028+00:00,BNP PARIBAS (HELLO BANK!)
93,66204244911227,admissible_et_classe,,2026-10-08T10:37:22.690317+00:00,BNP PARIBAS (HELLO BANK!)
93,66204244911235,admissible_et_classe,,2026-10-08T10:37:22.906438+00:00,BNP PARIBAS (HELLO BANK!)
93,66204244911334,admissible_et_classe,,2026-10-08T10:37:23.110716+00:00,BNP PARIBAS (HELLO BANK!)
93,66204244911342,admissible_et_classe,,2026-10-08T10:37:23.328747+00:00,BNP PARIBAS (HELLO BANK!)
93,66204244911359,admissible_et_classe,,2026-10-08T10:37:23.539972+00:00,BNP PARIBAS (HELLO BANK!)
77,66204244914981,admissible_et_classe,,2026-10-08T12:21:40.957320+00:00,BNP PARIBAS (HELLO BANK!)
94,66204244915665,admissible_et_classe,,2026-10-08T12:35:42.558755+00:00,BNP PARIBAS (HELLO BANK!)
94,66204244917174,admissible_et_classe,,2026-10-08T12:35:42.763010+00:00,BNP PARIBAS (HELLO BANK!)
93,66204244917281,admissible_et_classe,,2026-10-08T12:29:01.546081+00:00,BNP PARIBAS (HELLO BANK!)
93,66204244917489,admissible_et_classe,,2026-10-08T12:29:01.755802+00:00,BNP PARIBAS (HELLO BANK!)
77,66204244917778,admissible_et_classe,,2026-10-08T12:21:41.229188+00:00,BNP PARIBAS (HELLO BANK!)
94,66204244918644,admissible_et_classe,,2026-10-08T12:35:42.965888+00:00,BNP PARIBAS (HELLO BANK!)
94,66204244918776,admissible_et_classe,,2026-10-08T12:35:43.168633+00:00,BNP PARIBAS (HELLO BANK!)
94,66204244918800,admissible_et_classe,,2026-10-08T12:35:43.453655+00:00,BNP PARIBAS (HELLO BANK!)
94,66204244918909,admissible_et_classe,,2026-10-08T12:35:43.569900+00:00,BNP PARIBAS (HELLO BANK!)
94,66204244919030,admissible_et_classe,,2026-10-08T12:35:43.782963+00:00,BNP PARIBAS (HELLO BANK!)
94,66204244919055,admissible_et_classe,,2026-10-08T12:35:43.981818+00:00,BNP PARIBAS (HELLO BANK!)
94,66204244919071,admissible_et_classe,,2026-10-08T12:35:44.286026+00:00,BNP PARIBAS (HELLO BANK!)
93,66204244919253,admissible_et_classe,,2026-10-08T12:29:01.978057+00:00,BNP PARIBAS (HELLO BANK!)
94,66204244919329,admissible_et_classe,,2026-10-08T12:35:44.437626+00:00,BNP PARIBAS (HELLO BANK!)
94,66204244919378,admissible_et_classe,,2026-10-08T12:35:44.594177+00:00,BNP PARIBAS (HELLO BANK!)
94,66204244919402,admissible_et_classe,,2026-10-08T12:35:44.802597+00:00,BNP PARIBAS (HELLO BANK!)
93,66204244919527,admissible_et_classe,,2026-10-08T12:29:02.175016+00:00,BNP PARIBAS (HELLO BANK!)
93,66204244919725,admissible_et_classe,,2026-10-08T12:29:02.394560+00:00,BNP PARIBAS (HELLO BANK!)
77,66204244921242,admissible_et_classe,,2026-10-08T12:21:41.367350+00:00,BNP PARIBAS (HELLO BANK!)
93,66204244922919,admissible_et_classe,,2026-10-08T12:29:02.655681+00:00,BNP PARIBAS (HELLO BANK!)
94,66204244923818,admissible_et_classe,,2026-10-08T12:35:45.144165+00:00,BNP PARIBAS (HELLO BANK!)
94,66204244924204,admissible_et_classe,,2026-10-08T12:35:45.204444+00:00,BNP PARIBAS (HELLO BANK!)
93,66204244924261,admissible_et_classe,,2026-10-08T12:29:02.776864+00:00,BNP PARIBAS (HELLO BANK!)
94,66204244924493,admissible_et_classe,,2026-10-08T12:35:45.407598+00:00,BNP PARIBAS (HELLO BANK!)
93,66204244924501,admissible_et_classe,,2026-10-08T12:29:02.976527+00:00,BNP PARIBAS (HELLO BANK!)
93,66204244924717,admissible_et_classe,,2026-10-08T12:29:03.192671+00:00,BNP PARIBAS (HELLO BANK!)
93,66204244925128,admissible_et_classe,,2026-10-08T12:29:03.398912+00:00,BNP PARIBAS (HELLO BANK!)
93,66204244925375,admissible_et_classe,,2026-10-08T12:29:03.603546+00:00,BNP PARIBAS (HELLO BANK!)
94,66204244926043,admissible_et_classe,,2026-10-08T12:35:45.601495+00:00,BNP PARIBAS (HELLO BANK!)
94,66204244926183,admissible_et_classe,,2026-10-08T12:35:45.811202+00:00,BNP PARIBAS (HELLO BANK!)
77,66204244926647,admissible_et_classe,,2026-10-08T12:21:41.576486+00:00,BNP PARIBAS (HELLO BANK!)
94,66204244927306,admissible_et_classe,,2026-10-08T12:35:46.044673+00:00,BNP PARIBAS (HELLO BANK!)
77,66204244927413,admissible_et_classe,,2026-10-08T12:21:41.771702+00:00,BNP PARIBAS (HELLO BANK!)
77,66204244927454,admissible_et_classe,,2026-10-08T12:21:42.044342+00:00,BNP PARIBAS (HELLO BANK!)
93,66204244927629,admissible_et_classe,,2026-10-08T12:29:03.790279+00:00,BNP PARIBAS (HELLO BANK!)
93,66204244927728,admissible_et_classe,,2026-10-08T12:29:03.994075+00:00,BNP PARIBAS (HELLO BANK!)
93,66204244927769,admissible_et_classe,,2026-10-08T12:29:04.193055+00:00,BNP PARIBAS (HELLO BANK!)
93,66204244927843,admissible_et_classe,,2026-10-08T12:29:04.394697+00:00,BNP PARIBAS (HELLO BANK!)
77,66204244927918,admissible_et_classe,,2026-10-08T12:21:42.200778+00:00,BNP PARIBAS (HELLO BANK!)
77,66204244928064,admissible_et_classe,,2026-10-08T12:21:42.409371+00:00,BNP PARIBAS (HELLO BANK!)
94,66204244928114,admissible_et_classe,,2026-10-08T12:35:46.239924+00:00,BNP PARIBAS (HELLO BANK!)
77,66204244928155,admissible_et_classe,,2026-10-08T12:21:42.628418+00:00,BNP PARIBAS (HELLO BANK!)
93,66204244928239,admissible_et_classe,,2026-10-08T12:29:04.608832+00:00,BNP PARIBAS (HELLO BANK!)
77,66204244928403,admissible_et_classe,,2026-10-08T12:21:42.817917+00:00,BNP PARIBAS (HELLO BANK!)
94,66204244928494,admissible_et_classe,,2026-10-08T12:35:46.425186+00:00,BNP PARIBAS (HELLO BANK!)
77,66204244928510,admissible_et_classe,,2026-10-08T12:21:43.017089+00:00,BNP PARIBAS (HELLO BANK!)
94,66204244928551,admissible_et_classe,,2026-10-08T12:35:46.659762+00:00,BNP PARIBAS (HELLO BANK!)
94,66204244928692,admissible_et_classe,,2026-10-08T12:35:46.873246+00:00,BNP PARIBAS (HELLO BANK!)
94,66204244928700,admissible_et_classe,,2026-10-08T12:35:47.121294+00:00,BNP PARIBAS (HELLO BANK!)
93,66204244928833,admissible_et_classe,,2026-10-08T12:29:04.808753+00:00,BNP PARIBAS (HELLO BANK!)
94,66204244928916,admissible_et_classe,,2026-10-08T12:35:47.240292+00:00,BNP PARIBAS (HELLO BANK!)
93,66204244928965,admissible_et_classe,,2026-10-08T12:29:05.011825+00:00,BNP PARIBAS (HELLO BANK!)
94,66204244929443,admissible_et_classe,,2026-10-08T12:35:47.427187+00:00,BNP PARIBAS (HELLO BANK!)
94,66204244929484,admissible_et_classe,,2026-10-08T12:35:47.803544+00:00,BNP PARIBAS (HELLO BANK!)
77,66204244929757,admissible_et_classe,,2026-10-08T12:21:43.220059+00:00,BNP PARIBAS (HELLO BANK!)
93,66204244929997,admissible_et_classe,,2026-10-08T12:29:05.210031+00:00,BNP PARIBAS (HELLO BANK!)
94,66204244930383,admissible_et_classe,,2026-10-08T12:35:47.849970+00:00,BNP PARIBAS (HELLO BANK!)
94,66204244930417,admissible_et_classe,,2026-10-08T12:35:48.050757+00:00,BNP PARIBAS (HELLO BANK!)
93,66204244930607,admissible_et_classe,,2026-10-08T12:29:05.416330+00:00,BNP PARIBAS (HELLO BANK!)
93,66204244931084,admissible_et_classe,,2026-10-08T12:29:05.688969+00:00,BNP PARIBAS (HELLO BANK!)
77,66204244931225,admissible_et_classe,,2026-10-08T12:21:43.426343+00:00,BNP PARIBAS (HELLO BANK!)
93,66204244931456,admissible_et_classe,,2026-10-08T12:29:05.831492+00:00,BNP PARIBAS (HELLO BANK!)
93,66204244932066,admissible_et_classe,,2026-10-08T12:29:06.024868+00:00,BNP PARIBAS (HELLO BANK!)
93,66204244932074,admissible_et_classe,,2026-10-08T12:29:06.223742+00:00,BNP PARIBAS (HELLO BANK!)
93,66204244932082,admissible_et_classe,,2026-10-08T12:29:06.426666+00:00,BNP PARIBAS (HELLO BANK!)
93,66204244932702,admissible_et_classe,,2026-10-08T12:29:06.655225+00:00,BNP PARIBAS (HELLO BANK!)
77,66204244932751,admissible_et_classe,,2026-10-08T12:21:43.626547+00:00,BNP PARIBAS (HELLO BANK!)
93,66204244932801,admissible_et_classe,,2026-10-08T12:29:06.837999+00:00,BNP PARIBAS (HELLO BANK!)
93,66204244932819,admissible_et_classe,,2026-10-08T12:29:07.038012+00:00,BNP PARIBAS (HELLO BANK!)
94,66204244933007,admissible_et_classe,,2026-10-08T12:35:48.278292+00:00,BNP PARIBAS (HELLO BANK!)
94,66204244933072,admissible_et_classe,,2026-10-08T12:35:48.592182+00:00,BNP PARIBAS (HELLO BANK!)
77,66204244933353,admissible_et_classe,,2026-10-08T12:21:43.837676+00:00,BNP PARIBAS (HELLO BANK!)
94,66204244933478,admissible_et_classe,,2026-10-08T12:35:48.659699+00:00,BNP PARIBAS (HELLO BANK!)
94,66204244934104,admissible_et_classe,,2026-10-08T12:35:48.863020+00:00,BNP PARIBAS (HELLO BANK!)
93,66204244934187,admissible_et_classe,,2026-10-08T12:29:07.240157+00:00,BNP PARIBAS (HELLO BANK!)
94,66204244934476,admissible_et_classe,,2026-10-08T12:35:49.148415+00:00,BNP PARIBAS (HELLO BANK!)
93,66204244934880,admissible_et_classe,,2026-10-08T12:29:07.443290+00:00,BNP PARIBAS (HELLO BANK!)
77,66204244934955,admissible_et_classe,,2026-10-08T12:21:44.036051+00:00,BNP PARIBAS (HELLO BANK!)
93,66204244934989,admissible_et_classe,,2026-10-08T12:29:07.641009+00:00,BNP PARIBAS (HELLO BANK!)
94,66204244935093,admissible_et_classe,,2026-10-08T12:35:49.399861+00:00,BNP PARIBAS (HELLO BANK!)
94,66204244935275,admissible_et_classe,,2026-10-08T12:35:49.463456+00:00,BNP PARIBAS (HELLO BANK!)
94,66204244935564,admissible_et_classe,,2026-10-08T12:35:49.672092+00:00,BNP PARIBAS (HELLO BANK!)
77,66204244936000,admissible_et_classe,,2026-10-08T12:21:44.262632+00:00,BNP PARIBAS (HELLO BANK!)
77,66204244936307,admissible_et_classe,,2026-10-08T12:21:44.459375+00:00,BNP PARIBAS (HELLO BANK!)
94,66204244936463,admissible_et_classe,,2026-10-08T12:35:49.868489+00:00,BNP PARIBAS (HELLO BANK!)
93,66204244936653,admissible_et_classe,,2026-10-08T12:29:07.899038+00:00,BNP PARIBAS (HELLO BANK!)
93,66204244936794,admissible_et_classe,,2026-10-08T12:29:08.041873+00:00,BNP PARIBAS (HELLO BANK!)
94,66204244937065,admissible_et_classe,,2026-10-08T12:35:50.068946+00:00,BNP PARIBAS (HELLO BANK!)
77,66204244937198,admissible_et_classe,,2026-10-08T12:21:44.712827+00:00,BNP PARIBAS (HELLO BANK!)
94,66204244937263,admissible_et_classe,,2026-10-08T12:35:50.267058+00:00,BNP PARIBAS (HELLO BANK!)
77,66204244937347,admissible_et_classe,,2026-10-08T12:21:44.873858+00:00,BNP PARIBAS (HELLO BANK!)
77,66204244937537,admissible_et_classe,,2026-10-08T12:21:45.073345+00:00,BNP PARIBAS (HELLO BANK!)
77,66204244937628,admissible_et_classe,,2026-10-08T12:21:45.289397+00:00,BNP PARIBAS (HELLO BANK!)
94,66204244937958,admissible_et_classe,,2026-10-08T12:35:50.573374+00:00,BNP PARIBAS (HELLO BANK!)
93,66204244938055,admissible_et_classe,,2026-10-08T12:29:08.267664+00:00,BNP PARIBAS (HELLO BANK!)
77,66204244938105,admissible_et_classe,,2026-10-08T12:21:45.496965+00:00,BNP PARIBAS (HELLO BANK!)
94,66204244938121,admissible_et_classe,,2026-10-08T12:35:50.788753+00:00,BNP PARIBAS (HELLO BANK!)
77,66204244938147,admissible_et_classe,,2026-10-08T12:21:45.696886+00:00,BNP PARIBAS (HELLO BANK!)
77,66204244938204,admissible_et_classe,,2026-10-08T12:21:45.905327+00:00,BNP PARIBAS (HELLO BANK!)
93,66204244938899,admissible_et_classe,,2026-10-08T12:29:08.445977+00:00,BNP PARIBAS (HELLO BANK!)
94,66204244939012,admissible_et_classe,,2026-10-08T12:35:50.886124+00:00,BNP PARIBAS (HELLO BANK!)
94,66204244939046,admissible_et_classe,,2026-10-08T12:35:51.087893+00:00,BNP PARIBAS (HELLO BANK!)
94,66204244939053,admissible_et_classe,,2026-10-08T12:35:51.287932+00:00,BNP PARIBAS (HELLO BANK!)
93,66204244939087,admissible_et_classe,,2026-10-08T12:29:08.677786+00:00,BNP PARIBAS (HELLO BANK!)
93,66204244939103,admissible_et_classe,,2026-10-08T12:29:08.988879+00:00,BNP PARIBAS (HELLO BANK!)
77,66204244939376,admissible_et_classe,,2026-10-08T12:21:46.113309+00:00,BNP PARIBAS (HELLO BANK!)
93,66204244939673,admissible_et_classe,,2026-10-08T12:29:09.059301+00:00,BNP PARIBAS (HELLO BANK!)
94,66204244941083,admissible_et_classe,,2026-10-08T12:35:51.522371+00:00,BNP PARIBAS (HELLO BANK!)
77,66204244941315,admissible_et_classe,,2026-10-08T12:21:46.320489+00:00,BNP PARIBAS (HELLO BANK!)
94,66204244941828,admissible_et_classe,,2026-10-08T12:35:51.988769+00:00,BNP PARIBAS (HELLO BANK!)
77,66204244941885,admissible_et_classe,,2026-10-08T12:21:46.518101+00:00,BNP PARIBAS (HELLO BANK!)
93,66204244941943,admissible_et_classe,,2026-10-08T12:29:09.278454+00:00,BNP PARIBAS (HELLO BANK!)
77,66204244941950,admissible_et_classe,,2026-10-08T12:21:46.717360+00:00,BNP PARIBAS (HELLO BANK!)
77,66204244941992,admissible_et_classe,,2026-10-08T12:21:46.917639+00:00,BNP PARIBAS (HELLO BANK!)
93,66204244942107,admissible_et_classe,,2026-10-08T12:29:09.480765+00:00,BNP PARIBAS (HELLO BANK!)
93,66204244942214,admissible_et_classe,,2026-10-08T12:29:09.889019+00:00,BNP PARIBAS (HELLO BANK!)
94,66204244942305,admissible_et_classe,,2026-10-08T12:35:51.887869+00:00,BNP PARIBAS (HELLO BANK!)
93,66204244942651,admissible_et_classe,,2026-10-08T12:29:09.872500+00:00,BNP PARIBAS (HELLO BANK!)
94,66204244942677,admissible_et_classe,,2026-10-08T12:35:52.208848+00:00,BNP PARIBAS (HELLO BANK!)
94,66204244942685,admissible_et_classe,,2026-10-08T12:35:52.452267+00:00,BNP PARIBAS (HELLO BANK!)
94,66204244942693,admissible_et_classe,,2026-10-08T12:35:52.539405+00:00,BNP PARIBAS (HELLO BANK!)
77,66204244942941,admissible_et_classe,,2026-10-08T12:21:47.115646+00:00,BNP PARIBAS (HELLO BANK!)
77,66204244943352,admissible_et_classe,,2026-10-08T12:21:47.327124+00:00,BNP PARIBAS (HELLO BANK!)
77,66204244943394,admissible_et_classe,,2026-10-08T12:21:47.545174+00:00,BNP PARIBAS (HELLO BANK!)
77,66204244943402,admissible_et_classe,,2026-10-08T12:21:47.755729+00:00,BNP PARIBAS (HELLO BANK!)
93,66204244943436,admissible_et_classe,,2026-10-08T12:29:10.089677+00:00,BNP PARIBAS (HELLO BANK!)
77,66204244943535,admissible_et_classe,,2026-10-08T12:21:47.946607+00:00,BNP PARIBAS (HELLO BANK!)
93,66204244943592,admissible_et_classe,,2026-10-08T12:29:10.280588+00:00,BNP PARIBAS (HELLO BANK!)
93,66204244943675,admissible_et_classe,,2026-10-08T12:29:10.476198+00:00,BNP PARIBAS (HELLO BANK!)
93,66204244943782,admissible_et_classe,,2026-10-08T12:29:10.681640+00:00,BNP PARIBAS (HELLO BANK!)
93,66204244943980,admissible_et_classe,,2026-10-08T12:29:10.887849+00:00,BNP PARIBAS (HELLO BANK!)
77,66204244944103,admissible_et_classe,,2026-10-08T12:21:48.160289+00:00,BNP PARIBAS (HELLO BANK!)
94,66204244944491,admissible_et_classe,,2026-10-08T12:35:52.697903+00:00,BNP PARIBAS (HELLO BANK!)
93,66204244944665,admissible_et_classe,,2026-10-08T12:29:11.089808+00:00,BNP PARIBAS (HELLO BANK!)
77,66204244944715,admissible_et_classe,,2026-10-08T12:21:48.365921+00:00,BNP PARIBAS (HELLO BANK!)
77,66204244945019,admissible_et_classe,,2026-10-08T12:21:48.577169+00:00,BNP PARIBAS (HELLO BANK!)
93,66204244945076,admissible_et_classe,,2026-10-08T12:29:11.298934+00:00,BNP PARIBAS (HELLO BANK!)
94,66204244945084,admissible_et_classe,,2026-10-08T12:35:52.897619+00:00,BNP PARIBAS (HELLO BANK!)
94,66204244945092,admissible_et_classe,,2026-10-08T12:35:53.100518+00:00,BNP PARIBAS (HELLO BANK!)
77,66204244945100,admissible_et_classe,,2026-10-08T12:21:48.787958+00:00,BNP PARIBAS (HELLO BANK!)
77,66204311604010,admissible_et_classe,,2026-10-08T12:21:49.049167+00:00,OFFICE NATIONAL DES FORETS (ONF)
77,66204311604069,admissible_et_classe,,2026-10-08T12:21:49.192037+00:00,OFFICE NATIONAL DES FORETS (ONF)
94,66204311604119,admissible_et_classe,,2026-10-08T12:35:53.308050+00:00,OFFICE NATIONAL DES FORETS (ONF)
93,66205127500060,admissible_et_classe,,2026-10-08T12:29:11.510075+00:00,C & A FRANCE (C & A FRANCE) (C & A)
94,66205127500144,admissible_et_classe,,2026-10-08T12:35:53.516169+00:00,C & A FRANCE (C & A FRANCE) (C & A)
93,66205127500276,admissible_et_classe,,2026-10-08T12:29:11.711384+00:00,C & A FRANCE (C & A FRANCE) (C & A)
93,66205127500508,admissible_et_classe,,2026-10-08T12:29:11.910772+00:00,C & A FRANCE (C & A FRANCE) (C & A)
94,66205127500524,admissible_et_classe,,2026-10-08T12:35:53.713996+00:00,C & A FRANCE (C & A FRANCE) (C & A)
77,66205127500722,admissible_et_classe,,2026-10-08T12:21:49.403433+00:00,C & A FRANCE (C & A FRANCE) (C & A)
93,66205127500912,admissible_et_classe,,2026-10-08T12:29:12.118641+00:00,C & A FRANCE (C & A FRANCE) (C & A)
94,68200337100023,rejete_au_classement,hors_filtre_nom,2026-10-08T12:35:53.919327+00:00,ROZE
94,68542060600483,admissible_et_classe,,2026-10-08T12:35:54.236760+00:00,PROMOD
93,68542060601044,admissible_et_classe,,2026-10-08T12:29:12.340077+00:00,PROMOD
94,68542060601358,admissible_et_classe,,2026-10-08T12:35:54.328448+00:00,PROMOD
77,68542060601572,admissible_et_classe,,2026-10-08T12:21:49.655854+00:00,PROMOD
93,68542060602059,admissible_et_classe,,2026-10-08T12:29:12.523353+00:00,PROMOD
77,68542060602356,admissible_et_classe,,2026-10-08T12:21:49.837770+00:00,PROMOD
77,68542060602927,admissible_et_classe,,2026-10-08T12:21:50.021399+00:00,PROMOD
77,68542060603107,admissible_et_classe,,2026-10-08T12:21:50.231124+00:00,PROMOD
77,68542060603313,admissible_et_classe,,2026-10-08T12:21:50.461901+00:00,PROMOD
94,68542060603412,admissible_et_classe,,2026-10-08T12:35:54.587735+00:00,PROMOD
93,68542060604527,admissible_et_classe,,2026-10-08T12:29:12.732069+00:00,PROMOD
77,68542060604535,admissible_et_classe,,2026-10-08T12:21:50.670871+00:00,PROMOD
93,68542060604626,admissible_et_classe,,2026-10-08T12:29:12.932978+00:00,PROMOD
94,68980123101117,admissible_et_classe,,2026-10-08T12:35:54.912149+00:00,SOCIETE DES CENTRES COMMERCIAUX (SCC) (SCC)
94,69204371401098,admissible_et_classe,,2026-10-08T12:35:54.947212+00:00,CAISSE REGIONALE DE CREDIT MUTUEL D'ILE DE FRANCE
93,69204371401130,admissible_et_classe,,2026-10-08T12:29:13.144719+00:00,CAISSE REGIONALE DE CREDIT MUTUEL D'ILE DE FRANCE
77,69204371401163,admissible_et_classe,,2026-10-08T12:21:50.871385+00:00,CAISSE REGIONALE DE CREDIT MUTUEL D'ILE DE FRANCE
77,69204371401171,admissible_et_classe,,2026-10-08T12:21:51.077255+00:00,CAISSE REGIONALE DE CREDIT MUTUEL D'ILE DE FRANCE
93,69204371401338,admissible_et_classe,,2026-10-08T12:29:13.343592+00:00,CAISSE REGIONALE DE CREDIT MUTUEL D'ILE DE FRANCE
94,69204371401387,admissible_et_classe,,2026-10-08T12:35:55.143764+00:00,CAISSE REGIONALE DE CREDIT MUTUEL D'ILE DE FRANCE
94,69204371401395,admissible_et_classe,,2026-10-08T12:35:55.346305+00:00,CAISSE REGIONALE DE CREDIT MUTUEL D'ILE DE FRANCE
77,69204371401403,admissible_et_classe,,2026-10-08T12:21:51.282189+00:00,CAISSE REGIONALE DE CREDIT MUTUEL D'ILE DE FRANCE
77,69204371401452,admissible_et_classe,,2026-10-08T12:21:51.526639+00:00,CAISSE REGIONALE DE CREDIT MUTUEL D'ILE DE FRANCE
94,69204371401494,admissible_et_classe,,2026-10-08T12:35:55.729037+00:00,CAISSE REGIONALE DE CREDIT MUTUEL D'ILE DE FRANCE
93,69204371401502,admissible_et_classe,,2026-10-08T12:29:13.542828+00:00,CAISSE REGIONALE DE CREDIT MUTUEL D'ILE DE FRANCE
77,69204371401577,admissible_et_classe,,2026-10-08T12:21:51.707083+00:00,CAISSE REGIONALE DE CREDIT MUTUEL D'ILE DE FRANCE
94,69204371401601,admissible_et_classe,,2026-10-08T12:35:55.743061+00:00,CAISSE REGIONALE DE CREDIT MUTUEL D'ILE DE FRANCE
77,69204371401643,admissible_et_classe,,2026-10-08T12:21:51.938537+00:00,CAISSE REGIONALE DE CREDIT MUTUEL D'ILE DE FRANCE
77,69204371401684,admissible_et_classe,,2026-10-08T12:21:52.207504+00:00,CAISSE REGIONALE DE CREDIT MUTUEL D'ILE DE FRANCE
77,69204371401692,admissible_et_classe,,2026-10-08T12:21:52.342738+00:00,CAISSE REGIONALE DE CREDIT MUTUEL D'ILE DE FRANCE
77,69204371401726,admissible_et_classe,,2026-10-08T12:21:52.497051+00:00,CAISSE REGIONALE DE CREDIT MUTUEL D'ILE DE FRANCE
94,69204371401734,admissible_et_classe,,2026-10-08T12:35:55.948388+00:00,CAISSE REGIONALE DE CREDIT MUTUEL D'ILE DE FRANCE
93,69204371401759,admissible_et_classe,,2026-10-08T12:29:13.751495+00:00,CAISSE REGIONALE DE CREDIT MUTUEL D'ILE DE FRANCE
93,69204371401767,admissible_et_classe,,2026-10-08T12:29:13.949605+00:00,CAISSE REGIONALE DE CREDIT MUTUEL D'ILE DE FRANCE
77,69204371401825,admissible_et_classe,,2026-10-08T12:21:52.710807+00:00,CAISSE REGIONALE DE CREDIT MUTUEL D'ILE DE FRANCE
94,69204371401833,admissible_et_classe,,2026-10-08T12:35:56.148036+00:00,CAISSE REGIONALE DE CREDIT MUTUEL D'ILE DE FRANCE
77,69204371401841,admissible_et_classe,,2026-10-08T12:21:52.914398+00:00,CAISSE REGIONALE DE CREDIT MUTUEL D'ILE DE FRANCE
93,69204371401924,admissible_et_classe,,2026-10-08T12:29:14.143922+00:00,CAISSE REGIONALE DE CREDIT MUTUEL D'ILE DE FRANCE
93,69204371401932,admissible_et_classe,,2026-10-08T12:29:14.421449+00:00,CAISSE REGIONALE DE CREDIT MUTUEL D'ILE DE FRANCE
93,69204371401940,admissible_et_classe,,2026-10-08T12:29:14.575700+00:00,CAISSE REGIONALE DE CREDIT MUTUEL D'ILE DE FRANCE
94,69204371401965,admissible_et_classe,,2026-10-08T12:35:56.406031+00:00,CAISSE REGIONALE DE CREDIT MUTUEL D'ILE DE FRANCE
93,69204371401973,admissible_et_classe,,2026-10-08T12:29:14.762020+00:00,CAISSE REGIONALE DE CREDIT MUTUEL D'ILE DE FRANCE
93,69204371402039,admissible_et_classe,,2026-10-08T12:29:14.960938+00:00,CAISSE REGIONALE DE CREDIT MUTUEL D'ILE DE FRANCE
77,69204371402054,admissible_et_classe,,2026-10-08T12:21:53.116303+00:00,CAISSE REGIONALE DE CREDIT MUTUEL D'ILE DE FRANCE
77,69204371402088,admissible_et_classe,,2026-10-08T12:21:53.320059+00:00,CAISSE REGIONALE DE CREDIT MUTUEL D'ILE DE FRANCE
77,69204371402104,admissible_et_classe,,2026-10-08T12:21:53.524604+00:00,CAISSE REGIONALE DE CREDIT MUTUEL D'ILE DE FRANCE
94,69204371402161,admissible_et_classe,,2026-10-08T12:35:56.555619+00:00,CAISSE REGIONALE DE CREDIT MUTUEL D'ILE DE FRANCE
94,69204371402179,admissible_et_classe,,2026-10-08T12:35:56.760213+00:00,CAISSE REGIONALE DE CREDIT MUTUEL D'ILE DE FRANCE
94,69204371402229,admissible_et_classe,,2026-10-08T12:35:56.992996+00:00,CAISSE REGIONALE DE CREDIT MUTUEL D'ILE DE FRANCE
93,69204371402237,admissible_et_classe,,2026-10-08T12:29:15.164985+00:00,CAISSE REGIONALE DE CREDIT MUTUEL D'ILE DE FRANCE
94,69204371402245,admissible_et_classe,,2026-10-08T12:35:57.164460+00:00,CAISSE REGIONALE DE CREDIT MUTUEL D'ILE DE FRANCE
93,69204371402260,admissible_et_classe,,2026-10-08T12:29:15.359552+00:00,CAISSE REGIONALE DE CREDIT MUTUEL D'ILE DE FRANCE
77,69204371402278,admissible_et_classe,,2026-10-08T12:21:53.740815+00:00,CAISSE REGIONALE DE CREDIT MUTUEL D'ILE DE FRANCE
94,69204371402310,admissible_et_classe,,2026-10-08T12:35:57.382931+00:00,CAISSE REGIONALE DE CREDIT MUTUEL D'ILE DE FRANCE
93,69204371402385,admissible_et_classe,,2026-10-08T12:29:15.614210+00:00,CAISSE REGIONALE DE CREDIT MUTUEL D'ILE DE FRANCE
93,69204371402393,admissible_et_classe,,2026-10-08T12:29:15.769834+00:00,CAISSE REGIONALE DE CREDIT MUTUEL D'ILE DE FRANCE
77,69204978600092,rejete_au_controle_actuel,sans_position,2026-10-08T12:21:53.933496+00:00,
93,69568010801565,admissible_et_classe,,2026-10-08T12:29:15.978648+00:00,POINT P S.A.S.
94,69568010801961,admissible_et_classe,,2026-10-08T12:35:57.588608+00:00,POINT P S.A.S.
77,69568010802050,admissible_et_classe,,2026-10-08T12:21:54.138071+00:00,POINT P S.A.S.
93,69568010802076,admissible_et_classe,,2026-10-08T12:29:16.194327+00:00,POINT P S.A.S.
77,69568010802159,admissible_et_classe,,2026-10-08T12:21:54.345385+00:00,POINT P S.A.S.
94,69568010802217,admissible_et_classe,,2026-10-08T12:35:57.784360+00:00,POINT P S.A.S.
93,69568010802258,admissible_et_classe,,2026-10-08T12:29:16.380388+00:00,POINT P S.A.S.
77,69568010802282,admissible_et_classe,,2026-10-08T12:21:54.551842+00:00,POINT P S.A.S.
77,69568010802290,admissible_et_classe,,2026-10-08T12:21:54.759663+00:00,POINT P S.A.S.
94,69568010802407,admissible_et_classe,,2026-10-08T12:35:57.993059+00:00,POINT P S.A.S.
77,69568010802514,admissible_et_classe,,2026-10-08T12:21:54.961802+00:00,POINT P S.A.S.
93,69568010802530,admissible_et_classe,,2026-10-08T12:29:16.595735+00:00,POINT P S.A.S.
77,69568010802605,admissible_et_classe,,2026-10-08T12:21:55.162942+00:00,POINT P S.A.S.
77,69568010802654,admissible_et_classe,,2026-10-08T12:21:55.375335+00:00,POINT P S.A.S.
93,69568010802670,admissible_et_classe,,2026-10-08T12:29:16.802076+00:00,POINT P S.A.S.
93,69568010802704,admissible_et_classe,,2026-10-08T12:29:16.980839+00:00,POINT P S.A.S.
93,69568010802738,admissible_et_classe,,2026-10-08T12:29:17.205643+00:00,POINT P S.A.S.
93,69568010802761,admissible_et_classe,,2026-10-08T12:29:17.398277+00:00,POINT P S.A.S.
77,69568010802779,admissible_et_classe,,2026-10-08T12:21:55.612480+00:00,POINT P S.A.S.
93,69568010802829,admissible_et_classe,,2026-10-08T12:29:17.603826+00:00,POINT P S.A.S.
94,69568010802837,admissible_et_classe,,2026-10-08T12:35:58.194052+00:00,POINT P S.A.S.
94,69568010802860,admissible_et_classe,,2026-10-08T12:35:58.410799+00:00,POINT P S.A.S.
94,69568010802886,admissible_et_classe,,2026-10-08T12:35:58.604324+00:00,POINT P S.A.S.
93,69568010802894,admissible_et_classe,,2026-10-08T12:29:17.835772+00:00,POINT P S.A.S.
77,69568010802902,admissible_et_classe,,2026-10-08T12:21:55.780574+00:00,POINT P S.A.S.
77,70200052201630,admissible_et_classe,,2026-10-08T12:21:55.995294+00:00,CHUBB FRANCE
94,70200052201762,admissible_et_classe,,2026-10-08T12:35:58.809971+00:00,CHUBB FRANCE
77,70203846401060,admissible_et_classe,,2026-10-08T12:21:56.187543+00:00,ELCO (ESTEE LAUDER I.M.D (INTERNATIONAL MERCHANDISING DEVELOPMENT))
77,70203846401128,admissible_et_classe,,2026-10-08T12:21:56.391522+00:00,ELCO (ESTEE LAUDER I.M.D (INTERNATIONAL MERCHANDISING DEVELOPMENT))
94,70203846401193,admissible_et_classe,,2026-10-08T12:35:59.009507+00:00,ELCO (ESTEE LAUDER I.M.D (INTERNATIONAL MERCHANDISING DEVELOPMENT))
94,70204250800029,rejete_au_controle_actuel,ferme_ou_autre_departement,2026-10-08T10:38:24.434828+00:00,
77,72204186001112,admissible_et_classe,,2026-10-08T12:21:56.605865+00:00,BUT INTERNATIONAL
77,72204186001179,admissible_et_classe,,2026-10-08T12:21:56.817035+00:00,BUT INTERNATIONAL
94,72204186002060,admissible_et_classe,,2026-10-08T12:35:59.210157+00:00,BUT INTERNATIONAL
77,72204186002078,admissible_et_classe,,2026-10-08T12:21:57.032444+00:00,BUT INTERNATIONAL
93,72204186002169,admissible_et_classe,,2026-10-08T12:29:18.212880+00:00,BUT INTERNATIONAL
77,72204186002615,admissible_et_classe,,2026-10-08T12:21:57.224374+00:00,BUT INTERNATIONAL
94,72205746001997,admissible_et_classe,,2026-10-08T12:35:59.491198+00:00,AXA FRANCE IARD
94,72820653300800,admissible_et_classe,,2026-10-08T10:38:24.639857+00:00,APROLIS
93,73201496401171,admissible_et_classe,,2026-10-08T12:29:18.417854+00:00,FONCIER CONSEIL - SOCIETE EN NOM COLLECTIF (FC)
77,74695015300013,rejete_au_controle_actuel,sans_position,2026-10-08T12:21:57.419471+00:00,
77,74997989400021,rejete_au_classement,hors_filtre_nom,2026-10-08T12:21:57.661381+00:00,ADEPTE CONTROLES
77,75033730500015,rejete_au_controle_actuel,ferme_ou_autre_departement,2026-10-08T10:36:35.961661+00:00,
93,75115073100022,rejete_au_classement,hors_filtre_nom,2026-10-08T12:29:18.618633+00:00,EXPERTISES ET DIAGNOSTICS IMMOBILIERS CONSEILS (E.D.I.C)
77,75120232600011,rejete_au_controle_actuel,sans_position,2026-10-08T12:21:57.835325+00:00,
77,75129253300021,rejete_au_controle_actuel,sans_position,2026-10-08T12:21:58.089131+00:00,
77,75204018800027,rejete_au_controle_actuel,sans_position,2026-10-08T12:21:58.552023+00:00,
77,75224480600036,rejete_au_classement,hors_filtre_nom,2026-10-08T12:21:58.756866+00:00,EXPERTISE DIAGNOSTIC HABITAT-E.D.H.
77,75247682000010,rejete_au_controle_actuel,ferme_ou_autre_departement,2026-10-08T12:21:58.961481+00:00,
94,75257808800011,rejete_au_controle_actuel,ferme_ou_autre_departement,2026-10-08T12:35:59.658414+00:00,
93,75279695300020,rejete_au_controle_actuel,sans_position,2026-10-08T12:29:18.821568+00:00,
77,75322059900017,rejete_au_controle_actuel,sans_position,2026-10-08T12:21:59.166226+00:00,
94,75323639700059,rejete_au_classement,hors_filtre_nom,2026-10-08T12:35:59.809297+00:00,BHA ENVIRONEMENT
77,75348438500012,rejete_au_controle_actuel,sans_position,2026-10-08T12:21:59.308582+00:00,
94,75350019800035,rejete_au_controle_actuel,sans_position,2026-10-08T12:36:00.365071+00:00,
94,75384648400032,rejete_au_classement,hors_filtre_nom,2026-10-08T12:36:00.210121+00:00,AREDIA (AGENCE DE RECHERCHE D'EXPERTISE ET DE DIAGNOSTICS)
77,75480071200335,admissible_et_classe,,2026-10-08T10:36:36.184375+00:00,BANQUE CIC EST (CIC EST)
77,75480071200343,admissible_et_classe,,2026-10-08T10:36:36.475819+00:00,BANQUE CIC EST (CIC EST)
77,75480071200350,admissible_et_classe,,2026-10-08T10:36:36.583698+00:00,BANQUE CIC EST (CIC EST)
77,75480071200376,admissible_et_classe,,2026-10-08T10:36:36.859388+00:00,BANQUE CIC EST (CIC EST)
77,75480071200392,admissible_et_classe,,2026-10-08T10:36:37.003100+00:00,BANQUE CIC EST (CIC EST)
77,75480071200400,admissible_et_classe,,2026-10-08T10:36:37.333751+00:00,BANQUE CIC EST (CIC EST)
77,75480071200418,admissible_et_classe,,2026-10-08T10:36:37.405132+00:00,BANQUE CIC EST (CIC EST)
77,75480071200434,admissible_et_classe,,2026-10-08T10:36:37.645889+00:00,BANQUE CIC EST (CIC EST)
77,75480071200442,admissible_et_classe,,2026-10-08T10:36:37.807200+00:00,BANQUE CIC EST (CIC EST)
77,75480071200459,admissible_et_classe,,2026-10-08T10:36:38.024429+00:00,BANQUE CIC EST (CIC EST)
77,75480071201390,admissible_et_classe,,2026-10-08T12:21:59.577734+00:00,BANQUE CIC EST (CIC EST)
77,75480071201481,admissible_et_classe,,2026-10-08T12:21:59.793477+00:00,BANQUE CIC EST (CIC EST)
77,75480071201986,admissible_et_classe,,2026-10-08T12:21:59.988942+00:00,BANQUE CIC EST (CIC EST)
77,75480071202158,admissible_et_classe,,2026-10-08T12:22:00.201954+00:00,BANQUE CIC EST (CIC EST)
77,75480071202174,admissible_et_classe,,2026-10-08T12:22:00.380969+00:00,BANQUE CIC EST (CIC EST)
77,75480071202216,admissible_et_classe,,2026-10-08T12:22:00.538828+00:00,BANQUE CIC EST (CIC EST)
77,75480071202414,admissible_et_classe,,2026-10-08T12:22:01.041604+00:00,BANQUE CIC EST (CIC EST)
77,75480071202497,admissible_et_classe,,2026-10-08T12:22:00.944872+00:00,BANQUE CIC EST (CIC EST)
77,75480071202653,admissible_et_classe,,2026-10-08T12:22:01.126555+00:00,BANQUE CIC EST (CIC EST)
77,75480071202778,admissible_et_classe,,2026-10-08T12:22:01.339835+00:00,BANQUE CIC EST (CIC EST)
77,75480071202786,admissible_et_classe,,2026-10-08T12:22:01.550296+00:00,BANQUE CIC EST (CIC EST)
77,75480071204808,admissible_et_classe,,2026-10-08T12:22:01.835613+00:00,BANQUE CIC EST (CIC EST)
77,75480071204923,admissible_et_classe,,2026-10-08T12:22:01.957140+00:00,BANQUE CIC EST (CIC EST)
77,75480071205086,admissible_et_classe,,2026-10-08T12:22:02.152616+00:00,BANQUE CIC EST (CIC EST)
77,75480071205219,admissible_et_classe,,2026-10-08T12:22:02.365323+00:00,BANQUE CIC EST (CIC EST)
77,75480071205227,admissible_et_classe,,2026-10-08T12:22:02.700734+00:00,BANQUE CIC EST (CIC EST)
77,75480071205243,admissible_et_classe,,2026-10-08T12:22:02.770463+00:00,BANQUE CIC EST (CIC EST)
77,75480071205250,admissible_et_classe,,2026-10-08T12:22:02.976560+00:00,BANQUE CIC EST (CIC EST)
77,75480071205276,admissible_et_classe,,2026-10-08T12:22:03.178305+00:00,BANQUE CIC EST (CIC EST)
77,75480071205359,admissible_et_classe,,2026-10-08T12:22:03.385812+00:00,BANQUE CIC EST (CIC EST)
77,75480071205367,admissible_et_classe,,2026-10-08T12:22:03.633251+00:00,BANQUE CIC EST (CIC EST)
77,75480071205433,admissible_et_classe,,2026-10-08T12:22:03.787505+00:00,BANQUE CIC EST (CIC EST)
77,75480071205441,admissible_et_classe,,2026-10-08T12:22:03.998248+00:00,BANQUE CIC EST (CIC EST)
77,75480071205532,admissible_et_classe,,2026-10-08T12:22:04.238242+00:00,BANQUE CIC EST (CIC EST)
77,75480071205607,admissible_et_classe,,2026-10-08T12:22:04.393534+00:00,BANQUE CIC EST (CIC EST)
77,75480071205656,admissible_et_classe,,2026-10-08T12:22:04.611054+00:00,BANQUE CIC EST (CIC EST)
77,75480071205698,admissible_et_classe,,2026-10-08T12:22:04.817781+00:00,BANQUE CIC EST (CIC EST)
93,76980020201333,admissible_et_classe,,2026-10-08T12:29:19.036604+00:00,HEPPNER SOCIETE DE TRANSPORTS
93,76980020201382,admissible_et_classe,,2026-10-08T12:29:19.235681+00:00,HEPPNER SOCIETE DE TRANSPORTS
77,77561815001028,admissible_et_classe,,2026-10-08T12:22:05.016192+00:00,GROUPE SOS SENIORS
77,77561815001051,admissible_et_classe,,2026-10-08T12:22:05.224797+00:00,GROUPE SOS SENIORS
94,77566343800031,admissible_et_classe,,2026-10-08T10:38:24.843509+00:00,REGIE AUTONOME DES TRANSPORTS PARISIENS (RATP)
94,77566343800049,admissible_et_classe,,2026-10-08T10:38:25.047637+00:00,REGIE AUTONOME DES TRANSPORTS PARISIENS (RATP)
93,77566343800056,admissible_et_classe,,2026-10-08T10:37:23.754491+00:00,REGIE AUTONOME DES TRANSPORTS PARISIENS (RATP)
93,77566343800064,admissible_et_classe,,2026-10-08T10:37:23.927623+00:00,REGIE AUTONOME DES TRANSPORTS PARISIENS (RATP)
93,77566343800072,admissible_et_classe,,2026-10-08T10:37:24.188896+00:00,REGIE AUTONOME DES TRANSPORTS PARISIENS (RATP)
93,77566343800114,admissible_et_classe,,2026-10-08T10:37:24.345632+00:00,REGIE AUTONOME DES TRANSPORTS PARISIENS (RATP)
93,77566343800148,admissible_et_classe,,2026-10-08T10:37:24.541339+00:00,REGIE AUTONOME DES TRANSPORTS PARISIENS (RATP)
93,77566343800155,admissible_et_classe,,2026-10-08T10:37:24.744836+00:00,REGIE AUTONOME DES TRANSPORTS PARISIENS (RATP)
94,77566343800445,admissible_et_classe,,2026-10-08T10:38:25.260563+00:00,REGIE AUTONOME DES TRANSPORTS PARISIENS (RATP)
94,77566343800460,admissible_et_classe,,2026-10-08T10:38:25.543492+00:00,REGIE AUTONOME DES TRANSPORTS PARISIENS (RATP)
94,77566343800478,admissible_et_classe,,2026-10-08T10:38:25.667779+00:00,REGIE AUTONOME DES TRANSPORTS PARISIENS (RATP)
94,77566343800486,admissible_et_classe,,2026-10-08T10:38:25.871191+00:00,REGIE AUTONOME DES TRANSPORTS PARISIENS (RATP)
94,77566343800502,admissible_et_classe,,2026-10-08T10:38:26.078420+00:00,REGIE AUTONOME DES TRANSPORTS PARISIENS (RATP)
93,77566343800536,admissible_et_classe,,2026-10-08T10:37:25.079808+00:00,REGIE AUTONOME DES TRANSPORTS PARISIENS (RATP)
94,77566343800767,admissible_et_classe,,2026-10-08T10:38:26.325400+00:00,REGIE AUTONOME DES TRANSPORTS PARISIENS (RATP)
93,77566343800841,admissible_et_classe,,2026-10-08T10:37:25.186517+00:00,REGIE AUTONOME DES TRANSPORTS PARISIENS (RATP)
93,77566343800916,admissible_et_classe,,2026-10-08T10:37:25.413484+00:00,REGIE AUTONOME DES TRANSPORTS PARISIENS (RATP)
93,77566343801039,admissible_et_classe,,2026-10-08T10:37:25.699596+00:00,REGIE AUTONOME DES TRANSPORTS PARISIENS (RATP)
77,77566343801096,admissible_et_classe,,2026-10-08T10:36:38.209116+00:00,REGIE AUTONOME DES TRANSPORTS PARISIENS (RATP)
93,77566343801120,admissible_et_classe,,2026-10-08T10:37:25.768786+00:00,REGIE AUTONOME DES TRANSPORTS PARISIENS (RATP)
93,77566343801146,admissible_et_classe,,2026-10-08T10:37:25.985073+00:00,REGIE AUTONOME DES TRANSPORTS PARISIENS (RATP)
77,77566343801161,admissible_et_classe,,2026-10-08T10:36:38.419189+00:00,REGIE AUTONOME DES TRANSPORTS PARISIENS (RATP)
77,77566343801179,admissible_et_classe,,2026-10-08T10:36:38.637865+00:00,REGIE AUTONOME DES TRANSPORTS PARISIENS (RATP)
94,77566343802292,admissible_et_classe,,2026-10-08T12:36:00.429799+00:00,REGIE AUTONOME DES TRANSPORTS PARISIENS (RATP)
93,77566343802300,admissible_et_classe,,2026-10-08T12:29:19.443577+00:00,REGIE AUTONOME DES TRANSPORTS PARISIENS (RATP)
94,77566343802326,admissible_et_classe,,2026-10-08T12:36:00.686089+00:00,REGIE AUTONOME DES TRANSPORTS PARISIENS (RATP)
94,77566343802334,admissible_et_classe,,2026-10-08T12:36:00.884832+00:00,REGIE AUTONOME DES TRANSPORTS PARISIENS (RATP)
93,77566343802342,admissible_et_classe,,2026-10-08T12:29:19.650204+00:00,REGIE AUTONOME DES TRANSPORTS PARISIENS (RATP)
93,77566343802359,admissible_et_classe,,2026-10-08T12:29:19.839060+00:00,REGIE AUTONOME DES TRANSPORTS PARISIENS (RATP)
93,77566343802367,admissible_et_classe,,2026-10-08T12:29:20.039989+00:00,REGIE AUTONOME DES TRANSPORTS PARISIENS (RATP)
93,77566343802375,admissible_et_classe,,2026-10-08T12:29:20.255202+00:00,REGIE AUTONOME DES TRANSPORTS PARISIENS (RATP)
93,77566343802383,admissible_et_classe,,2026-10-08T12:29:20.454901+00:00,REGIE AUTONOME DES TRANSPORTS PARISIENS (RATP)
93,77566343802391,admissible_et_classe,,2026-10-08T12:29:20.679861+00:00,REGIE AUTONOME DES TRANSPORTS PARISIENS (RATP)
93,77566343802409,admissible_et_classe,,2026-10-08T12:29:20.867116+00:00,REGIE AUTONOME DES TRANSPORTS PARISIENS (RATP)
93,77566343802417,admissible_et_classe,,2026-10-08T12:29:21.071528+00:00,REGIE AUTONOME DES TRANSPORTS PARISIENS (RATP)
94,77566343802425,admissible_et_classe,,2026-10-08T12:36:01.037185+00:00,REGIE AUTONOME DES TRANSPORTS PARISIENS (RATP)
94,77566343802433,rejete_au_controle_actuel,sans_position,2026-10-08T12:36:01.239121+00:00,
93,77566343802532,admissible_et_classe,,2026-10-08T12:29:21.255901+00:00,REGIE AUTONOME DES TRANSPORTS PARISIENS (RATP)
93,77566343802565,admissible_et_classe,,2026-10-08T12:29:21.462229+00:00,REGIE AUTONOME DES TRANSPORTS PARISIENS (RATP)
94,77566343802573,admissible_et_classe,,2026-10-08T12:36:01.464434+00:00,REGIE AUTONOME DES TRANSPORTS PARISIENS (RATP)
93,77566343802581,admissible_et_classe,,2026-10-08T12:29:21.664789+00:00,REGIE AUTONOME DES TRANSPORTS PARISIENS (RATP)
93,77566343802599,admissible_et_classe,,2026-10-08T12:29:21.868734+00:00,REGIE AUTONOME DES TRANSPORTS PARISIENS (RATP)
94,77566343802623,admissible_et_classe,,2026-10-08T12:36:01.654051+00:00,REGIE AUTONOME DES TRANSPORTS PARISIENS (RATP)
93,77566343802631,admissible_et_classe,,2026-10-08T12:29:22.074970+00:00,REGIE AUTONOME DES TRANSPORTS PARISIENS (RATP)
93,77566343802656,admissible_et_classe,,2026-10-08T12:29:22.274741+00:00,REGIE AUTONOME DES TRANSPORTS PARISIENS (RATP)
93,77566343802664,admissible_et_classe,,2026-10-08T12:29:22.481235+00:00,REGIE AUTONOME DES TRANSPORTS PARISIENS (RATP)
93,77566343802680,admissible_et_classe,,2026-10-08T12:29:22.684956+00:00,REGIE AUTONOME DES TRANSPORTS PARISIENS (RATP)
94,77566343802714,admissible_et_classe,,2026-10-08T12:36:01.898088+00:00,REGIE AUTONOME DES TRANSPORTS PARISIENS (RATP)
94,77566343802748,admissible_et_classe,,2026-10-08T12:36:02.061281+00:00,REGIE AUTONOME DES TRANSPORTS PARISIENS (RATP)
93,77566343802771,admissible_et_classe,,2026-10-08T12:29:22.883184+00:00,REGIE AUTONOME DES TRANSPORTS PARISIENS (RATP)
93,77566343802789,admissible_et_classe,,2026-10-08T12:29:23.094011+00:00,REGIE AUTONOME DES TRANSPORTS PARISIENS (RATP)
93,77566343802805,admissible_et_classe,,2026-10-08T12:29:23.297080+00:00,REGIE AUTONOME DES TRANSPORTS PARISIENS (RATP)
93,77566343802813,admissible_et_classe,,2026-10-08T12:29:23.500799+00:00,REGIE AUTONOME DES TRANSPORTS PARISIENS (RATP)
93,77566343802821,admissible_et_classe,,2026-10-08T12:29:23.701182+00:00,REGIE AUTONOME DES TRANSPORTS PARISIENS (RATP)
93,77566343802839,admissible_et_classe,,2026-10-08T12:29:23.931947+00:00,REGIE AUTONOME DES TRANSPORTS PARISIENS (RATP)
93,77566343802847,admissible_et_classe,,2026-10-08T12:29:24.117785+00:00,REGIE AUTONOME DES TRANSPORTS PARISIENS (RATP)
93,77566343802854,admissible_et_classe,,2026-10-08T12:29:24.318512+00:00,REGIE AUTONOME DES TRANSPORTS PARISIENS (RATP)
93,77566343802862,admissible_et_classe,,2026-10-08T12:29:24.519471+00:00,REGIE AUTONOME DES TRANSPORTS PARISIENS (RATP)
93,77566343802870,admissible_et_classe,,2026-10-08T12:29:24.721694+00:00,REGIE AUTONOME DES TRANSPORTS PARISIENS (RATP)
93,77566343802888,admissible_et_classe,,2026-10-08T12:29:25.023320+00:00,REGIE AUTONOME DES TRANSPORTS PARISIENS (RATP)
93,77566343802896,admissible_et_classe,,2026-10-08T12:29:25.155163+00:00,REGIE AUTONOME DES TRANSPORTS PARISIENS (RATP)
93,77566343802904,admissible_et_classe,,2026-10-08T12:29:25.327612+00:00,REGIE AUTONOME DES TRANSPORTS PARISIENS (RATP)
94,77566343803225,admissible_et_classe,,2026-10-08T12:36:02.259848+00:00,REGIE AUTONOME DES TRANSPORTS PARISIENS (RATP)
94,77566343803233,admissible_et_classe,,2026-10-08T12:36:02.459895+00:00,REGIE AUTONOME DES TRANSPORTS PARISIENS (RATP)
93,77566343803241,admissible_et_classe,,2026-10-08T12:29:25.527052+00:00,REGIE AUTONOME DES TRANSPORTS PARISIENS (RATP)
93,77566343803258,admissible_et_classe,,2026-10-08T12:29:25.741810+00:00,REGIE AUTONOME DES TRANSPORTS PARISIENS (RATP)
94,77566343803266,admissible_et_classe,,2026-10-08T12:36:02.664292+00:00,REGIE AUTONOME DES TRANSPORTS PARISIENS (RATP)
77,77566343803274,admissible_et_classe,,2026-10-08T12:22:05.436134+00:00,REGIE AUTONOME DES TRANSPORTS PARISIENS (RATP)
93,77566343803324,admissible_et_classe,,2026-10-08T12:29:25.933609+00:00,REGIE AUTONOME DES TRANSPORTS PARISIENS (RATP)
93,77566343803340,admissible_et_classe,,2026-10-08T12:29:26.155147+00:00,REGIE AUTONOME DES TRANSPORTS PARISIENS (RATP)
94,77566343803399,admissible_et_classe,,2026-10-08T12:36:02.866660+00:00,REGIE AUTONOME DES TRANSPORTS PARISIENS (RATP)
94,77566343803415,admissible_et_classe,,2026-10-08T12:36:03.082450+00:00,REGIE AUTONOME DES TRANSPORTS PARISIENS (RATP)
94,77566343803480,admissible_et_classe,,2026-10-08T12:36:03.266258+00:00,REGIE AUTONOME DES TRANSPORTS PARISIENS (RATP)
94,77566343803498,admissible_et_classe,,2026-10-08T12:36:03.496023+00:00,REGIE AUTONOME DES TRANSPORTS PARISIENS (RATP)
93,77566343803522,admissible_et_classe,,2026-10-08T12:29:26.352791+00:00,REGIE AUTONOME DES TRANSPORTS PARISIENS (RATP)
93,77566343803530,admissible_et_classe,,2026-10-08T12:29:26.543884+00:00,REGIE AUTONOME DES TRANSPORTS PARISIENS (RATP)
93,77566343803548,admissible_et_classe,,2026-10-08T12:29:26.743718+00:00,REGIE AUTONOME DES TRANSPORTS PARISIENS (RATP)
93,77566343803555,admissible_et_classe,,2026-10-08T12:29:26.957184+00:00,REGIE AUTONOME DES TRANSPORTS PARISIENS (RATP)
94,77566343803571,admissible_et_classe,,2026-10-08T12:36:03.664318+00:00,REGIE AUTONOME DES TRANSPORTS PARISIENS (RATP)
94,77566343803597,admissible_et_classe,,2026-10-08T12:36:03.872230+00:00,REGIE AUTONOME DES TRANSPORTS PARISIENS (RATP)
93,77566343803605,admissible_et_classe,,2026-10-08T12:29:27.147001+00:00,REGIE AUTONOME DES TRANSPORTS PARISIENS (RATP)
94,77566343803621,admissible_et_classe,,2026-10-08T12:36:04.258160+00:00,REGIE AUTONOME DES TRANSPORTS PARISIENS (RATP)
93,77566343803639,admissible_et_classe,,2026-10-08T12:29:27.360005+00:00,REGIE AUTONOME DES TRANSPORTS PARISIENS (RATP)
94,77566343803662,admissible_et_classe,,2026-10-08T12:36:04.330290+00:00,REGIE AUTONOME DES TRANSPORTS PARISIENS (RATP)
93,77566343803688,admissible_et_classe,,2026-10-08T12:29:27.557483+00:00,REGIE AUTONOME DES TRANSPORTS PARISIENS (RATP)
93,77566343803696,admissible_et_classe,,2026-10-08T12:29:27.761221+00:00,REGIE AUTONOME DES TRANSPORTS PARISIENS (RATP)
94,77566487302828,admissible_et_classe,,2026-10-08T12:36:04.489533+00:00,BOUYGUES ENERGIES & SERVICES (BOUYGUES ENERGIES & SERVICES)
77,77566487304105,admissible_et_classe,,2026-10-08T12:22:05.641559+00:00,BOUYGUES ENERGIES & SERVICES (BOUYGUES ENERGIES & SERVICES)
94,77566487304527,admissible_et_classe,,2026-10-08T12:36:04.686381+00:00,BOUYGUES ENERGIES & SERVICES (BOUYGUES ENERGIES & SERVICES)
94,77566561500081,admissible_et_classe,,2026-10-08T12:36:04.903677+00:00,CAISS REGIO CREDI AGRIC MUTUEL PARIS IDF
93,77566561500123,admissible_et_classe,,2026-10-08T12:29:27.962704+00:00,CAISS REGIO CREDI AGRIC MUTUEL PARIS IDF
94,77566561500545,admissible_et_classe,,2026-10-08T12:36:05.086501+00:00,CAISS REGIO CREDI AGRIC MUTUEL PARIS IDF
94,77566561500560,admissible_et_classe,,2026-10-08T12:36:05.308919+00:00,CAISS REGIO CREDI AGRIC MUTUEL PARIS IDF
94,77566561500586,admissible_et_classe,,2026-10-08T12:36:05.489634+00:00,CAISS REGIO CREDI AGRIC MUTUEL PARIS IDF
94,77566561500602,admissible_et_classe,,2026-10-08T12:36:05.688393+00:00,CAISS REGIO CREDI AGRIC MUTUEL PARIS IDF
94,77566561500701,admissible_et_classe,,2026-10-08T12:36:05.901662+00:00,CAISS REGIO CREDI AGRIC MUTUEL PARIS IDF
93,77566561500719,admissible_et_classe,,2026-10-08T12:29:28.164067+00:00,CAISS REGIO CREDI AGRIC MUTUEL PARIS IDF
94,77566561500727,admissible_et_classe,,2026-10-08T12:36:06.108499+00:00,CAISS REGIO CREDI AGRIC MUTUEL PARIS IDF
93,77566561500917,admissible_et_classe,,2026-10-08T12:29:28.373508+00:00,CAISS REGIO CREDI AGRIC MUTUEL PARIS IDF
94,77566561500933,admissible_et_classe,,2026-10-08T12:36:06.392759+00:00,CAISS REGIO CREDI AGRIC MUTUEL PARIS IDF
94,77566561501915,admissible_et_classe,,2026-10-08T10:38:26.701027+00:00,CAISS REGIO CREDI AGRIC MUTUEL PARIS IDF
93,77566561502319,admissible_et_classe,,2026-10-08T10:37:26.183572+00:00,CAISS REGIO CREDI AGRIC MUTUEL PARIS IDF
94,77566561502343,admissible_et_classe,,2026-10-08T10:38:26.726976+00:00,CAISS REGIO CREDI AGRIC MUTUEL PARIS IDF
94,77566561502368,admissible_et_classe,,2026-10-08T10:38:26.907760+00:00,CAISS REGIO CREDI AGRIC MUTUEL PARIS IDF
94,77566561502467,admissible_et_classe,,2026-10-08T10:38:27.211825+00:00,CAISS REGIO CREDI AGRIC MUTUEL PARIS IDF
94,77566561503556,admissible_et_classe,,2026-10-08T12:36:06.594316+00:00,CAISS REGIO CREDI AGRIC MUTUEL PARIS IDF
94,77566561503564,admissible_et_classe,,2026-10-08T12:36:06.912984+00:00,CAISS REGIO CREDI AGRIC MUTUEL PARIS IDF
93,77566561503747,admissible_et_classe,,2026-10-08T12:29:28.570917+00:00,CAISS REGIO CREDI AGRIC MUTUEL PARIS IDF
94,77566561503770,admissible_et_classe,,2026-10-08T12:36:07.011935+00:00,CAISS REGIO CREDI AGRIC MUTUEL PARIS IDF
94,77566561503796,admissible_et_classe,,2026-10-08T12:36:07.217676+00:00,CAISS REGIO CREDI AGRIC MUTUEL PARIS IDF
93,77566561503838,admissible_et_classe,,2026-10-08T12:29:28.776713+00:00,CAISS REGIO CREDI AGRIC MUTUEL PARIS IDF
93,77566561503846,admissible_et_classe,,2026-10-08T12:29:28.977665+00:00,CAISS REGIO CREDI AGRIC MUTUEL PARIS IDF
93,77566561503887,admissible_et_classe,,2026-10-08T12:29:29.244589+00:00,CAISS REGIO CREDI AGRIC MUTUEL PARIS IDF
94,77566561503903,admissible_et_classe,,2026-10-08T12:36:07.418593+00:00,CAISS REGIO CREDI AGRIC MUTUEL PARIS IDF
94,77566561503945,admissible_et_classe,,2026-10-08T12:36:07.624661+00:00,CAISS REGIO CREDI AGRIC MUTUEL PARIS IDF
93,77566561503960,admissible_et_classe,,2026-10-08T12:29:29.382612+00:00,CAISS REGIO CREDI AGRIC MUTUEL PARIS IDF
94,77566561504018,admissible_et_classe,,2026-10-08T12:36:07.829387+00:00,CAISS REGIO CREDI AGRIC MUTUEL PARIS IDF
94,77566561504042,admissible_et_classe,,2026-10-08T12:36:08.046162+00:00,CAISS REGIO CREDI AGRIC MUTUEL PARIS IDF
94,77566561504067,admissible_et_classe,,2026-10-08T12:36:08.244583+00:00,CAISS REGIO CREDI AGRIC MUTUEL PARIS IDF
93,77566561504117,admissible_et_classe,,2026-10-08T12:29:29.592601+00:00,CAISS REGIO CREDI AGRIC MUTUEL PARIS IDF
94,77566561504174,admissible_et_classe,,2026-10-08T12:36:08.348876+00:00,CAISS REGIO CREDI AGRIC MUTUEL PARIS IDF
94,77566561504224,admissible_et_classe,,2026-10-08T12:36:08.535922+00:00,CAISS REGIO CREDI AGRIC MUTUEL PARIS IDF
94,77566561504307,admissible_et_classe,,2026-10-08T12:36:08.746427+00:00,CAISS REGIO CREDI AGRIC MUTUEL PARIS IDF
94,77566561504323,admissible_et_classe,,2026-10-08T12:36:08.953129+00:00,CAISS REGIO CREDI AGRIC MUTUEL PARIS IDF
93,77566561504455,admissible_et_classe,,2026-10-08T12:29:29.791084+00:00,CAISS REGIO CREDI AGRIC MUTUEL PARIS IDF
93,77566561504596,admissible_et_classe,,2026-10-08T12:29:29.990907+00:00,CAISS REGIO CREDI AGRIC MUTUEL PARIS IDF
94,77566561504661,admissible_et_classe,,2026-10-08T12:36:09.147441+00:00,CAISS REGIO CREDI AGRIC MUTUEL PARIS IDF
93,77566561504729,admissible_et_classe,,2026-10-08T12:29:30.197930+00:00,CAISS REGIO CREDI AGRIC MUTUEL PARIS IDF
94,77566561504851,admissible_et_classe,,2026-10-08T12:36:09.347124+00:00,CAISS REGIO CREDI AGRIC MUTUEL PARIS IDF
77,77566669603134,admissible_et_classe,,2026-10-08T12:22:05.845251+00:00,SECOURS CATHOLIQUE
77,77567028406805,admissible_et_classe,,2026-10-08T12:22:06.134922+00:00,HSBC CONTINENTAL EUROPE (HSBC)
93,77567028406813,admissible_et_classe,,2026-10-08T12:29:30.412826+00:00,HSBC CONTINENTAL EUROPE (HSBC)
77,77567028406946,admissible_et_classe,,2026-10-08T12:22:06.272021+00:00,HSBC CONTINENTAL EUROPE (HSBC)
93,77567028407068,admissible_et_classe,,2026-10-08T12:29:30.607569+00:00,HSBC CONTINENTAL EUROPE (HSBC)
94,77567223101326,admissible_et_classe,,2026-10-08T10:38:27.313521+00:00,ASSOCIATION POUR L'EMPLOI DES CADRES (APEC)
93,77567223101953,admissible_et_classe,,2026-10-08T10:37:26.407885+00:00,ASSOCIATION POUR L'EMPLOI DES CADRES (APEC)
93,77567223102001,admissible_et_classe,,2026-10-08T10:37:26.635109+00:00,ASSOCIATION POUR L'EMPLOI DES CADRES (APEC)
93,77567227200348,admissible_et_classe,,2026-10-08T12:29:30.810528+00:00,CROIX ROUGE FRANCAISE (CRF)
93,77567227200389,admissible_et_classe,,2026-10-08T12:29:31.050882+00:00,CROIX ROUGE FRANCAISE (CRF)
93,77567227207228,admissible_et_classe,,2026-10-08T12:29:31.211928+00:00,CROIX ROUGE FRANCAISE (CRF)
77,77567227207525,admissible_et_classe,,2026-10-08T12:22:06.774641+00:00,CROIX ROUGE FRANCAISE (CRF)
93,77567227208408,admissible_et_classe,,2026-10-08T12:29:31.421363+00:00,CROIX ROUGE FRANCAISE (CRF)
77,77567227208432,admissible_et_classe,,2026-10-08T12:22:06.676647+00:00,CROIX ROUGE FRANCAISE (CRF)
77,77567227210602,admissible_et_classe,,2026-10-08T12:22:06.874128+00:00,CROIX ROUGE FRANCAISE (CRF)
77,77567227213200,admissible_et_classe,,2026-10-08T12:22:07.096904+00:00,CROIX ROUGE FRANCAISE (CRF)
94,77567227213283,admissible_et_classe,,2026-10-08T12:36:09.554188+00:00,CROIX ROUGE FRANCAISE (CRF)
77,77567227213796,admissible_et_classe,,2026-10-08T12:22:07.324607+00:00,CROIX ROUGE FRANCAISE (CRF)
94,77567227214380,admissible_et_classe,,2026-10-08T12:36:09.784161+00:00,CROIX ROUGE FRANCAISE (CRF)
93,77567227214521,admissible_et_classe,,2026-10-08T12:29:31.629864+00:00,CROIX ROUGE FRANCAISE (CRF)
93,77567227214851,admissible_et_classe,,2026-10-08T12:29:31.824059+00:00,CROIX ROUGE FRANCAISE (CRF)
77,77567227215320,admissible_et_classe,,2026-10-08T12:22:07.503307+00:00,CROIX ROUGE FRANCAISE (CRF)
93,77567227215700,admissible_et_classe,,2026-10-08T12:29:32.028056+00:00,CROIX ROUGE FRANCAISE (CRF)
77,77567227216344,admissible_et_classe,,2026-10-08T12:22:07.736548+00:00,CROIX ROUGE FRANCAISE (CRF)
94,77567227216526,admissible_et_classe,,2026-10-08T12:36:09.980755+00:00,CROIX ROUGE FRANCAISE (CRF)
94,77567227216567,admissible_et_classe,,2026-10-08T12:36:10.181716+00:00,CROIX ROUGE FRANCAISE (CRF)
93,77567227216575,admissible_et_classe,,2026-10-08T12:29:32.233708+00:00,CROIX ROUGE FRANCAISE (CRF)
94,77567227216708,admissible_et_classe,,2026-10-08T12:36:10.380401+00:00,CROIX ROUGE FRANCAISE (CRF)
77,77567227216963,admissible_et_classe,,2026-10-08T12:22:07.919634+00:00,CROIX ROUGE FRANCAISE (CRF)
77,77567227217250,admissible_et_classe,,2026-10-08T12:22:08.127069+00:00,CROIX ROUGE FRANCAISE (CRF)
77,77567227217813,admissible_et_classe,,2026-10-08T12:22:08.329369+00:00,CROIX ROUGE FRANCAISE (CRF)
77,77567227217821,admissible_et_classe,,2026-10-08T12:22:08.550734+00:00,CROIX ROUGE FRANCAISE (CRF)
77,77567227217839,admissible_et_classe,,2026-10-08T12:22:08.744314+00:00,CROIX ROUGE FRANCAISE (CRF)
93,77567227217987,admissible_et_classe,,2026-10-08T12:29:32.479246+00:00,CROIX ROUGE FRANCAISE (CRF)
93,77567227218225,admissible_et_classe,,2026-10-08T12:29:32.641626+00:00,CROIX ROUGE FRANCAISE (CRF)
93,77567227219926,admissible_et_classe,,2026-10-08T12:29:32.844480+00:00,CROIX ROUGE FRANCAISE (CRF)
94,77567227220197,admissible_et_classe,,2026-10-08T12:36:10.621536+00:00,CROIX ROUGE FRANCAISE (CRF)
94,77567227220254,admissible_et_classe,,2026-10-08T12:36:10.802496+00:00,CROIX ROUGE FRANCAISE (CRF)
94,77567227220262,admissible_et_classe,,2026-10-08T12:36:10.986634+00:00,CROIX ROUGE FRANCAISE (CRF)
94,77567227220270,admissible_et_classe,,2026-10-08T12:36:11.304311+00:00,CROIX ROUGE FRANCAISE (CRF)
77,77567227221054,admissible_et_classe,,2026-10-08T12:22:08.957189+00:00,CROIX ROUGE FRANCAISE (CRF)
77,77567227222003,admissible_et_classe,,2026-10-08T12:22:09.406707+00:00,CROIX ROUGE FRANCAISE (CRF)
77,77567227222102,admissible_et_classe,,2026-10-08T12:22:09.369241+00:00,CROIX ROUGE FRANCAISE (CRF)
77,77567227222128,admissible_et_classe,,2026-10-08T12:22:09.562263+00:00,CROIX ROUGE FRANCAISE (CRF)
77,77567227222136,admissible_et_classe,,2026-10-08T12:22:09.774957+00:00,CROIX ROUGE FRANCAISE (CRF)
77,77567227222144,admissible_et_classe,,2026-10-08T12:22:10.160681+00:00,CROIX ROUGE FRANCAISE (CRF)
77,77567227222151,admissible_et_classe,,2026-10-08T12:22:10.227736+00:00,CROIX ROUGE FRANCAISE (CRF)
93,77567227222284,admissible_et_classe,,2026-10-08T12:29:33.047683+00:00,CROIX ROUGE FRANCAISE (CRF)
93,77567227222292,admissible_et_classe,,2026-10-08T12:29:33.253154+00:00,CROIX ROUGE FRANCAISE (CRF)
94,77567227222300,admissible_et_classe,,2026-10-08T12:36:11.406622+00:00,CROIX ROUGE FRANCAISE (CRF)
94,77567227222318,admissible_et_classe,,2026-10-08T12:36:11.603662+00:00,CROIX ROUGE FRANCAISE (CRF)
77,77567227222367,admissible_et_classe,,2026-10-08T12:22:10.430218+00:00,CROIX ROUGE FRANCAISE (CRF)
77,77567227222375,admissible_et_classe,,2026-10-08T12:22:10.635696+00:00,CROIX ROUGE FRANCAISE (CRF)
77,77567227222383,admissible_et_classe,,2026-10-08T12:22:10.841450+00:00,CROIX ROUGE FRANCAISE (CRF)
77,77567227222391,admissible_et_classe,,2026-10-08T12:22:11.045009+00:00,CROIX ROUGE FRANCAISE (CRF)
77,77567227222417,admissible_et_classe,,2026-10-08T12:22:11.291797+00:00,CROIX ROUGE FRANCAISE (CRF)
77,77567227222425,admissible_et_classe,,2026-10-08T12:22:11.454338+00:00,CROIX ROUGE FRANCAISE (CRF)
77,77567227222433,admissible_et_classe,,2026-10-08T12:22:11.658954+00:00,CROIX ROUGE FRANCAISE (CRF)
77,77567227222441,admissible_et_classe,,2026-10-08T12:22:11.863836+00:00,CROIX ROUGE FRANCAISE (CRF)
77,77567227222458,admissible_et_classe,,2026-10-08T12:22:12.171441+00:00,CROIX ROUGE FRANCAISE (CRF)
93,77567227222714,admissible_et_classe,,2026-10-08T12:29:33.469419+00:00,CROIX ROUGE FRANCAISE (CRF)
94,77567227222722,admissible_et_classe,,2026-10-08T12:36:11.910237+00:00,CROIX ROUGE FRANCAISE (CRF)
93,77567227222730,admissible_et_classe,,2026-10-08T12:29:33.659922+00:00,CROIX ROUGE FRANCAISE (CRF)
93,77567227222748,admissible_et_classe,,2026-10-08T12:29:33.859502+00:00,CROIX ROUGE FRANCAISE (CRF)
93,77567227222755,admissible_et_classe,,2026-10-08T12:29:34.066773+00:00,CROIX ROUGE FRANCAISE (CRF)
93,77567227222763,admissible_et_classe,,2026-10-08T12:29:34.267535+00:00,CROIX ROUGE FRANCAISE (CRF)
93,77567227222771,admissible_et_classe,,2026-10-08T12:29:34.465113+00:00,CROIX ROUGE FRANCAISE (CRF)
93,77567227222789,admissible_et_classe,,2026-10-08T12:29:34.668718+00:00,CROIX ROUGE FRANCAISE (CRF)
77,77567227222805,admissible_et_classe,,2026-10-08T12:22:12.267420+00:00,CROIX ROUGE FRANCAISE (CRF)
93,77567227222821,admissible_et_classe,,2026-10-08T12:29:34.873368+00:00,CROIX ROUGE FRANCAISE (CRF)
93,77567227222862,admissible_et_classe,,2026-10-08T12:29:35.071311+00:00,CROIX ROUGE FRANCAISE (CRF)
94,77567227222870,admissible_et_classe,,2026-10-08T12:36:12.090804+00:00,CROIX ROUGE FRANCAISE (CRF)
93,77567227222888,admissible_et_classe,,2026-10-08T12:29:35.273559+00:00,CROIX ROUGE FRANCAISE (CRF)
93,77567227222904,admissible_et_classe,,2026-10-08T12:29:35.484016+00:00,CROIX ROUGE FRANCAISE (CRF)
93,77567227222912,admissible_et_classe,,2026-10-08T12:29:35.684192+00:00,CROIX ROUGE FRANCAISE (CRF)
93,77567227222920,admissible_et_classe,,2026-10-08T12:29:35.892616+00:00,CROIX ROUGE FRANCAISE (CRF)
94,77567227222946,admissible_et_classe,,2026-10-08T12:36:12.369778+00:00,CROIX ROUGE FRANCAISE (CRF)
94,77567227222979,admissible_et_classe,,2026-10-08T12:36:12.456033+00:00,CROIX ROUGE FRANCAISE (CRF)
94,77567227222995,admissible_et_classe,,2026-10-08T12:36:12.635256+00:00,CROIX ROUGE FRANCAISE (CRF)
94,77567227223043,admissible_et_classe,,2026-10-08T12:36:12.824951+00:00,CROIX ROUGE FRANCAISE (CRF)
94,77567227223076,admissible_et_classe,,2026-10-08T12:36:13.052678+00:00,CROIX ROUGE FRANCAISE (CRF)
94,77567227223092,admissible_et_classe,,2026-10-08T12:36:13.231830+00:00,CROIX ROUGE FRANCAISE (CRF)
94,77567227223100,admissible_et_classe,,2026-10-08T12:36:13.429879+00:00,CROIX ROUGE FRANCAISE (CRF)
94,77567227223118,admissible_et_classe,,2026-10-08T12:36:13.643661+00:00,CROIX ROUGE FRANCAISE (CRF)
94,77567227223282,admissible_et_classe,,2026-10-08T12:36:13.854928+00:00,CROIX ROUGE FRANCAISE (CRF)
77,77567227223720,admissible_et_classe,,2026-10-08T12:22:12.456952+00:00,CROIX ROUGE FRANCAISE (CRF)
94,77567227227366,admissible_et_classe,,2026-10-08T12:36:14.082410+00:00,CROIX ROUGE FRANCAISE (CRF)
77,77567227228372,admissible_et_classe,,2026-10-08T12:22:12.664240+00:00,CROIX ROUGE FRANCAISE (CRF)
77,77567227229040,admissible_et_classe,,2026-10-08T12:22:12.862396+00:00,CROIX ROUGE FRANCAISE (CRF)
93,77567227229156,admissible_et_classe,,2026-10-08T12:29:36.103324+00:00,CROIX ROUGE FRANCAISE (CRF)
93,77567227229552,admissible_et_classe,,2026-10-08T12:29:36.289572+00:00,CROIX ROUGE FRANCAISE (CRF)
93,77567227229610,admissible_et_classe,,2026-10-08T12:29:36.493183+00:00,CROIX ROUGE FRANCAISE (CRF)
93,77567227229891,admissible_et_classe,,2026-10-08T10:37:26.856990+00:00,CROIX ROUGE FRANCAISE (CRF)
93,77567227230162,admissible_et_classe,,2026-10-08T10:37:27.018456+00:00,CROIX ROUGE FRANCAISE (CRF)
93,77567227230170,admissible_et_classe,,2026-10-08T10:37:27.220055+00:00,CROIX ROUGE FRANCAISE (CRF)
93,77567227230188,admissible_et_classe,,2026-10-08T10:37:27.436464+00:00,CROIX ROUGE FRANCAISE (CRF)
94,77567227230329,admissible_et_classe,,2026-10-08T10:38:27.512677+00:00,CROIX ROUGE FRANCAISE (CRF)
93,77567227230345,admissible_et_classe,,2026-10-08T10:37:27.639072+00:00,CROIX ROUGE FRANCAISE (CRF)
94,77567227230857,admissible_et_classe,,2026-10-08T12:36:14.757205+00:00,CROIX ROUGE FRANCAISE (CRF)
94,77567227230873,admissible_et_classe,,2026-10-08T12:36:14.456785+00:00,CROIX ROUGE FRANCAISE (CRF)
94,77567227230949,admissible_et_classe,,2026-10-08T12:36:14.978321+00:00,CROIX ROUGE FRANCAISE (CRF)
94,77567227231012,admissible_et_classe,,2026-10-08T12:36:14.982154+00:00,CROIX ROUGE FRANCAISE (CRF)
77,77567227231103,admissible_et_classe,,2026-10-08T10:36:38.839553+00:00,CROIX ROUGE FRANCAISE (CRF)
77,77567227231392,admissible_et_classe,,2026-10-08T10:36:39.029278+00:00,CROIX ROUGE FRANCAISE (CRF)
93,77567227231905,admissible_et_classe,,2026-10-08T12:29:36.721519+00:00,CROIX ROUGE FRANCAISE (CRF)
77,77567227231913,admissible_et_classe,,2026-10-08T12:22:13.082488+00:00,CROIX ROUGE FRANCAISE (CRF)
93,77567227232317,admissible_et_classe,,2026-10-08T12:29:36.924400+00:00,CROIX ROUGE FRANCAISE (CRF)
94,77567227232523,admissible_et_classe,,2026-10-08T12:36:15.056676+00:00,CROIX ROUGE FRANCAISE (CRF)
77,77567227232556,admissible_et_classe,,2026-10-08T12:22:13.264564+00:00,CROIX ROUGE FRANCAISE (CRF)
77,77567227233430,admissible_et_classe,,2026-10-08T12:22:13.480287+00:00,CROIX ROUGE FRANCAISE (CRF)
94,77567227233448,admissible_et_classe,,2026-10-08T12:36:15.396555+00:00,CROIX ROUGE FRANCAISE (CRF)
77,77567227233463,admissible_et_classe,,2026-10-08T12:22:13.678823+00:00,CROIX ROUGE FRANCAISE (CRF)
93,77567227234362,admissible_et_classe,,2026-10-08T12:29:37.105113+00:00,CROIX ROUGE FRANCAISE (CRF)
93,77567227234560,admissible_et_classe,,2026-10-08T12:29:37.313482+00:00,CROIX ROUGE FRANCAISE (CRF)
77,77567227234578,admissible_et_classe,,2026-10-08T12:22:13.889654+00:00,CROIX ROUGE FRANCAISE (CRF)
77,77567227234693,admissible_et_classe,,2026-10-08T12:22:14.084248+00:00,CROIX ROUGE FRANCAISE (CRF)
94,77567227234909,admissible_et_classe,,2026-10-08T12:36:15.472969+00:00,CROIX ROUGE FRANCAISE (CRF)
93,77567227235351,admissible_et_classe,,2026-10-08T12:29:37.528774+00:00,CROIX ROUGE FRANCAISE (CRF)
94,77567227235369,admissible_et_classe,,2026-10-08T12:36:15.663985+00:00,CROIX ROUGE FRANCAISE (CRF)
77,77567227235708,admissible_et_classe,,2026-10-08T12:22:14.302399+00:00,CROIX ROUGE FRANCAISE (CRF)
93,77567227235765,admissible_et_classe,,2026-10-08T12:29:37.723985+00:00,CROIX ROUGE FRANCAISE (CRF)
77,77567227236102,admissible_et_classe,,2026-10-08T12:22:14.527157+00:00,CROIX ROUGE FRANCAISE (CRF)
77,77567227236409,admissible_et_classe,,2026-10-08T12:22:14.730979+00:00,CROIX ROUGE FRANCAISE (CRF)
77,77567227236706,admissible_et_classe,,2026-10-08T12:22:14.973936+00:00,CROIX ROUGE FRANCAISE (CRF)
94,77567227236714,admissible_et_classe,,2026-10-08T12:36:15.883102+00:00,CROIX ROUGE FRANCAISE (CRF)
77,77567227236797,admissible_et_classe,,2026-10-08T12:22:15.249708+00:00,CROIX ROUGE FRANCAISE (CRF)
77,77567227237787,admissible_et_classe,,2026-10-08T12:22:15.376754+00:00,CROIX ROUGE FRANCAISE (CRF)
77,77567227237811,admissible_et_classe,,2026-10-08T12:22:15.551172+00:00,CROIX ROUGE FRANCAISE (CRF)
94,77567227238322,admissible_et_classe,,2026-10-08T12:36:16.082017+00:00,CROIX ROUGE FRANCAISE (CRF)
94,77567227238942,admissible_et_classe,,2026-10-08T12:36:16.275419+00:00,CROIX ROUGE FRANCAISE (CRF)
94,77567227238967,admissible_et_classe,,2026-10-08T12:36:16.528743+00:00,CROIX ROUGE FRANCAISE (CRF)
94,77567227239148,admissible_et_classe,,2026-10-08T12:36:16.675497+00:00,CROIX ROUGE FRANCAISE (CRF)
77,77567227239569,admissible_et_classe,,2026-10-08T12:22:15.858007+00:00,CROIX ROUGE FRANCAISE (CRF)
77,77567227239593,admissible_et_classe,,2026-10-08T12:22:16.166743+00:00,CROIX ROUGE FRANCAISE (CRF)
94,77567227239692,admissible_et_classe,,2026-10-08T12:36:16.881850+00:00,CROIX ROUGE FRANCAISE (CRF)
94,77567227240351,admissible_et_classe,,2026-10-08T12:36:17.106515+00:00,CROIX ROUGE FRANCAISE (CRF)
77,77567227240369,admissible_et_classe,,2026-10-08T12:22:16.270670+00:00,CROIX ROUGE FRANCAISE (CRF)
77,77567227240393,admissible_et_classe,,2026-10-08T12:22:16.471976+00:00,CROIX ROUGE FRANCAISE (CRF)
77,77567227240401,admissible_et_classe,,2026-10-08T12:22:16.614103+00:00,CROIX ROUGE FRANCAISE (CRF)
94,77567227240476,admissible_et_classe,,2026-10-08T12:36:17.282889+00:00,CROIX ROUGE FRANCAISE (CRF)
77,77567227240567,admissible_et_classe,,2026-10-08T12:22:16.820788+00:00,CROIX ROUGE FRANCAISE (CRF)
77,77567227240591,admissible_et_classe,,2026-10-08T12:22:17.087737+00:00,CROIX ROUGE FRANCAISE (CRF)
94,77567227241177,admissible_et_classe,,2026-10-08T12:36:17.495688+00:00,CROIX ROUGE FRANCAISE (CRF)
94,77567227241201,admissible_et_classe,,2026-10-08T12:36:17.700943+00:00,CROIX ROUGE FRANCAISE (CRF)
94,77567227241219,admissible_et_classe,,2026-10-08T12:36:17.902750+00:00,CROIX ROUGE FRANCAISE (CRF)
94,77567227241227,admissible_et_classe,,2026-10-08T12:36:18.111073+00:00,CROIX ROUGE FRANCAISE (CRF)
94,77567227241250,admissible_et_classe,,2026-10-08T12:36:18.300769+00:00,CROIX ROUGE FRANCAISE (CRF)
94,77567227241318,admissible_et_classe,,2026-10-08T12:36:18.575001+00:00,CROIX ROUGE FRANCAISE (CRF)
93,77567559800665,admissible_et_classe,,2026-10-08T10:37:27.885490+00:00,ECLAIREUSES ET ECLAIREURS DE FRANCE (EEDF)
93,77567559802521,admissible_et_classe,,2026-10-08T12:29:37.920638+00:00,ECLAIREUSES ET ECLAIREURS DE FRANCE (EEDF)
77,77567559802810,admissible_et_classe,,2026-10-08T12:22:17.228782+00:00,ECLAIREUSES ET ECLAIREURS DE FRANCE (EEDF)
77,77567559803008,admissible_et_classe,,2026-10-08T12:22:17.422853+00:00,ECLAIREUSES ET ECLAIREURS DE FRANCE (EEDF)
93,77567559803040,admissible_et_classe,,2026-10-08T12:29:38.219563+00:00,ECLAIREUSES ET ECLAIREURS DE FRANCE (EEDF)
94,77567565502222,admissible_et_classe,,2026-10-08T12:36:18.779998+00:00,UNION NATIONALE DU SPORT SCOLAIRE (UNSS)
94,77567565502651,admissible_et_classe,,2026-10-08T12:36:18.993825+00:00,UNION NATIONALE DU SPORT SCOLAIRE (UNSS)
94,77567618201442,admissible_et_classe,,2026-10-08T12:36:19.207015+00:00,LE SOUVENIR FRANCAIS
94,77567618201459,admissible_et_classe,,2026-10-08T12:36:19.394223+00:00,LE SOUVENIR FRANCAIS
94,77567618201467,admissible_et_classe,,2026-10-08T12:36:19.599020+00:00,LE SOUVENIR FRANCAIS
94,77567618201475,admissible_et_classe,,2026-10-08T12:36:19.803661+00:00,LE SOUVENIR FRANCAIS
94,77567618201483,admissible_et_classe,,2026-10-08T12:36:20.148806+00:00,LE SOUVENIR FRANCAIS
94,77567618201491,admissible_et_classe,,2026-10-08T12:36:20.222014+00:00,LE SOUVENIR FRANCAIS
94,77567618201509,admissible_et_classe,,2026-10-08T12:36:20.385903+00:00,LE SOUVENIR FRANCAIS
94,77567618201517,admissible_et_classe,,2026-10-08T12:36:20.552060+00:00,LE SOUVENIR FRANCAIS
77,77567618202887,admissible_et_classe,,2026-10-08T10:36:39.227565+00:00,LE SOUVENIR FRANCAIS
77,77567618203174,admissible_et_classe,,2026-10-08T12:22:17.701188+00:00,LE SOUVENIR FRANCAIS
77,77567618204131,admissible_et_classe,,2026-10-08T12:22:17.906207+00:00,LE SOUVENIR FRANCAIS
94,77567618205252,admissible_et_classe,,2026-10-08T10:38:27.725451+00:00,LE SOUVENIR FRANCAIS
93,77567618205526,admissible_et_classe,,2026-10-08T10:37:28.047115+00:00,LE SOUVENIR FRANCAIS
93,77567618211094,admissible_et_classe,,2026-10-08T12:29:38.324974+00:00,LE SOUVENIR FRANCAIS
77,77567618211250,admissible_et_classe,,2026-10-08T12:22:18.142866+00:00,LE SOUVENIR FRANCAIS
93,77567618211276,admissible_et_classe,,2026-10-08T12:29:38.529070+00:00,LE SOUVENIR FRANCAIS
77,77567618211359,admissible_et_classe,,2026-10-08T12:22:18.315042+00:00,LE SOUVENIR FRANCAIS
77,77567618212456,admissible_et_classe,,2026-10-08T12:22:18.520917+00:00,LE SOUVENIR FRANCAIS
94,77567618214270,admissible_et_classe,,2026-10-08T12:36:20.766697+00:00,LE SOUVENIR FRANCAIS
77,77567618214361,admissible_et_classe,,2026-10-08T12:22:18.725326+00:00,LE SOUVENIR FRANCAIS
77,77567618214379,admissible_et_classe,,2026-10-08T12:22:18.931171+00:00,LE SOUVENIR FRANCAIS
77,77567618214387,admissible_et_classe,,2026-10-08T12:22:19.136904+00:00,LE SOUVENIR FRANCAIS
93,77567618214395,admissible_et_classe,,2026-10-08T12:29:38.739760+00:00,LE SOUVENIR FRANCAIS
77,77567618214809,admissible_et_classe,,2026-10-08T12:22:19.341202+00:00,LE SOUVENIR FRANCAIS
93,77567618214817,admissible_et_classe,,2026-10-08T12:29:38.941111+00:00,LE SOUVENIR FRANCAIS
77,77567618217232,admissible_et_classe,,2026-10-08T12:22:19.545469+00:00,LE SOUVENIR FRANCAIS
77,77567618217968,admissible_et_classe,,2026-10-08T12:22:19.772556+00:00,LE SOUVENIR FRANCAIS
77,77567618219519,admissible_et_classe,,2026-10-08T12:22:19.954833+00:00,LE SOUVENIR FRANCAIS
77,77567618219527,admissible_et_classe,,2026-10-08T12:22:20.158367+00:00,LE SOUVENIR FRANCAIS
77,77567618219816,admissible_et_classe,,2026-10-08T12:22:20.384556+00:00,LE SOUVENIR FRANCAIS
77,77567618219824,admissible_et_classe,,2026-10-08T12:22:20.504405+00:00,LE SOUVENIR FRANCAIS
77,77567618219832,admissible_et_classe,,2026-10-08T12:22:20.724046+00:00,LE SOUVENIR FRANCAIS
77,77567618219840,admissible_et_classe,,2026-10-08T12:22:20.909308+00:00,LE SOUVENIR FRANCAIS
77,77567618219857,admissible_et_classe,,2026-10-08T12:22:21.117547+00:00,LE SOUVENIR FRANCAIS
77,77567618219865,admissible_et_classe,,2026-10-08T12:22:21.325105+00:00,LE SOUVENIR FRANCAIS
77,77567618219873,admissible_et_classe,,2026-10-08T12:22:21.539049+00:00,LE SOUVENIR FRANCAIS
77,77567618219881,admissible_et_classe,,2026-10-08T12:22:21.731787+00:00,LE SOUVENIR FRANCAIS
77,77567618219899,admissible_et_classe,,2026-10-08T12:22:21.940197+00:00,LE SOUVENIR FRANCAIS
93,77567618220012,admissible_et_classe,,2026-10-08T12:29:39.135605+00:00,LE SOUVENIR FRANCAIS
93,77567618220020,admissible_et_classe,,2026-10-08T12:29:39.347986+00:00,LE SOUVENIR FRANCAIS
93,77567618220038,admissible_et_classe,,2026-10-08T12:29:39.547589+00:00,LE SOUVENIR FRANCAIS
93,77567618220046,admissible_et_classe,,2026-10-08T12:29:39.752463+00:00,LE SOUVENIR FRANCAIS
93,77567618220053,admissible_et_classe,,2026-10-08T12:29:39.951520+00:00,LE SOUVENIR FRANCAIS
94,77567618220061,admissible_et_classe,,2026-10-08T12:36:20.945405+00:00,LE SOUVENIR FRANCAIS
93,77567618220079,admissible_et_classe,,2026-10-08T12:29:40.188380+00:00,LE SOUVENIR FRANCAIS
93,77567618220178,admissible_et_classe,,2026-10-08T12:29:40.369019+00:00,LE SOUVENIR FRANCAIS
77,77567618220657,admissible_et_classe,,2026-10-08T12:22:22.257287+00:00,LE SOUVENIR FRANCAIS
93,77567858403385,admissible_et_classe,,2026-10-08T12:29:40.559867+00:00,MUTUELLE NATIONALE TERRITORIALE MNT
77,77568202401737,rejete_au_controle_actuel,sans_position,2026-10-08T12:22:22.428131+00:00,
94,77568204001964,admissible_et_classe,,2026-10-08T12:36:21.265892+00:00,UCPA SPORT VACANCES (UCPA)
77,77568476401587,admissible_et_classe,,2026-10-08T12:22:22.569962+00:00,SOCIETE MUTUELLE D'ASSURANCE DU BATIMENT ET DES TRAVAUX PUBLICS (S.M.A.B.T.P.)
94,77568476401926,admissible_et_classe,,2026-10-08T12:36:21.496973+00:00,SOCIETE MUTUELLE D'ASSURANCE DU BATIMENT ET DES TRAVAUX PUBLICS (S.M.A.B.T.P.)
77,77568476402338,admissible_et_classe,,2026-10-08T12:22:22.775359+00:00,SOCIETE MUTUELLE D'ASSURANCE DU BATIMENT ET DES TRAVAUX PUBLICS (S.M.A.B.T.P.)
93,77568497001093,admissible_et_classe,,2026-10-08T12:29:40.773712+00:00,ASSOCIATION AURORE
77,77568497001226,admissible_et_classe,,2026-10-08T12:22:22.987311+00:00,ASSOCIATION AURORE
93,77568497001259,admissible_et_classe,,2026-10-08T12:29:41.004858+00:00,ASSOCIATION AURORE
77,77568497001283,admissible_et_classe,,2026-10-08T12:22:23.183845+00:00,ASSOCIATION AURORE
93,77568497001317,admissible_et_classe,,2026-10-08T12:29:41.167789+00:00,ASSOCIATION AURORE
93,77568497001374,admissible_et_classe,,2026-10-08T12:29:41.395613+00:00,ASSOCIATION AURORE
93,77568497001523,admissible_et_classe,,2026-10-08T12:29:41.585702+00:00,ASSOCIATION AURORE
93,77568497001572,admissible_et_classe,,2026-10-08T12:29:41.781215+00:00,ASSOCIATION AURORE
94,77568497001580,admissible_et_classe,,2026-10-08T12:36:21.560865+00:00,ASSOCIATION AURORE
93,77568497001747,admissible_et_classe,,2026-10-08T12:29:42.001238+00:00,ASSOCIATION AURORE
93,77568497001754,admissible_et_classe,,2026-10-08T12:29:42.233167+00:00,ASSOCIATION AURORE
77,77568497001895,admissible_et_classe,,2026-10-08T12:22:23.396866+00:00,ASSOCIATION AURORE
94,77568497001994,admissible_et_classe,,2026-10-08T12:36:21.798424+00:00,ASSOCIATION AURORE
93,77568497002059,admissible_et_classe,,2026-10-08T12:29:42.392068+00:00,ASSOCIATION AURORE
94,77568497002174,admissible_et_classe,,2026-10-08T12:36:21.967635+00:00,ASSOCIATION AURORE
93,77568497002182,admissible_et_classe,,2026-10-08T12:29:42.596924+00:00,ASSOCIATION AURORE
93,77568497002208,admissible_et_classe,,2026-10-08T12:29:42.794428+00:00,ASSOCIATION AURORE
93,77568497002216,admissible_et_classe,,2026-10-08T12:29:43.000925+00:00,ASSOCIATION AURORE
93,77568497002224,admissible_et_classe,,2026-10-08T12:29:43.208874+00:00,ASSOCIATION AURORE
93,77568497002380,admissible_et_classe,,2026-10-08T12:29:43.412969+00:00,ASSOCIATION AURORE
93,77568497002489,admissible_et_classe,,2026-10-08T12:29:43.613423+00:00,ASSOCIATION AURORE
93,77568497002554,admissible_et_classe,,2026-10-08T12:29:43.811189+00:00,ASSOCIATION AURORE
93,77568497002596,admissible_et_classe,,2026-10-08T12:29:44.011737+00:00,ASSOCIATION AURORE
93,77568497002604,admissible_et_classe,,2026-10-08T12:29:44.212393+00:00,ASSOCIATION AURORE
93,77568497002612,admissible_et_classe,,2026-10-08T12:29:44.412243+00:00,ASSOCIATION AURORE
93,77568497002653,admissible_et_classe,,2026-10-08T12:29:44.636394+00:00,ASSOCIATION AURORE
93,77568497002711,admissible_et_classe,,2026-10-08T12:29:44.841779+00:00,ASSOCIATION AURORE
93,77568497002737,admissible_et_classe,,2026-10-08T12:29:45.021552+00:00,ASSOCIATION AURORE
94,77568497002844,admissible_et_classe,,2026-10-08T12:36:22.195021+00:00,ASSOCIATION AURORE
94,77568497002919,admissible_et_classe,,2026-10-08T12:36:22.597114+00:00,ASSOCIATION AURORE
93,77568497002927,admissible_et_classe,,2026-10-08T12:29:45.221213+00:00,ASSOCIATION AURORE
93,77568497002935,admissible_et_classe,,2026-10-08T12:29:45.431852+00:00,ASSOCIATION AURORE
93,77568497002968,admissible_et_classe,,2026-10-08T12:29:45.624804+00:00,ASSOCIATION AURORE
93,77568497002984,admissible_et_classe,,2026-10-08T12:29:45.840701+00:00,ASSOCIATION AURORE
93,77568497003008,admissible_et_classe,,2026-10-08T12:29:46.046479+00:00,ASSOCIATION AURORE
93,77568497003040,admissible_et_classe,,2026-10-08T12:29:46.248360+00:00,ASSOCIATION AURORE
77,77568497003057,admissible_et_classe,,2026-10-08T12:22:23.617224+00:00,ASSOCIATION AURORE
93,77568497003065,admissible_et_classe,,2026-10-08T12:29:46.465190+00:00,ASSOCIATION AURORE
94,77568497003081,admissible_et_classe,,2026-10-08T12:36:22.698304+00:00,ASSOCIATION AURORE
77,77568497003149,admissible_et_classe,,2026-10-08T12:22:23.810661+00:00,ASSOCIATION AURORE
77,77568497003164,admissible_et_classe,,2026-10-08T12:22:24.018947+00:00,ASSOCIATION AURORE
93,77568497003263,admissible_et_classe,,2026-10-08T12:29:46.651849+00:00,ASSOCIATION AURORE
77,77568497003271,admissible_et_classe,,2026-10-08T12:22:24.241269+00:00,ASSOCIATION AURORE
77,77568497003321,admissible_et_classe,,2026-10-08T12:22:24.421328+00:00,ASSOCIATION AURORE
93,77568497003339,admissible_et_classe,,2026-10-08T12:29:46.846411+00:00,ASSOCIATION AURORE
94,77568497003354,admissible_et_classe,,2026-10-08T12:36:22.886861+00:00,ASSOCIATION AURORE
93,77568497003438,admissible_et_classe,,2026-10-08T12:29:47.049524+00:00,ASSOCIATION AURORE
93,77568497003503,admissible_et_classe,,2026-10-08T12:29:47.249335+00:00,ASSOCIATION AURORE
93,77568497003537,admissible_et_classe,,2026-10-08T12:29:47.461005+00:00,ASSOCIATION AURORE
77,77568497003560,admissible_et_classe,,2026-10-08T12:22:24.632637+00:00,ASSOCIATION AURORE
93,77568497003602,admissible_et_classe,,2026-10-08T12:29:47.655606+00:00,ASSOCIATION AURORE
94,77568497003669,admissible_et_classe,,2026-10-08T12:36:22.984774+00:00,ASSOCIATION AURORE
93,77568497003719,admissible_et_classe,,2026-10-08T12:29:47.861800+00:00,ASSOCIATION AURORE
77,77568497003818,admissible_et_classe,,2026-10-08T12:22:24.820386+00:00,ASSOCIATION AURORE
93,77568497003826,admissible_et_classe,,2026-10-08T12:29:48.091196+00:00,ASSOCIATION AURORE
93,77568497003859,admissible_et_classe,,2026-10-08T12:29:48.264213+00:00,ASSOCIATION AURORE
93,77568497003909,admissible_et_classe,,2026-10-08T12:29:48.473155+00:00,ASSOCIATION AURORE
77,77568497003941,admissible_et_classe,,2026-10-08T12:22:25.039341+00:00,ASSOCIATION AURORE
93,77568497004006,admissible_et_classe,,2026-10-08T12:29:48.681066+00:00,ASSOCIATION AURORE
93,77568497004063,admissible_et_classe,,2026-10-08T12:29:48.867201+00:00,ASSOCIATION AURORE
94,77568497004097,admissible_et_classe,,2026-10-08T12:36:23.186416+00:00,ASSOCIATION AURORE
94,77568497004105,admissible_et_classe,,2026-10-08T12:36:23.387962+00:00,ASSOCIATION AURORE
94,77568497004220,admissible_et_classe,,2026-10-08T12:36:23.613558+00:00,ASSOCIATION AURORE
94,77568534003151,admissible_et_classe,,2026-10-08T12:36:23.797620+00:00,LA MUTUELLE GENERALE (MG)
93,77568534004068,admissible_et_classe,,2026-10-08T12:29:49.081864+00:00,LA MUTUELLE GENERALE (MG)
77,77568534004241,admissible_et_classe,,2026-10-08T12:22:25.251457+00:00,LA MUTUELLE GENERALE (MG)
93,77568539903678,admissible_et_classe,,2026-10-08T12:29:49.287200+00:00,MGEN (MGEN)
77,77568539903967,admissible_et_classe,,2026-10-08T12:22:25.451855+00:00,MGEN (MGEN)
93,77568550601094,admissible_et_classe,,2026-10-08T12:29:49.485355+00:00,GROUPE SOS JEUNESSE
93,77568550601102,admissible_et_classe,,2026-10-08T12:29:49.697899+00:00,GROUPE SOS JEUNESSE
93,77568550601235,admissible_et_classe,,2026-10-08T12:29:49.897749+00:00,GROUPE SOS JEUNESSE
93,77568550601326,admissible_et_classe,,2026-10-08T12:29:50.198298+00:00,GROUPE SOS JEUNESSE
77,77568550601433,admissible_et_classe,,2026-10-08T12:22:25.655164+00:00,GROUPE SOS JEUNESSE
77,77568550601730,admissible_et_classe,,2026-10-08T12:22:25.866084+00:00,GROUPE SOS JEUNESSE
77,77568550601771,admissible_et_classe,,2026-10-08T12:22:26.064545+00:00,GROUPE SOS JEUNESSE
77,77568873200202,admissible_et_classe,,2026-10-08T12:22:26.452683+00:00,APF FRANCE HANDICAP (APF)
77,77568873200228,admissible_et_classe,,2026-10-08T12:22:26.490770+00:00,APF FRANCE HANDICAP (APF)
77,77568873202091,admissible_et_classe,,2026-10-08T12:22:26.688959+00:00,APF FRANCE HANDICAP (APF)
93,77568873203180,admissible_et_classe,,2026-10-08T10:37:28.253341+00:00,APF FRANCE HANDICAP (APF)
77,77568873203230,admissible_et_classe,,2026-10-08T10:36:39.434513+00:00,APF FRANCE HANDICAP (APF)
93,77568873205771,admissible_et_classe,,2026-10-08T12:29:50.294660+00:00,APF FRANCE HANDICAP (APF)
77,77568873205805,admissible_et_classe,,2026-10-08T12:22:26.901278+00:00,APF FRANCE HANDICAP (APF)
77,77568873205813,admissible_et_classe,,2026-10-08T12:22:27.096497+00:00,APF FRANCE HANDICAP (APF)
94,77568873206076,admissible_et_classe,,2026-10-08T12:36:24.282481+00:00,APF FRANCE HANDICAP (APF)
93,77568873206217,admissible_et_classe,,2026-10-08T12:29:50.498105+00:00,APF FRANCE HANDICAP (APF)
94,77568873206324,admissible_et_classe,,2026-10-08T12:36:24.221533+00:00,APF FRANCE HANDICAP (APF)
93,77568873207223,admissible_et_classe,,2026-10-08T12:29:50.702699+00:00,APF FRANCE HANDICAP (APF)
93,77568873207819,admissible_et_classe,,2026-10-08T12:29:50.931970+00:00,APF FRANCE HANDICAP (APF)
93,77568873207835,admissible_et_classe,,2026-10-08T12:29:51.104935+00:00,APF FRANCE HANDICAP (APF)
77,77568873207926,admissible_et_classe,,2026-10-08T12:22:27.308917+00:00,APF FRANCE HANDICAP (APF)
77,77568873207942,admissible_et_classe,,2026-10-08T12:22:27.503723+00:00,APF FRANCE HANDICAP (APF)
93,77568873208023,admissible_et_classe,,2026-10-08T12:29:51.303929+00:00,APF FRANCE HANDICAP (APF)
94,77568873208049,admissible_et_classe,,2026-10-08T12:36:24.407604+00:00,APF FRANCE HANDICAP (APF)
94,77568873208056,admissible_et_classe,,2026-10-08T12:36:24.606652+00:00,APF FRANCE HANDICAP (APF)
77,77568873208601,admissible_et_classe,,2026-10-08T12:22:27.711251+00:00,APF FRANCE HANDICAP (APF)
77,77568873209302,admissible_et_classe,,2026-10-08T12:22:27.914589+00:00,APF FRANCE HANDICAP (APF)
77,77568873209617,admissible_et_classe,,2026-10-08T12:22:28.135327+00:00,APF FRANCE HANDICAP (APF)
93,77568873209633,admissible_et_classe,,2026-10-08T12:29:51.504884+00:00,APF FRANCE HANDICAP (APF)
94,77568873211993,admissible_et_classe,,2026-10-08T12:36:24.843493+00:00,APF FRANCE HANDICAP (APF)
77,77568873212066,admissible_et_classe,,2026-10-08T12:22:28.339392+00:00,APF FRANCE HANDICAP (APF)
94,77568873212397,admissible_et_classe,,2026-10-08T12:36:25.127160+00:00,APF FRANCE HANDICAP (APF)
93,77568873212413,admissible_et_classe,,2026-10-08T12:29:51.724914+00:00,APF FRANCE HANDICAP (APF)
93,77568873212462,admissible_et_classe,,2026-10-08T12:29:51.911500+00:00,APF FRANCE HANDICAP (APF)
93,77568873212470,admissible_et_classe,,2026-10-08T12:29:52.118646+00:00,APF FRANCE HANDICAP (APF)
93,77568873212488,admissible_et_classe,,2026-10-08T12:29:52.329301+00:00,APF FRANCE HANDICAP (APF)
93,77568873212496,admissible_et_classe,,2026-10-08T12:29:52.524662+00:00,APF FRANCE HANDICAP (APF)
94,77568873212546,admissible_et_classe,,2026-10-08T12:36:25.214953+00:00,APF FRANCE HANDICAP (APF)
94,77568873212637,admissible_et_classe,,2026-10-08T12:36:25.422759+00:00,APF FRANCE HANDICAP (APF)
94,77568873212785,admissible_et_classe,,2026-10-08T12:36:25.618164+00:00,APF FRANCE HANDICAP (APF)
93,77568873212827,admissible_et_classe,,2026-10-08T12:29:52.739089+00:00,APF FRANCE HANDICAP (APF)
77,77568907801751,admissible_et_classe,,2026-10-08T10:36:39.643461+00:00,OFFICE CENTRAL DE COOPERATION A L ECOLE (OCCE)
94,77568907801801,admissible_et_classe,,2026-10-08T10:38:28.028652+00:00,OFFICE CENTRAL DE COOPERATION A L ECOLE (OCCE)
93,77568907802379,admissible_et_classe,,2026-10-08T12:29:52.927509+00:00,OFFICE CENTRAL DE COOPERATION A L ECOLE (OCCE)
77,77569474800218,admissible_et_classe,,2026-10-08T12:22:28.527394+00:00,CAISSE CENTRALE ACTIVITE SOCIALE (CCAS)
77,77569474800226,admissible_et_classe,,2026-10-08T12:22:28.772266+00:00,CAISSE CENTRALE ACTIVITE SOCIALE (CCAS)
94,77569474804186,admissible_et_classe,,2026-10-08T12:36:25.826778+00:00,CAISSE CENTRALE ACTIVITE SOCIALE (CCAS)
93,77569474804400,admissible_et_classe,,2026-10-08T12:29:53.140275+00:00,CAISSE CENTRALE ACTIVITE SOCIALE (CCAS)
94,77569474804426,admissible_et_classe,,2026-10-08T12:36:26.034689+00:00,CAISSE CENTRALE ACTIVITE SOCIALE (CCAS)
93,77569474804863,admissible_et_classe,,2026-10-08T12:29:53.371543+00:00,CAISSE CENTRALE ACTIVITE SOCIALE (CCAS)
93,77569474808195,admissible_et_classe,,2026-10-08T12:29:53.545337+00:00,CAISSE CENTRALE ACTIVITE SOCIALE (CCAS)
93,77569474809227,admissible_et_classe,,2026-10-08T12:29:53.744594+00:00,CAISSE CENTRALE ACTIVITE SOCIALE (CCAS)
93,77569474810092,admissible_et_classe,,2026-10-08T12:29:54.033414+00:00,CAISSE CENTRALE ACTIVITE SOCIALE (CCAS)
77,77569474810365,admissible_et_classe,,2026-10-08T12:22:28.961108+00:00,CAISSE CENTRALE ACTIVITE SOCIALE (CCAS)
93,77569474810811,admissible_et_classe,,2026-10-08T12:29:54.186463+00:00,CAISSE CENTRALE ACTIVITE SOCIALE (CCAS)
93,77569474812288,admissible_et_classe,,2026-10-08T12:29:54.348023+00:00,CAISSE CENTRALE ACTIVITE SOCIALE (CCAS)
94,77570147701791,admissible_et_classe,,2026-10-08T10:38:28.169170+00:00,MUTUELLE ASSURANCE TRAVAILLEUR MUTUALISTE (MATMUT)
93,77570147704050,admissible_et_classe,,2026-10-08T12:29:54.553509+00:00,MUTUELLE ASSURANCE TRAVAILLEUR MUTUALISTE (MATMUT)
94,77570147704076,admissible_et_classe,,2026-10-08T12:36:26.230952+00:00,MUTUELLE ASSURANCE TRAVAILLEUR MUTUALISTE (MATMUT)
77,77570147705156,admissible_et_classe,,2026-10-08T12:22:29.153156+00:00,MUTUELLE ASSURANCE TRAVAILLEUR MUTUALISTE (MATMUT)
77,77570147705248,admissible_et_classe,,2026-10-08T12:22:29.354281+00:00,MUTUELLE ASSURANCE TRAVAILLEUR MUTUALISTE (MATMUT)
93,77570147705727,admissible_et_classe,,2026-10-08T12:29:54.762078+00:00,MUTUELLE ASSURANCE TRAVAILLEUR MUTUALISTE (MATMUT)
93,77570147706469,admissible_et_classe,,2026-10-08T12:29:54.963219+00:00,MUTUELLE ASSURANCE TRAVAILLEUR MUTUALISTE (MATMUT)
93,77570147706527,admissible_et_classe,,2026-10-08T12:29:55.162546+00:00,MUTUELLE ASSURANCE TRAVAILLEUR MUTUALISTE (MATMUT)
77,77570147706626,admissible_et_classe,,2026-10-08T12:22:29.564030+00:00,MUTUELLE ASSURANCE TRAVAILLEUR MUTUALISTE (MATMUT)
93,77570147707202,admissible_et_classe,,2026-10-08T12:29:55.383780+00:00,MUTUELLE ASSURANCE TRAVAILLEUR MUTUALISTE (MATMUT)
94,77570147707269,admissible_et_classe,,2026-10-08T12:36:26.454399+00:00,MUTUELLE ASSURANCE TRAVAILLEUR MUTUALISTE (MATMUT)
93,77570147707616,admissible_et_classe,,2026-10-08T12:29:55.561227+00:00,MUTUELLE ASSURANCE TRAVAILLEUR MUTUALISTE (MATMUT)
77,77570147709729,admissible_et_classe,,2026-10-08T12:22:29.805325+00:00,MUTUELLE ASSURANCE TRAVAILLEUR MUTUALISTE (MATMUT)
77,77570147709752,admissible_et_classe,,2026-10-08T12:22:29.977782+00:00,MUTUELLE ASSURANCE TRAVAILLEUR MUTUALISTE (MATMUT)
77,77570147710362,admissible_et_classe,,2026-10-08T12:22:30.170137+00:00,MUTUELLE ASSURANCE TRAVAILLEUR MUTUALISTE (MATMUT)
94,77570147710446,admissible_et_classe,,2026-10-08T12:36:26.732855+00:00,MUTUELLE ASSURANCE TRAVAILLEUR MUTUALISTE (MATMUT)
77,77570147711063,admissible_et_classe,,2026-10-08T12:22:30.378287+00:00,MUTUELLE ASSURANCE TRAVAILLEUR MUTUALISTE (MATMUT)
94,77570147711105,admissible_et_classe,,2026-10-08T12:36:27.099877+00:00,MUTUELLE ASSURANCE TRAVAILLEUR MUTUALISTE (MATMUT)
77,77570147711170,admissible_et_classe,,2026-10-08T12:22:30.576525+00:00,MUTUELLE ASSURANCE TRAVAILLEUR MUTUALISTE (MATMUT)
77,77570147713549,admissible_et_classe,,2026-10-08T12:22:30.778848+00:00,MUTUELLE ASSURANCE TRAVAILLEUR MUTUALISTE (MATMUT)
94,77570147713812,admissible_et_classe,,2026-10-08T12:36:27.185573+00:00,MUTUELLE ASSURANCE TRAVAILLEUR MUTUALISTE (MATMUT)
93,77570147714059,admissible_et_classe,,2026-10-08T12:29:55.767483+00:00,MUTUELLE ASSURANCE TRAVAILLEUR MUTUALISTE (MATMUT)
77,77570147714620,admissible_et_classe,,2026-10-08T12:22:30.987591+00:00,MUTUELLE ASSURANCE TRAVAILLEUR MUTUALISTE (MATMUT)
93,77570147714729,admissible_et_classe,,2026-10-08T12:29:55.970442+00:00,MUTUELLE ASSURANCE TRAVAILLEUR MUTUALISTE (MATMUT)
94,77570147714968,admissible_et_classe,,2026-10-08T12:36:27.285038+00:00,MUTUELLE ASSURANCE TRAVAILLEUR MUTUALISTE (MATMUT)
93,77570147715015,admissible_et_classe,,2026-10-08T12:29:56.268348+00:00,MUTUELLE ASSURANCE TRAVAILLEUR MUTUALISTE (MATMUT)
94,77570147715049,admissible_et_classe,,2026-10-08T12:36:27.445914+00:00,MUTUELLE ASSURANCE TRAVAILLEUR MUTUALISTE (MATMUT)
94,77570147715460,admissible_et_classe,,2026-10-08T12:36:27.675046+00:00,MUTUELLE ASSURANCE TRAVAILLEUR MUTUALISTE (MATMUT)
94,77570970203980,admissible_et_classe,,2026-10-08T12:36:28.053292+00:00,MUTUELLE ASSURANCE INSTITUTEUR FRANCE (MAIF)
93,77570970204129,admissible_et_classe,,2026-10-08T12:29:56.375933+00:00,MUTUELLE ASSURANCE INSTITUTEUR FRANCE (MAIF)
77,77572371101318,admissible_et_classe,,2026-10-08T12:22:31.189110+00:00,ADDICTIONS ALCOOL VIE LIBRE (AAVL)
77,77572641704768,admissible_et_classe,,2026-10-08T12:22:31.401770+00:00,KPMG
93,77734609900313,admissible_et_classe,,2026-10-08T10:37:28.469073+00:00,ASTURIENNE
94,78145251102042,admissible_et_classe,,2026-10-08T12:36:28.071196+00:00,MACIF (SA)
93,78145251102059,admissible_et_classe,,2026-10-08T12:29:56.598623+00:00,MACIF (SA)
93,78145251102547,admissible_et_classe,,2026-10-08T12:29:56.774128+00:00,MACIF (SA)
77,78145251103073,admissible_et_classe,,2026-10-08T12:22:31.636090+00:00,MACIF (SA)
93,78145251105599,admissible_et_classe,,2026-10-08T10:37:28.661201+00:00,MACIF (SA)
77,78145251107447,admissible_et_classe,,2026-10-08T12:22:32.008281+00:00,MACIF (SA)
77,78145251107454,admissible_et_classe,,2026-10-08T12:22:32.041775+00:00,MACIF (SA)
77,78145251107678,admissible_et_classe,,2026-10-08T12:22:32.222138+00:00,MACIF (SA)
94,78145251108239,admissible_et_classe,,2026-10-08T10:38:28.310716+00:00,MACIF (SA)
93,78145251108460,admissible_et_classe,,2026-10-08T12:29:56.982288+00:00,MACIF (SA)
77,78145251109047,admissible_et_classe,,2026-10-08T12:22:32.435088+00:00,MACIF (SA)
77,78145251109187,admissible_et_classe,,2026-10-08T12:22:32.658298+00:00,MACIF (SA)
94,78145251109195,admissible_et_classe,,2026-10-08T12:36:28.263247+00:00,MACIF (SA)
77,78145251109294,admissible_et_classe,,2026-10-08T12:22:32.849110+00:00,MACIF (SA)
77,78145251109823,admissible_et_classe,,2026-10-08T12:22:33.059607+00:00,MACIF (SA)
93,78145251110631,admissible_et_classe,,2026-10-08T12:29:57.177276+00:00,MACIF (SA)
93,78145251111613,admissible_et_classe,,2026-10-08T12:29:57.383878+00:00,MACIF (SA)
77,78145251111712,admissible_et_classe,,2026-10-08T12:22:33.264694+00:00,MACIF (SA)
77,78145251112041,admissible_et_classe,,2026-10-08T12:22:33.461908+00:00,MACIF (SA)
77,78430878500038,rejete_au_controle_actuel,sans_position,2026-10-08T12:22:33.663353+00:00,
77,78436348301675,admissible_et_classe,,2026-10-08T12:22:33.907709+00:00,UNAFAM
94,78457968201953,admissible_et_classe,,2026-10-08T12:36:28.477201+00:00,FEDERATION APAJH (FEDERATION APAJH)
93,78457968202449,admissible_et_classe,,2026-10-08T12:29:57.585076+00:00,FEDERATION APAJH (FEDERATION APAJH)
94,78457968203074,admissible_et_classe,,2026-10-08T12:36:28.665038+00:00,FEDERATION APAJH (FEDERATION APAJH)
94,78457968203082,admissible_et_classe,,2026-10-08T12:36:28.875209+00:00,FEDERATION APAJH (FEDERATION APAJH)
94,78457968203090,admissible_et_classe,,2026-10-08T12:36:29.073968+00:00,FEDERATION APAJH (FEDERATION APAJH)
94,78457968203108,admissible_et_classe,,2026-10-08T12:36:29.271629+00:00,FEDERATION APAJH (FEDERATION APAJH)
94,78457968203116,admissible_et_classe,,2026-10-08T12:36:29.477982+00:00,FEDERATION APAJH (FEDERATION APAJH)
94,78457968203124,admissible_et_classe,,2026-10-08T12:36:29.675890+00:00,FEDERATION APAJH (FEDERATION APAJH)
94,78457968203132,admissible_et_classe,,2026-10-08T12:36:29.884596+00:00,FEDERATION APAJH (FEDERATION APAJH)
94,78457968203140,admissible_et_classe,,2026-10-08T12:36:30.087201+00:00,FEDERATION APAJH (FEDERATION APAJH)
94,78457968203157,admissible_et_classe,,2026-10-08T12:36:30.281363+00:00,FEDERATION APAJH (FEDERATION APAJH)
94,78457968203165,admissible_et_classe,,2026-10-08T12:36:30.556130+00:00,FEDERATION APAJH (FEDERATION APAJH)
94,78457968203173,admissible_et_classe,,2026-10-08T12:36:30.768750+00:00,FEDERATION APAJH (FEDERATION APAJH)
94,78457968203181,admissible_et_classe,,2026-10-08T12:36:30.968877+00:00,FEDERATION APAJH (FEDERATION APAJH)
94,78457968203199,admissible_et_classe,,2026-10-08T12:36:31.176610+00:00,FEDERATION APAJH (FEDERATION APAJH)
77,78490258700012,rejete_au_controle_actuel,sans_position,2026-10-08T12:22:34.092129+00:00,
77,78491291700019,rejete_au_controle_actuel,sans_position,2026-10-08T12:22:34.280500+00:00,
77,78491942500032,rejete_au_controle_actuel,sans_position,2026-10-08T12:22:34.508620+00:00,
77,78492592700021,rejete_au_controle_actuel,sans_position,2026-10-08T12:22:34.687224+00:00,
77,78492808700013,rejete_au_controle_actuel,sans_position,2026-10-08T12:22:34.977933+00:00,
77,78493158600019,rejete_au_controle_actuel,sans_position,2026-10-08T12:22:35.109872+00:00,
77,78493968800056,admissible_et_classe,,2026-10-08T12:22:35.388311+00:00,PICARD SURGELES
77,78493968800106,admissible_et_classe,,2026-10-08T12:22:35.522424+00:00,PICARD SURGELES
77,78493968800213,admissible_et_classe,,2026-10-08T12:22:35.737236+00:00,PICARD SURGELES
94,78493968800452,admissible_et_classe,,2026-10-08T12:36:31.416709+00:00,PICARD SURGELES
94,78493968800627,admissible_et_classe,,2026-10-08T12:36:31.594078+00:00,PICARD SURGELES
93,78493968800676,admissible_et_classe,,2026-10-08T12:29:57.792750+00:00,PICARD SURGELES
94,78493968800841,admissible_et_classe,,2026-10-08T12:36:31.794114+00:00,PICARD SURGELES
77,78493968800940,admissible_et_classe,,2026-10-08T12:22:35.937745+00:00,PICARD SURGELES
94,78493968801005,admissible_et_classe,,2026-10-08T12:36:31.989025+00:00,PICARD SURGELES
94,78493968801021,admissible_et_classe,,2026-10-08T12:36:32.351176+00:00,PICARD SURGELES
77,78493968801054,admissible_et_classe,,2026-10-08T12:22:36.139119+00:00,PICARD SURGELES
94,78493968801120,admissible_et_classe,,2026-10-08T12:36:32.603598+00:00,PICARD SURGELES
94,78493968801153,admissible_et_classe,,2026-10-08T12:36:32.512905+00:00,PICARD SURGELES
77,78493968801443,admissible_et_classe,,2026-10-08T12:22:36.371268+00:00,PICARD SURGELES
93,78493968801450,admissible_et_classe,,2026-10-08T12:29:58.012558+00:00,PICARD SURGELES
94,78493968801666,admissible_et_classe,,2026-10-08T12:36:32.719413+00:00,PICARD SURGELES
77,78493968801849,admissible_et_classe,,2026-10-08T12:22:36.552207+00:00,PICARD SURGELES
77,78493968802177,admissible_et_classe,,2026-10-08T10:36:39.850016+00:00,PICARD SURGELES
93,78493968802235,admissible_et_classe,,2026-10-08T10:37:28.871272+00:00,PICARD SURGELES
77,78493968802243,admissible_et_classe,,2026-10-08T10:36:40.055894+00:00,PICARD SURGELES
94,78493968802292,admissible_et_classe,,2026-10-08T10:38:28.527268+00:00,PICARD SURGELES
94,78493968802565,admissible_et_classe,,2026-10-08T10:38:28.741327+00:00,PICARD SURGELES
77,78493968802623,admissible_et_classe,,2026-10-08T10:36:40.265238+00:00,PICARD SURGELES
77,78493968802672,admissible_et_classe,,2026-10-08T10:36:40.472079+00:00,PICARD SURGELES
94,78493968802748,admissible_et_classe,,2026-10-08T10:38:28.937548+00:00,PICARD SURGELES
94,78493968802755,admissible_et_classe,,2026-10-08T10:38:29.141164+00:00,PICARD SURGELES
77,78493968802912,admissible_et_classe,,2026-10-08T10:36:40.681792+00:00,PICARD SURGELES
77,78493968802979,admissible_et_classe,,2026-10-08T10:36:40.890639+00:00,PICARD SURGELES
94,78493968803027,admissible_et_classe,,2026-10-08T10:38:29.359559+00:00,PICARD SURGELES
77,78493968803043,admissible_et_classe,,2026-10-08T10:36:41.080254+00:00,PICARD SURGELES
94,78493968803092,admissible_et_classe,,2026-10-08T10:38:29.593014+00:00,PICARD SURGELES
77,78493968803100,admissible_et_classe,,2026-10-08T10:36:41.287769+00:00,PICARD SURGELES
93,78493968804280,admissible_et_classe,,2026-10-08T12:29:58.278418+00:00,PICARD SURGELES
93,78493968804330,admissible_et_classe,,2026-10-08T12:29:58.422490+00:00,PICARD SURGELES
93,78493968804363,admissible_et_classe,,2026-10-08T12:29:58.647739+00:00,PICARD SURGELES
94,78493968804405,admissible_et_classe,,2026-10-08T12:36:32.928261+00:00,PICARD SURGELES
94,78493968805097,admissible_et_classe,,2026-10-08T12:36:33.299562+00:00,PICARD SURGELES
94,78493968805139,admissible_et_classe,,2026-10-08T12:36:33.354587+00:00,PICARD SURGELES
94,78493968805147,admissible_et_classe,,2026-10-08T12:36:33.595789+00:00,PICARD SURGELES
93,78493968805444,admissible_et_classe,,2026-10-08T12:29:58.809077+00:00,PICARD SURGELES
94,78493968805485,admissible_et_classe,,2026-10-08T12:36:33.727801+00:00,PICARD SURGELES
93,78493968805949,admissible_et_classe,,2026-10-08T12:29:59.017418+00:00,PICARD SURGELES
77,78493968805972,admissible_et_classe,,2026-10-08T12:22:36.861755+00:00,PICARD SURGELES
93,78493968806095,admissible_et_classe,,2026-10-08T12:29:59.240814+00:00,PICARD SURGELES
93,78493968806400,admissible_et_classe,,2026-10-08T12:29:59.410640+00:00,PICARD SURGELES
94,78493968806699,admissible_et_classe,,2026-10-08T12:36:33.956876+00:00,PICARD SURGELES
94,78493968806830,admissible_et_classe,,2026-10-08T12:36:34.223119+00:00,PICARD SURGELES
94,78493968806947,admissible_et_classe,,2026-10-08T12:36:34.343955+00:00,PICARD SURGELES
94,78493968806954,admissible_et_classe,,2026-10-08T12:36:34.542566+00:00,PICARD SURGELES
77,78493968806988,admissible_et_classe,,2026-10-08T12:22:36.968066+00:00,PICARD SURGELES
77,78493968806996,admissible_et_classe,,2026-10-08T12:22:37.167580+00:00,PICARD SURGELES
77,78493968807002,admissible_et_classe,,2026-10-08T12:22:37.378077+00:00,PICARD SURGELES
94,78493968807267,admissible_et_classe,,2026-10-08T12:36:34.991433+00:00,PICARD SURGELES
77,78493968807432,admissible_et_classe,,2026-10-08T12:22:37.596033+00:00,PICARD SURGELES
77,78493968807515,admissible_et_classe,,2026-10-08T12:22:37.817473+00:00,PICARD SURGELES
94,78493968807523,admissible_et_classe,,2026-10-08T12:36:35.201552+00:00,PICARD SURGELES
93,78493968807614,admissible_et_classe,,2026-10-08T12:29:59.640640+00:00,PICARD SURGELES
77,78493968807630,admissible_et_classe,,2026-10-08T12:22:37.996685+00:00,PICARD SURGELES
77,78493968807770,admissible_et_classe,,2026-10-08T12:22:38.205493+00:00,PICARD SURGELES
94,78493968808273,admissible_et_classe,,2026-10-08T12:36:35.204400+00:00,PICARD SURGELES
94,78493968808281,admissible_et_classe,,2026-10-08T12:36:35.485148+00:00,PICARD SURGELES
77,78493968808372,admissible_et_classe,,2026-10-08T12:22:38.489072+00:00,PICARD SURGELES
94,78493968808646,admissible_et_classe,,2026-10-08T12:36:35.565089+00:00,PICARD SURGELES
93,78493968808661,admissible_et_classe,,2026-10-08T12:29:59.822533+00:00,PICARD SURGELES
93,78493968808786,admissible_et_classe,,2026-10-08T12:30:00.022924+00:00,PICARD SURGELES
77,78493968808869,admissible_et_classe,,2026-10-08T12:22:38.696021+00:00,PICARD SURGELES
94,78493968809156,admissible_et_classe,,2026-10-08T12:36:35.895788+00:00,PICARD SURGELES
93,78493968809602,admissible_et_classe,,2026-10-08T12:30:00.228590+00:00,PICARD SURGELES
93,78493968809610,admissible_et_classe,,2026-10-08T12:30:00.426186+00:00,PICARD SURGELES
77,78493968809693,admissible_et_classe,,2026-10-08T12:22:38.899731+00:00,PICARD SURGELES
77,78493968809883,admissible_et_classe,,2026-10-08T12:22:39.103122+00:00,PICARD SURGELES
94,78493968810048,admissible_et_classe,,2026-10-08T12:36:36.041410+00:00,PICARD SURGELES
94,78493968810089,admissible_et_classe,,2026-10-08T12:36:36.171609+00:00,PICARD SURGELES
77,78493968810097,admissible_et_classe,,2026-10-08T12:22:39.308029+00:00,PICARD SURGELES
94,78493968810378,admissible_et_classe,,2026-10-08T12:36:36.380338+00:00,PICARD SURGELES
77,78493968810477,admissible_et_classe,,2026-10-08T12:22:39.513947+00:00,PICARD SURGELES
94,78493968810550,admissible_et_classe,,2026-10-08T12:36:36.574457+00:00,PICARD SURGELES
77,78493968810568,admissible_et_classe,,2026-10-08T12:22:39.721249+00:00,PICARD SURGELES
93,78493968810634,admissible_et_classe,,2026-10-08T12:30:00.626948+00:00,PICARD SURGELES
77,78493968810725,admissible_et_classe,,2026-10-08T12:22:39.923404+00:00,PICARD SURGELES
93,78493968810808,admissible_et_classe,,2026-10-08T12:30:00.832028+00:00,PICARD SURGELES
93,78493968810873,admissible_et_classe,,2026-10-08T12:30:01.029974+00:00,PICARD SURGELES
93,78493968810899,admissible_et_classe,,2026-10-08T12:30:01.241526+00:00,PICARD SURGELES
77,78493968810915,admissible_et_classe,,2026-10-08T12:22:40.231230+00:00,PICARD SURGELES
77,78493968811004,admissible_et_classe,,2026-10-08T12:22:40.332952+00:00,PICARD SURGELES
93,78493968811194,admissible_et_classe,,2026-10-08T12:30:01.483421+00:00,PICARD SURGELES
94,78493968811392,admissible_et_classe,,2026-10-08T12:36:36.769687+00:00,PICARD SURGELES
94,78493968811442,admissible_et_classe,,2026-10-08T12:36:36.990887+00:00,PICARD SURGELES
93,78493968811624,admissible_et_classe,,2026-10-08T12:30:01.642574+00:00,PICARD SURGELES
77,78493968811715,admissible_et_classe,,2026-10-08T12:22:40.511897+00:00,PICARD SURGELES
93,78493968811723,admissible_et_classe,,2026-10-08T12:30:01.843603+00:00,PICARD SURGELES
77,78493968811780,admissible_et_classe,,2026-10-08T12:22:40.703219+00:00,PICARD SURGELES
94,78493968811855,admissible_et_classe,,2026-10-08T12:36:37.298655+00:00,PICARD SURGELES
94,78493968811988,admissible_et_classe,,2026-10-08T12:36:37.385824+00:00,PICARD SURGELES
94,78493968812119,admissible_et_classe,,2026-10-08T12:36:37.581834+00:00,PICARD SURGELES
77,78493968812150,admissible_et_classe,,2026-10-08T12:22:40.893492+00:00,PICARD SURGELES
93,78493968812176,admissible_et_classe,,2026-10-08T12:30:02.041992+00:00,PICARD SURGELES
93,78493968812358,admissible_et_classe,,2026-10-08T12:30:02.255252+00:00,PICARD SURGELES
77,78494248400014,rejete_au_controle_actuel,sans_position,2026-10-08T12:22:41.167533+00:00,
77,78494469600011,rejete_au_controle_actuel,sans_position,2026-10-08T12:22:41.303870+00:00,
77,78494509900017,rejete_au_controle_actuel,sans_position,2026-10-08T12:22:41.507113+00:00,
77,78497191300446,rejete_au_controle_actuel,sans_position,2026-10-08T12:22:41.712915+00:00,
77,78500949900019,rejete_au_controle_actuel,sans_position,2026-10-08T12:22:41.915354+00:00,
94,78578349900011,rejete_au_controle_actuel,sans_position,2026-10-08T12:36:37.765295+00:00,
94,78579243301314,admissible_et_classe,,2026-10-08T12:36:38.153252+00:00,RELAIS COLIS (RELAIS COLIS)
77,78615039100070,rejete_au_controle_actuel,sans_position,2026-10-08T12:22:42.135299+00:00,
93,78692030600374,admissible_et_classe,,2026-10-08T10:37:29.081414+00:00,CORA
77,78692030600804,admissible_et_classe,,2026-10-08T10:36:41.514769+00:00,CORA
94,78692030601026,admissible_et_classe,,2026-10-08T10:38:29.773844+00:00,CORA
94,78898726100021,rejete_au_controle_actuel,sans_position,2026-10-08T12:36:38.449420+00:00,
93,78926800000021,rejete_au_controle_actuel,sans_position,2026-10-08T12:30:02.466308+00:00,
77,79004978700043,rejete_au_controle_actuel,sans_position,2026-10-08T12:22:42.341520+00:00,
93,79012959700031,rejete_au_classement,hors_filtre_nom,2026-10-08T12:30:02.649739+00:00,CHRONODIAGS
77,79018467501712,admissible_et_classe,,2026-10-08T12:22:42.545587+00:00,BUREAU VERITAS EXPLOITATION
93,79018467501894,admissible_et_classe,,2026-10-08T12:30:02.865862+00:00,BUREAU VERITAS EXPLOITATION
77,79029645300018,rejete_au_classement,hors_filtre_nom,2026-10-08T12:22:42.756328+00:00,ABALIS DIAGNOSTICS IMMOBILIERS (ABALIS DIAGNOSTICS IMMOBILIERS)
93,79032619300048,rejete_au_controle_actuel,ferme_ou_autre_departement,2026-10-08T10:37:29.271452+00:00,
94,79060871500039,rejete_au_classement,hors_filtre_nom,2026-10-08T12:36:38.645048+00:00,ZENDIAG
77,79081169900012,rejete_au_controle_actuel,sans_position,2026-10-08T12:22:42.967228+00:00,
93,79085046500036,rejete_au_controle_actuel,sans_position,2026-10-08T12:30:03.059073+00:00,
77,79119476400019,rejete_au_controle_actuel,sans_position,2026-10-08T12:22:43.173167+00:00,
94,79127873200023,rejete_au_classement,hors_filtre_nom,2026-10-08T12:36:38.952075+00:00,DIAGNOTEC
94,79148134400731,admissible_et_classe,,2026-10-08T10:38:29.987204+00:00,A2MICILE REGION CENTRE (DOMALIANCE)
77,79200891400063,rejete_au_classement,hors_filtre_nom,2026-10-08T12:22:43.375364+00:00,ENVIRONNEMENT VEHICULES INDUSTRIELS
77,79234698300010,rejete_au_classement,hors_filtre_nom,2026-10-08T12:22:43.594888+00:00,PSD (PARIS SUD DIAGNOSTICS)
77,79278765700016,rejete_au_controle_actuel,sans_position,2026-10-08T12:22:43.793101+00:00,
93,79341723900027,rejete_au_controle_actuel,ferme_ou_autre_departement,2026-10-08T12:30:03.265331+00:00,
77,79396003000013,rejete_au_classement,hors_filtre_nom,2026-10-08T12:22:44.234538+00:00,GEOLAB
93,79419443100027,rejete_au_classement,hors_filtre_nom,2026-10-08T12:30:03.463878+00:00,ABC INOX (ABC INOX)
93,79470435300018,rejete_au_controle_actuel,unite_non_active,2026-10-08T12:30:03.662852+00:00,
77,79473619900025,rejete_au_controle_actuel,sans_position,2026-10-08T12:22:44.411658+00:00,
77,79530693500029,rejete_au_controle_actuel,sans_position,2026-10-08T12:22:44.611431+00:00,
77,79748889700027,rejete_au_controle_actuel,sans_position,2026-10-08T12:22:44.807514+00:00,
77,79789589300023,rejete_au_controle_actuel,sans_position,2026-10-08T12:22:45.017786+00:00,
94,79801977401469,admissible_et_classe,,2026-10-08T12:36:39.055168+00:00,CIGUSTO FRANCE
94,79801977401493,admissible_et_classe,,2026-10-08T12:36:39.267932+00:00,CIGUSTO FRANCE
94,79801977401501,admissible_et_classe,,2026-10-08T12:36:39.470142+00:00,CIGUSTO FRANCE
94,79801977401527,admissible_et_classe,,2026-10-08T12:36:39.669543+00:00,CIGUSTO FRANCE
94,79801977401535,admissible_et_classe,,2026-10-08T12:36:39.879770+00:00,CIGUSTO FRANCE
94,79801977401568,admissible_et_classe,,2026-10-08T12:36:40.090165+00:00,CIGUSTO FRANCE
77,79815681600034,rejete_au_controle_actuel,sans_position,2026-10-08T12:22:45.231561+00:00,
94,79823301100062,admissible_et_classe,,2026-10-08T10:38:30.380743+00:00,BASIC-FIT FRANCE (BASIC FIT FRANCE)
93,79823301100450,admissible_et_classe,,2026-10-08T10:37:29.478320+00:00,BASIC-FIT FRANCE (BASIC FIT FRANCE)
93,79823301100468,admissible_et_classe,,2026-10-08T10:37:29.689074+00:00,BASIC-FIT FRANCE (BASIC FIT FRANCE)
93,79823301101458,admissible_et_classe,,2026-10-08T12:30:03.874918+00:00,BASIC-FIT FRANCE (BASIC FIT FRANCE)
94,79823301101698,admissible_et_classe,,2026-10-08T12:36:40.301373+00:00,BASIC-FIT FRANCE (BASIC FIT FRANCE)
94,79823301101821,admissible_et_classe,,2026-10-08T12:36:40.478797+00:00,BASIC-FIT FRANCE (BASIC FIT FRANCE)
77,79823301101904,admissible_et_classe,,2026-10-08T12:22:45.447849+00:00,BASIC-FIT FRANCE (BASIC FIT FRANCE)
77,79823301102027,admissible_et_classe,,2026-10-08T12:22:45.656773+00:00,BASIC-FIT FRANCE (BASIC FIT FRANCE)
77,79823301102035,admissible_et_classe,,2026-10-08T12:22:45.869939+00:00,BASIC-FIT FRANCE (BASIC FIT FRANCE)
93,79823301102159,admissible_et_classe,,2026-10-08T12:30:04.105205+00:00,BASIC-FIT FRANCE (BASIC FIT FRANCE)
93,79823301102233,admissible_et_classe,,2026-10-08T12:30:04.285205+00:00,BASIC-FIT FRANCE (BASIC FIT FRANCE)
94,79823301102456,admissible_et_classe,,2026-10-08T12:36:40.743350+00:00,BASIC-FIT FRANCE (BASIC FIT FRANCE)
93,79823301102555,admissible_et_classe,,2026-10-08T12:30:04.487721+00:00,BASIC-FIT FRANCE (BASIC FIT FRANCE)
93,79823301102753,admissible_et_classe,,2026-10-08T12:30:04.692188+00:00,BASIC-FIT FRANCE (BASIC FIT FRANCE)
93,79823301102894,admissible_et_classe,,2026-10-08T12:30:04.902235+00:00,BASIC-FIT FRANCE (BASIC FIT FRANCE)
77,79823301103272,admissible_et_classe,,2026-10-08T10:36:41.779194+00:00,BASIC-FIT FRANCE (BASIC FIT FRANCE)
77,79823301103280,admissible_et_classe,,2026-10-08T10:36:41.930367+00:00,BASIC-FIT FRANCE (BASIC FIT FRANCE)
77,79823301103322,admissible_et_classe,,2026-10-08T10:36:42.129638+00:00,BASIC-FIT FRANCE (BASIC FIT FRANCE)
77,79823301103355,admissible_et_classe,,2026-10-08T10:36:42.332824+00:00,BASIC-FIT FRANCE (BASIC FIT FRANCE)
94,79823301103603,admissible_et_classe,,2026-10-08T12:36:40.821089+00:00,BASIC-FIT FRANCE (BASIC FIT FRANCE)
77,79823301103744,admissible_et_classe,,2026-10-08T10:36:42.537697+00:00,BASIC-FIT FRANCE (BASIC FIT FRANCE)
93,79823301103918,admissible_et_classe,,2026-10-08T12:30:05.098778+00:00,BASIC-FIT FRANCE (BASIC FIT FRANCE)
93,79823301103926,admissible_et_classe,,2026-10-08T12:30:05.317817+00:00,BASIC-FIT FRANCE (BASIC FIT FRANCE)
93,79823301104221,admissible_et_classe,,2026-10-08T12:30:05.506871+00:00,BASIC-FIT FRANCE (BASIC FIT FRANCE)
77,79823301104304,admissible_et_classe,,2026-10-08T12:22:46.072281+00:00,BASIC-FIT FRANCE (BASIC FIT FRANCE)
94,79823301104643,admissible_et_classe,,2026-10-08T12:36:41.014746+00:00,BASIC-FIT FRANCE (BASIC FIT FRANCE)
77,79823301104692,admissible_et_classe,,2026-10-08T12:22:46.267583+00:00,BASIC-FIT FRANCE (BASIC FIT FRANCE)
77,79823301104718,admissible_et_classe,,2026-10-08T12:22:46.485265+00:00,BASIC-FIT FRANCE (BASIC FIT FRANCE)
94,79823301104759,admissible_et_classe,,2026-10-08T12:36:41.222496+00:00,BASIC-FIT FRANCE (BASIC FIT FRANCE)
93,79823301104783,admissible_et_classe,,2026-10-08T12:30:05.738055+00:00,BASIC-FIT FRANCE (BASIC FIT FRANCE)
93,79823301104882,admissible_et_classe,,2026-10-08T12:30:05.908112+00:00,BASIC-FIT FRANCE (BASIC FIT FRANCE)
93,79823301105152,admissible_et_classe,,2026-10-08T12:30:06.317233+00:00,BASIC-FIT FRANCE (BASIC FIT FRANCE)
94,79823301105178,admissible_et_classe,,2026-10-08T12:36:41.429074+00:00,BASIC-FIT FRANCE (BASIC FIT FRANCE)
93,79823301105285,admissible_et_classe,,2026-10-08T12:30:06.385985+00:00,BASIC-FIT FRANCE (BASIC FIT FRANCE)
77,79823301105459,admissible_et_classe,,2026-10-08T12:22:46.680346+00:00,BASIC-FIT FRANCE (BASIC FIT FRANCE)
94,79823301105533,admissible_et_classe,,2026-10-08T12:36:41.636390+00:00,BASIC-FIT FRANCE (BASIC FIT FRANCE)
93,79823301105723,admissible_et_classe,,2026-10-08T12:30:06.572109+00:00,BASIC-FIT FRANCE (BASIC FIT FRANCE)
93,79823301105905,admissible_et_classe,,2026-10-08T12:30:06.771863+00:00,BASIC-FIT FRANCE (BASIC FIT FRANCE)
93,79823301106036,admissible_et_classe,,2026-10-08T12:30:06.983293+00:00,BASIC-FIT FRANCE (BASIC FIT FRANCE)
77,79823301106275,admissible_et_classe,,2026-10-08T12:22:46.876136+00:00,BASIC-FIT FRANCE (BASIC FIT FRANCE)
93,79823301106283,admissible_et_classe,,2026-10-08T12:30:07.183370+00:00,BASIC-FIT FRANCE (BASIC FIT FRANCE)
77,79823301106515,admissible_et_classe,,2026-10-08T12:22:47.080798+00:00,BASIC-FIT FRANCE (BASIC FIT FRANCE)
93,79823301106804,admissible_et_classe,,2026-10-08T12:30:07.397084+00:00,BASIC-FIT FRANCE (BASIC FIT FRANCE)
77,79823301108511,admissible_et_classe,,2026-10-08T12:22:47.285174+00:00,BASIC-FIT FRANCE (BASIC FIT FRANCE)
93,79823301108560,admissible_et_classe,,2026-10-08T12:30:07.585771+00:00,BASIC-FIT FRANCE (BASIC FIT FRANCE)
77,79823301108701,admissible_et_classe,,2026-10-08T12:22:47.502698+00:00,BASIC-FIT FRANCE (BASIC FIT FRANCE)
93,79823301108909,admissible_et_classe,,2026-10-08T12:30:07.802265+00:00,BASIC-FIT FRANCE (BASIC FIT FRANCE)
93,79823301108917,admissible_et_classe,,2026-10-08T12:30:07.989759+00:00,BASIC-FIT FRANCE (BASIC FIT FRANCE)
93,79823301109030,admissible_et_classe,,2026-10-08T12:30:08.194505+00:00,BASIC-FIT FRANCE (BASIC FIT FRANCE)
77,79823301109048,admissible_et_classe,,2026-10-08T12:22:47.702069+00:00,BASIC-FIT FRANCE (BASIC FIT FRANCE)
77,79823301109188,admissible_et_classe,,2026-10-08T12:22:47.889679+00:00,BASIC-FIT FRANCE (BASIC FIT FRANCE)
94,79823301109287,admissible_et_classe,,2026-10-08T12:36:41.830319+00:00,BASIC-FIT FRANCE (BASIC FIT FRANCE)
93,79823301109337,admissible_et_classe,,2026-10-08T12:30:08.403122+00:00,BASIC-FIT FRANCE (BASIC FIT FRANCE)
93,79828683700041,rejete_au_classement,hors_filtre_nom,2026-10-08T12:30:08.585981+00:00,CAPDIAGNOSTIC
94,79832666600020,rejete_au_controle_actuel,sans_position,2026-10-08T12:36:42.031737+00:00,
94,79840569200020,rejete_au_classement,hors_filtre_nom,2026-10-08T12:36:42.219115+00:00,HPE FRANCE (HPE DIAGNOSTICS)
94,79845311400018,rejete_au_classement,hors_filtre_nom,2026-10-08T12:36:42.571556+00:00,SOCIETE D EXPLOITATION QUALICONTROLE (S E Q)
77,79846590200038,rejete_au_classement,hors_filtre_nom,2026-10-08T12:22:48.086216+00:00,CONTROLES & COORDINATIONS
77,79889189100029,rejete_au_classement,hors_filtre_nom,2026-10-08T12:22:48.306608+00:00,THE DESIGN WORKSHOP (THE DESIGN WORKSHOP) (TDW)
77,79890155900020,rejete_au_controle_actuel,sans_position,2026-10-08T12:22:48.501465+00:00,
93,79903186900024,rejete_au_classement,hors_filtre_nom,2026-10-08T12:30:08.791636+00:00,30 X 40 RECADRE
94,79905214700037,rejete_au_controle_actuel,sans_position,2026-10-08T12:36:42.656918+00:00,
94,79906608900019,rejete_au_classement,hors_filtre_nom,2026-10-08T12:36:42.831194+00:00,TRUSTDIAG
93,79939571000038,rejete_au_classement,hors_filtre_nom,2026-10-08T12:30:08.992365+00:00,IS EXPLOITATION ET CERTIFICATION (ISEC)
94,79992926000021,rejete_au_classement,hors_filtre_nom,2026-10-08T12:36:43.043113+00:00,CABINET LEROY-DIPP (CABINET LEROY-DIPP)
77,79996508200024,rejete_au_controle_actuel,naf_unite_hors_liste,2026-10-08T12:22:48.702068+00:00,
77,80029366400069,rejete_au_controle_actuel,sans_position,2026-10-08T12:22:48.919630+00:00,
77,80029366400085,rejete_au_controle_actuel,sans_position,2026-10-08T12:22:49.246649+00:00,
94,80089508800378,admissible_et_classe,,2026-10-08T10:38:30.393420+00:00,MICROBABY
94,80089508800410,admissible_et_classe,,2026-10-08T10:38:30.605085+00:00,MICROBABY
94,80089508800501,admissible_et_classe,,2026-10-08T10:38:30.805117+00:00,MICROBABY
94,80089508800642,admissible_et_classe,,2026-10-08T10:38:31.198504+00:00,MICROBABY
94,80089508800667,admissible_et_classe,,2026-10-08T10:38:31.198889+00:00,MICROBABY
94,80089508800766,admissible_et_classe,,2026-10-08T10:38:31.409838+00:00,MICROBABY
94,80089508800774,admissible_et_classe,,2026-10-08T10:38:31.605390+00:00,MICROBABY
94,80089508800782,admissible_et_classe,,2026-10-08T10:38:31.915536+00:00,MICROBABY
94,80089508800824,admissible_et_classe,,2026-10-08T10:38:32.030162+00:00,MICROBABY
94,80089508801244,admissible_et_classe,,2026-10-08T12:36:43.313725+00:00,MICROBABY
94,80089508801251,admissible_et_classe,,2026-10-08T12:36:43.450981+00:00,MICROBABY
94,80089508801509,admissible_et_classe,,2026-10-08T12:36:43.657523+00:00,MICROBABY
94,80089508801517,admissible_et_classe,,2026-10-08T12:36:43.993183+00:00,MICROBABY
94,80089508801525,admissible_et_classe,,2026-10-08T12:36:44.079020+00:00,MICROBABY
94,80089901500039,rejete_au_controle_actuel,sans_position,2026-10-08T12:36:44.532784+00:00,
77,80125271901314,admissible_et_classe,,2026-10-08T12:22:49.328963+00:00,OVE
77,80163141700038,rejete_au_controle_actuel,sans_position,2026-10-08T12:22:49.524799+00:00,
94,80194106300027,rejete_au_classement,hors_filtre_nom,2026-10-08T12:36:44.473299+00:00,A.T.C INGENIERIE
77,80241852500027,rejete_au_controle_actuel,sans_position,2026-10-08T12:22:49.721250+00:00,
93,80244611200046,rejete_au_controle_actuel,unite_non_active,2026-10-08T10:37:29.904250+00:00,
93,80253107900050,rejete_au_classement,hors_filtre_nom,2026-10-08T12:30:09.602434+00:00,AM CONSULTING
77,80282157900041,rejete_au_controle_actuel,unite_non_active,2026-10-08T12:22:49.933253+00:00,
77,80286957800012,rejete_au_controle_actuel,sans_position,2026-10-08T12:22:50.136493+00:00,
77,80293735900015,rejete_au_controle_actuel,sans_position,2026-10-08T12:22:50.343770+00:00,
94,80361217500130,rejete_au_controle_actuel,ferme_ou_autre_departement,2026-10-08T10:38:32.330532+00:00,
93,80382236001173,admissible_et_classe,,2026-10-08T12:30:10.221476+00:00,WKDA FRANCE
77,80382236001256,admissible_et_classe,,2026-10-08T12:22:50.560082+00:00,WKDA FRANCE
94,80382236001264,admissible_et_classe,,2026-10-08T12:36:44.676371+00:00,WKDA FRANCE
77,80382236001546,admissible_et_classe,,2026-10-08T12:22:50.772706+00:00,WKDA FRANCE
94,80382236001975,admissible_et_classe,,2026-10-08T12:36:44.950988+00:00,WKDA FRANCE
93,80382236002031,admissible_et_classe,,2026-10-08T12:30:10.423463+00:00,WKDA FRANCE
93,80417257500032,rejete_au_classement,hors_filtre_nom,2026-10-08T12:30:10.663621+00:00,CABINET EXPERTISES ENVIRONNEMENTALES (C2E)
77,80417729300029,rejete_au_controle_actuel,sans_position,2026-10-08T12:22:50.959982+00:00,
93,80454467401016,admissible_et_classe,,2026-10-08T12:30:10.842945+00:00,RITUALS COSMETICS FRANCE SAS
94,80454467401057,admissible_et_classe,,2026-10-08T12:36:45.177313+00:00,RITUALS COSMETICS FRANCE SAS
93,80454467401453,admissible_et_classe,,2026-10-08T12:30:11.035163+00:00,RITUALS COSMETICS FRANCE SAS
93,80505377400016,rejete_au_controle_actuel,unite_non_active,2026-10-08T10:37:30.093559+00:00,
93,80510189600027,rejete_au_controle_actuel,sans_position,2026-10-08T12:30:11.231546+00:00,
94,80528704200016,rejete_au_classement,hors_filtre_nom,2026-10-08T12:36:45.355233+00:00,CAP-ZEN
94,80540565100037,rejete_au_controle_actuel,sans_position,2026-10-08T12:36:45.470236+00:00,
77,80540851500221,rejete_au_controle_actuel,sans_position,2026-10-08T12:22:51.378355+00:00,
93,80692003900054,rejete_au_classement,hors_filtre_nom,2026-10-08T12:30:11.440714+00:00,EURO PENTEL
93,80778333700015,rejete_au_classement,hors_filtre_nom,2026-10-08T12:30:11.633220+00:00,BATIC ACOUSTIQUE ET THERMIQUE DU BATIMENT
93,80806906600013,rejete_au_controle_actuel,unite_non_active,2026-10-08T10:37:30.278758+00:00,
94,80821479500011,rejete_au_classement,hors_filtre_nom,2026-10-08T12:36:45.711014+00:00,DRONOTEC
77,80859164800023,rejete_au_controle_actuel,ferme_ou_autre_departement,2026-10-08T12:22:51.581101+00:00,
93,80869309700038,rejete_au_controle_actuel,ferme_ou_autre_departement,2026-10-08T10:37:30.496549+00:00,
77,80910084500035,rejete_au_classement,hors_filtre_nom,2026-10-08T12:22:51.817472+00:00,MGC.PROJECT (MGC PROJECT)
93,80910084500043,rejete_au_classement,hors_filtre_nom,2026-10-08T12:30:11.843892+00:00,MGC.PROJECT (MGC PROJECT)
94,80910469800034,rejete_au_controle_actuel,sans_position,2026-10-08T12:36:45.873846+00:00,
93,80913041200020,rejete_au_classement,hors_filtre_nom,2026-10-08T12:30:12.034590+00:00,LDT DIAGNOSTICS
77,80945568600026,rejete_au_controle_actuel,sans_position,2026-10-08T12:22:51.991915+00:00,
93,80984994600037,rejete_au_controle_actuel,unite_non_active,2026-10-08T12:30:12.448559+00:00,
94,80985156100054,rejete_au_controle_actuel,sans_position,2026-10-08T12:36:46.315279+00:00,
93,81004912200015,rejete_au_controle_actuel,sans_position,2026-10-08T12:30:12.696457+00:00,
77,81005604400011,rejete_au_classement,hors_filtre_nom,2026-10-08T12:22:52.208116+00:00,VGP CONFORM
94,81012985800025,rejete_au_classement,hors_filtre_nom,2026-10-08T12:36:46.312621+00:00,AS DIAGNOSTICS (AG IMMOBILIER)
94,81040629800028,rejete_au_classement,hors_filtre_nom,2026-10-08T12:36:46.475544+00:00,MADIAG
94,81040629800036,rejete_au_controle_actuel,sans_position,2026-10-08T12:36:46.767157+00:00,
93,81109854000883,rejete_au_controle_actuel,sans_position,2026-10-08T12:30:12.860986+00:00,
93,81120684600024,rejete_au_classement,hors_filtre_nom,2026-10-08T12:30:13.052241+00:00,BC2A
77,81152419800033,rejete_au_controle_actuel,sans_position,2026-10-08T12:22:52.784137+00:00,
93,81159548700034,rejete_au_controle_actuel,naf_unite_hors_liste,2026-10-08T12:30:13.253660+00:00,
94,81242483600037,rejete_au_controle_actuel,sans_position,2026-10-08T12:36:47.509042+00:00,
93,81258546100021,rejete_au_controle_actuel,ferme_ou_autre_departement,2026-10-08T12:30:13.659377+00:00,
77,81259703700041,rejete_au_classement,hors_filtre_nom,2026-10-08T12:22:53.225481+00:00,AUDIT PROCESS
94,81267483601024,admissible_et_classe,,2026-10-08T10:38:32.536039+00:00,SUNGLASS HUT FRANCE
94,81267483601032,admissible_et_classe,,2026-10-08T10:38:32.735634+00:00,SUNGLASS HUT FRANCE
93,81267483601099,admissible_et_classe,,2026-10-08T10:37:30.700325+00:00,SUNGLASS HUT FRANCE
77,81271354300013,rejete_au_controle_actuel,ferme_ou_autre_departement,2026-10-08T12:22:53.426356+00:00,
94,81282655000020,rejete_au_classement,hors_filtre_nom,2026-10-08T12:36:47.704807+00:00,SLANBOAFE
94,81333134500039,rejete_au_controle_actuel,sans_position,2026-10-08T12:36:47.899978+00:00,
77,81366171700013,rejete_au_controle_actuel,sans_position,2026-10-08T12:22:53.707121+00:00,
77,81368900700017,rejete_au_controle_actuel,sans_position,2026-10-08T12:22:53.827442+00:00,
77,81387149800024,rejete_au_controle_actuel,sans_position,2026-10-08T12:22:54.034600+00:00,
93,81387431000010,rejete_au_classement,hors_filtre_nom,2026-10-08T12:30:14.066305+00:00,EXCELDIAG (EXCELDIAG)
94,81387515000027,rejete_au_classement,hors_filtre_nom,2026-10-08T12:36:48.235093+00:00,D2SA CONSEIL (D2SA CONSEIL; D2SA DIAGNOSTICS)
93,81441707700025,rejete_au_classement,hors_filtre_nom,2026-10-08T12:30:14.290096+00:00,LFP
94,81745813600022,rejete_au_controle_actuel,sans_position,2026-10-08T12:36:48.311760+00:00,
93,81746926500018,rejete_au_controle_actuel,unite_non_active,2026-10-08T10:37:30.969309+00:00,
93,81750265100273,rejete_au_controle_actuel,sans_position,2026-10-08T12:30:14.481689+00:00,
93,81750265100687,rejete_au_controle_actuel,sans_position,2026-10-08T12:30:14.683624+00:00,
77,81770987600012,rejete_au_controle_actuel,unite_non_active,2026-10-08T12:22:54.261257+00:00,
93,81779709501010,admissible_et_classe,,2026-10-08T12:30:14.880323+00:00,ARPAVIE
77,81779709501028,admissible_et_classe,,2026-10-08T12:22:54.448828+00:00,ARPAVIE
94,81779709501093,admissible_et_classe,,2026-10-08T12:36:48.830106+00:00,ARPAVIE
94,81779709501101,admissible_et_classe,,2026-10-08T12:36:48.710302+00:00,ARPAVIE
93,81779709501119,admissible_et_classe,,2026-10-08T12:30:15.084710+00:00,ARPAVIE
93,81779709501127,admissible_et_classe,,2026-10-08T12:30:15.300321+00:00,ARPAVIE
94,81779709501168,admissible_et_classe,,2026-10-08T12:36:48.927921+00:00,ARPAVIE
94,81779709501176,admissible_et_classe,,2026-10-08T12:36:49.130077+00:00,ARPAVIE
94,81779709501184,admissible_et_classe,,2026-10-08T12:36:49.392082+00:00,ARPAVIE
94,81779709501192,admissible_et_classe,,2026-10-08T12:36:49.524410+00:00,ARPAVIE
93,81779709501200,admissible_et_classe,,2026-10-08T12:30:15.491891+00:00,ARPAVIE
94,81779709501234,admissible_et_classe,,2026-10-08T12:36:49.720648+00:00,ARPAVIE
94,81779709501309,admissible_et_classe,,2026-10-08T12:36:49.926105+00:00,ARPAVIE
94,81779709501317,admissible_et_classe,,2026-10-08T12:36:50.143139+00:00,ARPAVIE
93,81788226900027,rejete_au_classement,hors_filtre_nom,2026-10-08T12:30:15.693501+00:00,LIWER D
77,81794716101688,admissible_et_classe,,2026-10-08T12:22:54.665869+00:00,OUIHELP (OUIHELP)
77,81794716101795,admissible_et_classe,,2026-10-08T12:22:54.948295+00:00,OUIHELP (OUIHELP)
77,81805602000014,rejete_au_classement,hors_filtre_nom,2026-10-08T12:22:55.060555+00:00,SECURITE ENVIRONNEMENT RAPPORT CONCEPT (SERC)
94,81859578700016,rejete_au_classement,hors_filtre_nom,2026-10-08T12:36:50.746497+00:00,SERTIS EXPERTISE
93,81862618600022,rejete_au_controle_actuel,sans_position,2026-10-08T12:30:15.895150+00:00,
94,81877071100039,rejete_au_classement,hors_filtre_nom,2026-10-08T12:36:50.740134+00:00,MENOVA
77,81915538300030,rejete_au_classement,hors_filtre_nom,2026-10-08T12:22:55.261127+00:00,LAB DIAG (RINCENT BTP IDF NORD)
77,81915538300048,rejete_au_controle_actuel,sans_position,2026-10-08T12:22:55.468855+00:00,
77,81927574400046,rejete_au_controle_actuel,sans_position,2026-10-08T12:22:55.736201+00:00,
94,81928735000030,rejete_au_classement,hors_filtre_nom,2026-10-08T12:36:50.936694+00:00,INCC CERTIF (MMF)
77,81943395400032,rejete_au_controle_actuel,sans_position,2026-10-08T12:22:55.933880+00:00,
77,81994101400048,rejete_au_classement,hors_filtre_nom,2026-10-08T12:22:56.089106+00:00,FOR HEALTH CONSULTING (FHC)
77,82003183900013,rejete_au_controle_actuel,sans_position,2026-10-08T12:22:56.286899+00:00,
93,82008199000021,rejete_au_classement,hors_filtre_nom,2026-10-08T12:30:16.091365+00:00,DUO DIAGNOSTICS
94,82047044100057,rejete_au_controle_actuel,sans_position,2026-10-08T12:36:51.230380+00:00,
94,82082683200017,rejete_au_classement,hors_filtre_nom,2026-10-08T12:36:51.560942+00:00,TECNEA INSPECTION
94,82171410200042,rejete_au_classement,hors_filtre_nom,2026-10-08T12:36:51.834534+00:00,DIAG IMMO 13
77,82185615000015,rejete_au_controle_actuel,sans_position,2026-10-08T12:22:56.907545+00:00,
94,82188894800014,rejete_au_classement,hors_filtre_nom,2026-10-08T12:36:52.082285+00:00,MARTECH ENVIRONNEMENT
77,82192988200016,rejete_au_controle_actuel,sans_position,2026-10-08T12:22:57.107953+00:00,
94,82273706000019,rejete_au_classement,hors_filtre_nom,2026-10-08T12:36:52.571655+00:00,SERWIS
94,82278740401024,admissible_et_classe,,2026-10-08T12:36:52.412438+00:00,SERENEST ENTREPRISE (SERENEST ENTREPRISE - GROUPE VERMAAT)
77,82286685100022,rejete_au_classement,hors_filtre_nom,2026-10-08T12:22:57.316757+00:00,AMC DIAGNOSTIC
77,82320918400014,rejete_au_classement,hors_filtre_nom,2026-10-08T12:22:57.522325+00:00,INSPECTECH
77,82326868500042,rejete_au_classement,hors_filtre_nom,2026-10-08T12:22:57.734804+00:00,SERVICES ROTO PLUS
77,82327155600016,rejete_au_controle_actuel,sans_position,2026-10-08T12:22:57.934772+00:00,
94,82355565100012,rejete_au_controle_actuel,ferme_ou_autre_departement,2026-10-08T10:38:32.945214+00:00,
77,82366728200011,rejete_au_controle_actuel,sans_position,2026-10-08T12:22:58.156781+00:00,
77,82386793200027,rejete_au_controle_actuel,sans_position,2026-10-08T12:22:58.348714+00:00,
77,82387570300014,rejete_au_classement,hors_filtre_nom,2026-10-08T12:22:58.572051+00:00,HEC PARASITAIRE
77,82393296700016,rejete_au_controle_actuel,sans_position,2026-10-08T12:22:58.778030+00:00,
94,82407340700010,rejete_au_controle_actuel,ferme_ou_autre_departement,2026-10-08T10:38:33.151131+00:00,
77,82427407000021,rejete_au_classement,hors_filtre_nom,2026-10-08T12:22:58.971896+00:00,O2T EXPERTISE (AGENDA 77 NORD)
94,82451661100038,rejete_au_controle_actuel,sans_position,2026-10-08T12:36:52.564904+00:00,
94,82501543100018,rejete_au_controle_actuel,sans_position,2026-10-08T12:36:52.968513+00:00,
77,82502805300015,rejete_au_controle_actuel,ferme_ou_autre_departement,2026-10-08T12:22:59.176573+00:00,
77,82524150800027,rejete_au_classement,hors_filtre_nom,2026-10-08T12:22:59.389823+00:00,QUALITY'DIAG
94,82524150800035,rejete_au_classement,hors_filtre_nom,2026-10-08T12:36:53.275888+00:00,QUALITY'DIAG
77,82524150800043,rejete_au_classement,hors_filtre_nom,2026-10-08T12:22:59.606251+00:00,QUALITY'DIAG
93,82770690400030,rejete_au_controle_actuel,ferme_ou_autre_departement,2026-10-08T12:30:16.312413+00:00,
94,82838242400020,rejete_au_controle_actuel,sans_position,2026-10-08T12:36:53.535061+00:00,
77,82868863000015,rejete_au_controle_actuel,ferme_ou_autre_departement,2026-10-08T12:22:59.818922+00:00,
77,82887002200021,rejete_au_controle_actuel,sans_position,2026-10-08T12:23:00.031274+00:00,
77,82887942900029,rejete_au_controle_actuel,ferme_ou_autre_departement,2026-10-08T10:36:42.742972+00:00,
77,82891401000032,rejete_au_controle_actuel,sans_position,2026-10-08T12:23:00.274344+00:00,
77,82899332900022,rejete_au_classement,hors_filtre_nom,2026-10-08T12:23:00.478103+00:00,AS BUREAU ETUDE (AS INTERNATIONAL - QUALITH)
93,82912099700012,rejete_au_controle_actuel,unite_non_active,2026-10-08T10:37:31.108419+00:00,
77,82943065100010,rejete_au_classement,hors_filtre_nom,2026-10-08T12:23:00.625728+00:00,JET LOCATION OUTILLAGE CONTROLE (JET L.O.C)
93,82945320800045,rejete_au_controle_actuel,ferme_ou_autre_departement,2026-10-08T10:37:31.475349+00:00,
94,82952623500017,rejete_au_classement,hors_filtre_nom,2026-10-08T12:36:53.591932+00:00,DIAG-ECO SERVICES (D E S)
77,82954123400029,rejete_au_controle_actuel,sans_position,2026-10-08T12:23:00.828846+00:00,
94,82960682100033,rejete_au_classement,hors_filtre_nom,2026-10-08T12:36:53.813010+00:00,CENTRAL DIAG
77,83005739400025,rejete_au_classement,hors_filtre_nom,2026-10-08T12:23:01.094315+00:00,PF DIAGNOSTIC (PFD)
94,83007031400026,rejete_au_classement,hors_filtre_nom,2026-10-08T12:36:54.024873+00:00,ACTION DALLAGE SERVICE
77,83014042200015,rejete_au_controle_actuel,sans_position,2026-10-08T12:23:01.239912+00:00,
94,83085753800011,rejete_au_controle_actuel,sans_position,2026-10-08T12:36:54.183292+00:00,
77,83086512700013,rejete_au_controle_actuel,sans_position,2026-10-08T12:23:01.442548+00:00,
77,83101279400044,rejete_au_controle_actuel,sans_position,2026-10-08T12:23:01.643549+00:00,
77,83102567100015,rejete_au_classement,hors_filtre_nom,2026-10-08T12:23:01.913516+00:00,ALTI'ROUTE
77,83114396100033,rejete_au_controle_actuel,sans_position,2026-10-08T12:23:02.067397+00:00,
77,83116961000019,rejete_au_controle_actuel,sans_position,2026-10-08T12:23:02.264566+00:00,
77,83122230200018,rejete_au_classement,hors_filtre_nom,2026-10-08T12:23:02.554090+00:00,BATIS CONTROLES
77,83156972800031,rejete_au_classement,hors_filtre_nom,2026-10-08T12:23:02.751643+00:00,VERIFRANCE
77,83167087200025,rejete_au_controle_actuel,sans_position,2026-10-08T12:23:02.961576+00:00,
77,83167087200033,rejete_au_controle_actuel,sans_position,2026-10-08T12:23:03.167038+00:00,
94,83183098900016,rejete_au_controle_actuel,ferme_ou_autre_departement,2026-10-08T10:38:33.356108+00:00,
93,83254487800024,rejete_au_classement,hors_filtre_nom,2026-10-08T12:30:16.501518+00:00,3RC DIAGNOSTIC (3RC DIAGNOSTIC)
94,83275362800045,rejete_au_controle_actuel,sans_position,2026-10-08T12:36:54.408402+00:00,
77,83293557100022,rejete_au_controle_actuel,sans_position,2026-10-08T12:23:03.577657+00:00,
77,83293557100048,rejete_au_controle_actuel,sans_position,2026-10-08T12:23:03.789685+00:00,
93,83317573000013,rejete_au_classement,hors_filtre_nom,2026-10-08T12:30:16.720746+00:00,DIAGNOSTIC EXPRESS IMMOBILIER
77,83352663500010,rejete_au_controle_actuel,sans_position,2026-10-08T12:23:04.191883+00:00,
93,83354408300011,rejete_au_controle_actuel,sans_position,2026-10-08T12:30:16.909584+00:00,
77,83355441300025,rejete_au_controle_actuel,sans_position,2026-10-08T12:23:04.191640+00:00,
94,83359070601695,admissible_et_classe,,2026-10-08T12:36:54.639046+00:00,CHAUSSURES ERAM
93,83359070602438,admissible_et_classe,,2026-10-08T12:30:17.121049+00:00,CHAUSSURES ERAM
77,83359388200040,rejete_au_controle_actuel,sans_position,2026-10-08T12:23:04.386846+00:00,
77,83391201700047,rejete_au_controle_actuel,sans_position,2026-10-08T12:23:04.532604+00:00,
94,83409649700195,rejete_au_classement,hors_filtre_nom,2026-10-08T12:36:54.805612+00:00,SOCOTEC ENVIRONNEMENT
93,83409669500418,rejete_au_classement,hors_filtre_nom,2026-10-08T12:30:17.328191+00:00,SOCOTEC EQUIPEMENTS
94,83409669500699,rejete_au_classement,hors_filtre_nom,2026-10-08T12:36:55.102079+00:00,SOCOTEC EQUIPEMENTS
77,83409669500871,rejete_au_classement,hors_filtre_nom,2026-10-08T12:23:04.729325+00:00,SOCOTEC EQUIPEMENTS
77,83414421400030,rejete_au_controle_actuel,sans_position,2026-10-08T12:23:04.922037+00:00,
93,83415751300708,rejete_au_classement,hors_filtre_nom,2026-10-08T12:30:17.570044+00:00,SOCOTEC CONSTRUCTION
94,83415751301029,rejete_au_classement,hors_filtre_nom,2026-10-08T12:36:55.235126+00:00,SOCOTEC CONSTRUCTION
77,83415751301300,rejete_au_classement,hors_filtre_nom,2026-10-08T12:23:05.142066+00:00,SOCOTEC CONSTRUCTION
77,83415751301334,rejete_au_classement,hors_filtre_nom,2026-10-08T12:23:05.341915+00:00,SOCOTEC CONSTRUCTION
77,83455085700017,rejete_au_controle_actuel,sans_position,2026-10-08T12:23:05.556259+00:00,
93,83457438600027,rejete_au_controle_actuel,unite_non_active,2026-10-08T10:37:31.521930+00:00,
77,83470924800027,rejete_au_classement,hors_filtre_nom,2026-10-08T12:23:05.749988+00:00,POINT CONTROLES
94,83489593000172,admissible_et_classe,,2026-10-08T12:36:55.477350+00:00,HANA GROUP FRANCE
77,83489593000180,admissible_et_classe,,2026-10-08T12:23:05.984352+00:00,HANA GROUP FRANCE
93,83489593000271,admissible_et_classe,,2026-10-08T12:30:17.738699+00:00,HANA GROUP FRANCE
93,83489593000990,admissible_et_classe,,2026-10-08T12:30:17.944707+00:00,HANA GROUP FRANCE
93,83489593001006,admissible_et_classe,,2026-10-08T12:30:18.143503+00:00,HANA GROUP FRANCE
94,83489593001519,admissible_et_classe,,2026-10-08T10:38:33.559610+00:00,HANA GROUP FRANCE
94,83489593001535,admissible_et_classe,,2026-10-08T10:38:33.760064+00:00,HANA GROUP FRANCE
94,83489593001550,admissible_et_classe,,2026-10-08T10:38:34.992958+00:00,HANA GROUP FRANCE
94,83489593001568,admissible_et_classe,,2026-10-08T10:38:35.200854+00:00,HANA GROUP FRANCE
77,83489593002384,admissible_et_classe,,2026-10-08T12:23:06.186530+00:00,HANA GROUP FRANCE
77,83489593002723,admissible_et_classe,,2026-10-08T12:23:06.409199+00:00,HANA GROUP FRANCE
77,83489593002798,admissible_et_classe,,2026-10-08T12:23:06.576459+00:00,HANA GROUP FRANCE
77,83489593002848,admissible_et_classe,,2026-10-08T12:23:06.785924+00:00,HANA GROUP FRANCE
93,83489593004281,admissible_et_classe,,2026-10-08T12:30:18.346131+00:00,HANA GROUP FRANCE
93,83489593004885,admissible_et_classe,,2026-10-08T12:30:18.554951+00:00,HANA GROUP FRANCE
94,83489593005569,admissible_et_classe,,2026-10-08T12:36:55.795732+00:00,HANA GROUP FRANCE
77,83489593006146,admissible_et_classe,,2026-10-08T12:23:06.993188+00:00,HANA GROUP FRANCE
93,83489593006237,admissible_et_classe,,2026-10-08T12:30:18.752558+00:00,HANA GROUP FRANCE
93,83489593006641,admissible_et_classe,,2026-10-08T12:30:18.992758+00:00,HANA GROUP FRANCE
93,83528293000022,rejete_au_controle_actuel,unite_non_active,2026-10-08T12:30:19.168503+00:00,
77,83767563600018,rejete_au_controle_actuel,sans_position,2026-10-08T12:23:07.191909+00:00,
77,83783352400015,rejete_au_controle_actuel,ferme_ou_autre_departement,2026-10-08T12:23:07.392001+00:00,
93,83840522300028,rejete_au_controle_actuel,ferme_ou_autre_departement,2026-10-08T12:30:19.552597+00:00,
77,83853826200018,rejete_au_controle_actuel,sans_position,2026-10-08T12:23:07.648284+00:00,
94,83899742700037,rejete_au_controle_actuel,sans_position,2026-10-08T12:36:55.809927+00:00,
77,83922406000013,rejete_au_controle_actuel,ferme_ou_autre_departement,2026-10-08T12:23:07.808375+00:00,
77,83934781200019,rejete_au_controle_actuel,sans_position,2026-10-08T12:23:08.007246+00:00,
93,84022046100015,rejete_au_controle_actuel,ferme_ou_autre_departement,2026-10-08T10:37:31.780407+00:00,
77,84033436100028,rejete_au_controle_actuel,ferme_ou_autre_departement,2026-10-08T12:23:08.201383+00:00,
93,84034052500103,rejete_au_classement,hors_filtre_nom,2026-10-08T12:30:19.751807+00:00,C.E.S PRO CONSULT
93,84036762700022,rejete_au_classement,hors_filtre_nom,2026-10-08T12:30:19.955776+00:00,CONCEPT BETON
93,84056183100024,rejete_au_controle_actuel,ferme_ou_autre_departement,2026-10-08T10:37:31.921525+00:00,
77,84059674600023,rejete_au_controle_actuel,ferme_ou_autre_departement,2026-10-08T12:23:08.411612+00:00,
93,84066271200016,rejete_au_classement,hors_filtre_nom,2026-10-08T12:30:20.163204+00:00,O2E CONSULTING
94,84070362300024,rejete_au_controle_actuel,ferme_ou_autre_departement,2026-10-08T10:38:34.483568+00:00,
93,84079308700031,rejete_au_controle_actuel,unite_non_active,2026-10-08T10:37:32.133333+00:00,
93,84087888800022,rejete_au_controle_actuel,sans_position,2026-10-08T12:30:20.778416+00:00,
94,84106518800028,rejete_au_controle_actuel,sans_position,2026-10-08T12:36:56.151458+00:00,
93,84108025200015,rejete_au_controle_actuel,ferme_ou_autre_departement,2026-10-08T12:30:20.969833+00:00,
94,84115999900025,rejete_au_controle_actuel,sans_position,2026-10-08T12:36:56.219956+00:00,
77,84143060600019,rejete_au_controle_actuel,sans_position,2026-10-08T12:23:08.609222+00:00,
93,84161965300030,rejete_au_classement,hors_filtre_nom,2026-10-08T12:30:21.168823+00:00,MICHEL'S TRADE
77,84163876000030,rejete_au_controle_actuel,ferme_ou_autre_departement,2026-10-08T12:23:08.846425+00:00,
77,84281641500025,rejete_au_controle_actuel,unite_non_active,2026-10-08T12:23:09.061357+00:00,
77,84284120700033,rejete_au_controle_actuel,sans_position,2026-10-08T12:23:09.220003+00:00,
94,84286461301107,admissible_et_classe,,2026-10-08T12:36:56.503634+00:00,QUICK GESTION
93,84286461301248,admissible_et_classe,,2026-10-08T12:30:21.428696+00:00,QUICK GESTION
77,84286461301305,admissible_et_classe,,2026-10-08T12:23:09.451592+00:00,QUICK GESTION
94,84286461301396,admissible_et_classe,,2026-10-08T12:36:56.630156+00:00,QUICK GESTION
94,84286461301529,admissible_et_classe,,2026-10-08T12:36:56.879922+00:00,QUICK GESTION
77,84286461301537,admissible_et_classe,,2026-10-08T12:23:09.652556+00:00,QUICK GESTION
94,84310842400022,rejete_au_classement,hors_filtre_nom,2026-10-08T12:36:57.033437+00:00,HEXAGONE DIAGNOSTIC & ENVIRONNEMENT (PLATEFORME DIAGNOSTIC)
93,84313233300181,rejete_au_controle_actuel,sans_position,2026-10-08T12:30:21.782402+00:00,
77,84322057500016,rejete_au_classement,hors_filtre_nom,2026-10-08T12:23:09.837622+00:00,ARENOV - DESIGN (JERENOVE.COM)
94,84322912100036,rejete_au_controle_actuel,ferme_ou_autre_departement,2026-10-08T12:36:57.225074+00:00,
77,84352232700033,rejete_au_controle_actuel,sans_position,2026-10-08T12:23:10.057879+00:00,
94,84361236700014,rejete_au_classement,hors_filtre_nom,2026-10-08T12:36:58.059548+00:00,RB CONSULTANT ELEC (RB CONSULTANT ELEC)
77,84404808200029,rejete_au_controle_actuel,sans_position,2026-10-08T12:23:10.676895+00:00,
93,84407952500029,rejete_au_controle_actuel,sans_position,2026-10-08T12:30:21.988296+00:00,
77,84410485100028,admissible_et_classe,,2026-10-08T10:36:43.110675+00:00,BLUE ENERFREEZE
77,84410485100036,admissible_et_classe,,2026-10-08T10:36:43.166133+00:00,BLUE ENERFREEZE
94,84410485100614,admissible_et_classe,,2026-10-08T10:38:34.584618+00:00,BLUE ENERFREEZE
94,84419244300399,rejete_au_controle_actuel,sans_position,2026-10-08T12:36:58.257996+00:00,
77,84419244300456,rejete_au_controle_actuel,sans_position,2026-10-08T12:23:10.879526+00:00,
77,84419244300662,rejete_au_controle_actuel,sans_position,2026-10-08T12:23:11.179194+00:00,
77,84419244301058,admissible_et_classe,,2026-10-08T12:23:11.371008+00:00,TOTALENERGIES CHARGING SERVICES
77,84419244301942,rejete_au_controle_actuel,sans_position,2026-10-08T12:23:11.486100+00:00,
93,84419244302072,admissible_et_classe,,2026-10-08T12:30:22.191176+00:00,TOTALENERGIES CHARGING SERVICES
93,84419244302122,admissible_et_classe,,2026-10-08T12:30:22.426838+00:00,TOTALENERGIES CHARGING SERVICES
93,84419244302155,admissible_et_classe,,2026-10-08T12:30:22.597459+00:00,TOTALENERGIES CHARGING SERVICES
94,84419244302163,admissible_et_classe,,2026-10-08T12:36:58.451623+00:00,TOTALENERGIES CHARGING SERVICES
77,84419244302320,admissible_et_classe,,2026-10-08T12:23:11.694369+00:00,TOTALENERGIES CHARGING SERVICES
93,84419244302486,admissible_et_classe,,2026-10-08T12:30:22.806264+00:00,TOTALENERGIES CHARGING SERVICES
77,84419244302494,admissible_et_classe,,2026-10-08T12:23:11.890331+00:00,TOTALENERGIES CHARGING SERVICES
77,84419895200039,rejete_au_controle_actuel,ferme_ou_autre_departement,2026-10-08T12:23:12.119020+00:00,
77,84478906500019,rejete_au_classement,hors_filtre_nom,2026-10-08T12:23:12.288959+00:00,ORGANISME D'INSPECTION DU GATINAIS FRANCAIS (OIGF)
77,84509019000016,rejete_au_classement,hors_filtre_nom,2026-10-08T12:23:12.498312+00:00,JANO DIAGNOSTICS ET EXPERTISES
77,84509019000024,rejete_au_classement,hors_filtre_nom,2026-10-08T12:23:12.703588+00:00,JANO DIAGNOSTICS ET EXPERTISES
94,84759901600023,rejete_au_controle_actuel,ferme_ou_autre_departement,2026-10-08T12:36:58.699581+00:00,
93,84766572600026,rejete_au_controle_actuel,naf_unite_hors_liste,2026-10-08T12:30:23.008049+00:00,
93,84816451300014,rejete_au_classement,hors_filtre_nom,2026-10-08T12:30:23.208274+00:00,PRO-AM
94,84841680600018,rejete_au_classement,hors_filtre_nom,2026-10-08T12:36:58.851900+00:00,LAB-EXPERT
77,84845928502308,rejete_au_controle_actuel,sans_position,2026-10-08T12:23:12.922071+00:00,
94,84853930000022,rejete_au_controle_actuel,sans_position,2026-10-08T12:36:59.223926+00:00,
94,84926757000034,rejete_au_controle_actuel,sans_position,2026-10-08T12:36:59.260759+00:00,
77,84951687700024,rejete_au_controle_actuel,sans_position,2026-10-08T12:23:13.118088+00:00,
77,84973815800013,rejete_au_controle_actuel,sans_position,2026-10-08T12:23:13.325137+00:00,
93,85018353400021,rejete_au_classement,hors_filtre_nom,2026-10-08T12:30:23.410923+00:00,RED HOUSE ACOUSTICS (RED HOUSE ACOUSTICS)
94,85045971000024,rejete_au_controle_actuel,sans_position,2026-10-08T12:36:59.568385+00:00,
94,85051990100027,rejete_au_controle_actuel,sans_position,2026-10-08T12:36:59.847006+00:00,
77,85055111000032,rejete_au_controle_actuel,sans_position,2026-10-08T12:23:13.535889+00:00,
77,85082715500027,rejete_au_controle_actuel,sans_position,2026-10-08T12:23:13.730456+00:00,
93,85106601900023,rejete_au_controle_actuel,ferme_ou_autre_departement,2026-10-08T10:37:32.332228+00:00,
77,85153334900029,rejete_au_controle_actuel,sans_position,2026-10-08T12:23:14.012032+00:00,
94,85156801400043,rejete_au_controle_actuel,sans_position,2026-10-08T12:37:00.072092+00:00,
93,85171102800015,rejete_au_controle_actuel,ferme_ou_autre_departement,2026-10-08T10:37:32.527070+00:00,
94,85172284300071,rejete_au_controle_actuel,sans_position,2026-10-08T12:37:00.271621+00:00,
77,85184224500017,rejete_au_controle_actuel,ferme_ou_autre_departement,2026-10-08T12:23:14.139340+00:00,
77,85187008900014,rejete_au_controle_actuel,sans_position,2026-10-08T12:23:14.352928+00:00,
93,85195156600112,rejete_au_controle_actuel,sans_position,2026-10-08T12:30:23.621780+00:00,
93,85234894500043,rejete_au_classement,hors_filtre_nom,2026-10-08T12:30:23.823922+00:00,L.C.F.BAT
94,85254461800022,rejete_au_classement,hors_filtre_nom,2026-10-08T12:37:00.478487+00:00,SK2L DIAGNOSTICS
77,85286973400016,rejete_au_controle_actuel,ferme_ou_autre_departement,2026-10-08T12:23:14.566079+00:00,
77,85293365400026,rejete_au_controle_actuel,ferme_ou_autre_departement,2026-10-08T12:23:14.759302+00:00,
94,85295214200036,rejete_au_controle_actuel,sans_position,2026-10-08T12:37:00.683032+00:00,
94,85325466200028,rejete_au_controle_actuel,sans_position,2026-10-08T12:37:00.885393+00:00,
94,85355631400021,rejete_au_classement,hors_filtre_nom,2026-10-08T12:37:01.087846+00:00,COINSCO - FRANCE
77,85377034500017,rejete_au_controle_actuel,sans_position,2026-10-08T12:23:14.967876+00:00,
94,87767693201345,admissible_et_classe,,2026-10-08T12:37:01.298829+00:00,ELIOR RESTAURATION HOTELLERIE DE SANTE (ERHS)
93,87767693201410,admissible_et_classe,,2026-10-08T12:30:24.032502+00:00,ELIOR RESTAURATION HOTELLERIE DE SANTE (ERHS)
77,87767693201519,admissible_et_classe,,2026-10-08T12:23:15.188784+00:00,ELIOR RESTAURATION HOTELLERIE DE SANTE (ERHS)
77,87767693201535,admissible_et_classe,,2026-10-08T12:23:15.375349+00:00,ELIOR RESTAURATION HOTELLERIE DE SANTE (ERHS)
77,87767693201642,admissible_et_classe,,2026-10-08T12:23:15.585801+00:00,ELIOR RESTAURATION HOTELLERIE DE SANTE (ERHS)
94,87767693201816,admissible_et_classe,,2026-10-08T12:37:01.593710+00:00,ELIOR RESTAURATION HOTELLERIE DE SANTE (ERHS)
77,87767693201873,admissible_et_classe,,2026-10-08T12:23:15.797242+00:00,ELIOR RESTAURATION HOTELLERIE DE SANTE (ERHS)
94,87767693201915,admissible_et_classe,,2026-10-08T12:37:01.743981+00:00,ELIOR RESTAURATION HOTELLERIE DE SANTE (ERHS)
77,87827166700015,rejete_au_controle_actuel,ferme_ou_autre_departement,2026-10-08T12:23:15.986488+00:00,
94,87844267200035,rejete_au_controle_actuel,sans_position,2026-10-08T12:37:01.896581+00:00,
77,87846558200020,rejete_au_controle_actuel,sans_position,2026-10-08T12:23:16.194840+00:00,
77,87871844400010,rejete_au_classement,hors_filtre_nom,2026-10-08T12:23:16.400439+00:00,EXCEL CONTROLE
77,87888045900010,rejete_au_controle_actuel,ferme_ou_autre_departement,2026-10-08T12:23:16.777143+00:00,
77,87903522800029,rejete_au_controle_actuel,sans_position,2026-10-08T12:23:16.803894+00:00,
93,87915156100021,rejete_au_controle_actuel,sans_position,2026-10-08T12:30:24.431664+00:00,
77,87918973600199,rejete_au_controle_actuel,sans_position,2026-10-08T12:23:17.011343+00:00,
77,87918973600470,rejete_au_controle_actuel,sans_position,2026-10-08T12:23:17.219678+00:00,
77,87918973600637,rejete_au_controle_actuel,sans_position,2026-10-08T12:23:17.543248+00:00,
77,87918973600678,rejete_au_controle_actuel,sans_position,2026-10-08T12:23:17.632545+00:00,
77,87942510600017,rejete_au_controle_actuel,ferme_ou_autre_departement,2026-10-08T12:23:17.832478+00:00,
77,87947558000012,rejete_au_controle_actuel,ferme_ou_autre_departement,2026-10-08T12:23:18.089550+00:00,
93,87948967200029,rejete_au_classement,hors_filtre_nom,2026-10-08T12:30:24.832910+00:00,DIAGAJOUR
94,87956773300024,rejete_au_controle_actuel,sans_position,2026-10-08T12:37:02.327352+00:00,
77,87978511100011,rejete_au_controle_actuel,unite_non_active,2026-10-08T10:36:43.352959+00:00,
94,87994908900038,rejete_au_controle_actuel,sans_position,2026-10-08T12:37:02.620362+00:00,
94,88024647500011,rejete_au_classement,hors_filtre_nom,2026-10-08T12:37:02.915208+00:00,SASU LEONE GREEN CONSULTING (SASU LEONE GREEN CONSULTING)
94,88042507900014,rejete_au_controle_actuel,ferme_ou_autre_departement,2026-10-08T12:37:03.019826+00:00,
94,88055524800017,rejete_au_controle_actuel,ferme_ou_autre_departement,2026-10-08T10:38:34.790000+00:00,
93,88056386100017,rejete_au_classement,hors_filtre_nom,2026-10-08T12:30:25.241241+00:00,CAPITAL DIAG
77,88107933900027,rejete_au_controle_actuel,sans_position,2026-10-08T12:23:18.256979+00:00,
94,88110965600036,rejete_au_controle_actuel,sans_position,2026-10-08T12:37:03.222152+00:00,
93,88136993800017,rejete_au_classement,hors_filtre_nom,2026-10-08T12:30:25.449950+00:00,AC2L DIAGNOSTICS
77,88145438300012,rejete_au_controle_actuel,sans_position,2026-10-08T12:23:18.467132+00:00,
77,88165414900015,rejete_au_controle_actuel,unite_non_active,2026-10-08T12:23:18.668210+00:00,
77,88204367200055,rejete_au_controle_actuel,sans_position,2026-10-08T12:23:18.883431+00:00,
93,88230243300017,rejete_au_classement,hors_filtre_nom,2026-10-08T12:30:25.661981+00:00,HALAL FRANCE CONTROLE
94,88231454500014,rejete_au_controle_actuel,ferme_ou_autre_departement,2026-10-08T12:37:03.372208+00:00,
94,88255797800021,rejete_au_controle_actuel,ferme_ou_autre_departement,2026-10-08T10:38:34.992569+00:00,
93,88264319000011,rejete_au_classement,hors_filtre_nom,2026-10-08T12:30:26.281455+00:00,TOUT TERRAIN SAS
94,88279844000013,rejete_au_controle_actuel,unite_non_active,2026-10-08T10:38:35.200495+00:00,
94,88280858701017,admissible_et_classe,,2026-10-08T10:38:35.529208+00:00,NEWORCH
93,88280858701025,admissible_et_classe,,2026-10-08T10:37:32.742480+00:00,NEWORCH
94,88280858701033,admissible_et_classe,,2026-10-08T10:38:35.607672+00:00,NEWORCH
77,88280858701066,admissible_et_classe,,2026-10-08T10:36:43.566343+00:00,NEWORCH
93,88280858701074,admissible_et_classe,,2026-10-08T10:37:32.969765+00:00,NEWORCH
77,88280858701314,admissible_et_classe,,2026-10-08T10:36:43.780440+00:00,NEWORCH
94,88306622700017,rejete_au_classement,hors_filtre_nom,2026-10-08T12:37:03.637954+00:00,DISPODIAG IMMOBILIER
94,88315976600020,rejete_au_controle_actuel,ferme_ou_autre_departement,2026-10-08T12:37:03.844509+00:00,
77,88333572100014,rejete_au_classement,hors_filtre_nom,2026-10-08T12:23:19.073291+00:00,IMODIAG
77,88350630500027,rejete_au_controle_actuel,ferme_ou_autre_departement,2026-10-08T12:23:19.279836+00:00,
77,88354345600023,rejete_au_controle_actuel,sans_position,2026-10-08T12:23:19.478611+00:00,
77,88362887701299,admissible_et_classe,,2026-10-08T10:36:43.990310+00:00,PEGASE (PEGASE)
94,88375405300022,rejete_au_controle_actuel,sans_position,2026-10-08T12:37:04.347163+00:00,
94,88397781100065,rejete_au_controle_actuel,sans_position,2026-10-08T12:37:04.554032+00:00,
93,88424377500027,rejete_au_controle_actuel,unite_non_active,2026-10-08T12:30:26.679802+00:00,
93,88424483100019,rejete_au_controle_actuel,sans_position,2026-10-08T12:30:26.875614+00:00,
77,88461423100014,rejete_au_controle_actuel,unite_non_active,2026-10-08T10:36:44.159728+00:00,
94,88462121000027,rejete_au_controle_actuel,ferme_ou_autre_departement,2026-10-08T12:37:04.749521+00:00,
93,88462266300018,rejete_au_classement,hors_filtre_nom,2026-10-08T12:30:27.079013+00:00,ELIDIAG
77,88464128300020,rejete_au_classement,hors_filtre_nom,2026-10-08T12:23:19.885375+00:00,DIEXPERTIS
77,88474500100039,rejete_au_classement,hors_filtre_nom,2026-10-08T12:23:20.093793+00:00,BUREAU D'ETUDE ET DIAGNOSTIC IMMOBILIER (BE-DI)
77,88474500100047,rejete_au_classement,hors_filtre_nom,2026-10-08T12:23:20.297956+00:00,BUREAU D'ETUDE ET DIAGNOSTIC IMMOBILIER (BE-DI)
94,88475772500020,rejete_au_controle_actuel,sans_position,2026-10-08T12:37:05.047430+00:00,
94,88535718600117,admissible_et_classe,,2026-10-08T12:37:05.170774+00:00,CHORUS SPECTACLES
93,88793405700027,rejete_au_classement,hors_filtre_nom,2026-10-08T12:30:27.319529+00:00,MASTERCERT
94,88853800600030,rejete_au_controle_actuel,sans_position,2026-10-08T12:37:05.376131+00:00,
94,88898338400023,rejete_au_controle_actuel,ferme_ou_autre_departement,2026-10-08T10:38:35.812556+00:00,
77,88908956100019,rejete_au_controle_actuel,sans_position,2026-10-08T12:23:20.500044+00:00,
77,89048696200016,rejete_au_classement,hors_filtre_nom,2026-10-08T12:23:20.739561+00:00,DIAGALIS
93,89070528800029,rejete_au_classement,hors_filtre_nom,2026-10-08T12:30:27.491813+00:00,NEOTEC SOLUTION
94,89071402500032,rejete_au_controle_actuel,ferme_ou_autre_departement,2026-10-08T12:37:05.564275+00:00,
93,89092595100018,rejete_au_classement,hors_filtre_nom,2026-10-08T12:30:27.688976+00:00,EXPERTISE CHEMINEE
94,89093545500018,rejete_au_classement,hors_filtre_nom,2026-10-08T12:37:05.819744+00:00,INSIDE INNOV
94,89102891200014,rejete_au_classement,hors_filtre_nom,2026-10-08T12:37:05.964011+00:00,OTR CONSEIL
77,89104329100113,rejete_au_classement,hors_filtre_nom,2026-10-08T12:23:20.930810+00:00,FRANCE ETUDES & SOLUTIONS
93,89121116100015,rejete_au_classement,hors_filtre_nom,2026-10-08T12:30:27.883790+00:00,NORMA EXPERTISE BATIMENT (NORMA) (NORMA)
94,89133620800022,rejete_au_classement,hors_filtre_nom,2026-10-08T12:37:06.184750+00:00,AP3DIAG
77,89169012500044,rejete_au_classement,hors_filtre_nom,2026-10-08T12:23:21.119418+00:00,FRANCE CONTROLE THERMIQUE ET ECONOMIE D'ENERGIE (FCTEE)
77,89175338600012,rejete_au_classement,hors_filtre_nom,2026-10-08T12:23:21.335436+00:00,HM BE
94,89181242200014,rejete_au_controle_actuel,ferme_ou_autre_departement,2026-10-08T12:37:06.375302+00:00,
77,89191978900018,rejete_au_controle_actuel,sans_position,2026-10-08T12:23:21.583928+00:00,
93,89217244600023,rejete_au_controle_actuel,sans_position,2026-10-08T12:30:28.092165+00:00,
93,89249654800025,rejete_au_controle_actuel,unite_non_active,2026-10-08T12:30:28.298223+00:00,
77,89283320300011,rejete_au_classement,hors_filtre_nom,2026-10-08T12:23:21.742213+00:00,ATERRA
94,89283991100021,rejete_au_classement,hors_filtre_nom,2026-10-08T12:37:06.741756+00:00,CE CONSULT
77,89328694800011,rejete_au_controle_actuel,sans_position,2026-10-08T12:23:21.937417+00:00,
77,89349556400039,rejete_au_controle_actuel,sans_position,2026-10-08T12:23:22.199166+00:00,
94,89367027300018,rejete_au_controle_actuel,ferme_ou_autre_departement,2026-10-08T12:37:06.765851+00:00,
93,89376779800026,rejete_au_controle_actuel,sans_position,2026-10-08T12:30:28.706263+00:00,
93,89390451600018,rejete_au_controle_actuel,unite_non_active,2026-10-08T10:37:33.155482+00:00,
77,89407447500019,rejete_au_controle_actuel,sans_position,2026-10-08T12:23:22.355377+00:00,
77,89408337700040,rejete_au_classement,hors_filtre_nom,2026-10-08T12:23:22.562871+00:00,CENTRE DE CHRONO-TACHYGRAPHIE DE LISSES
77,89419401800020,rejete_au_controle_actuel,ferme_ou_autre_departement,2026-10-08T12:23:22.781533+00:00,
94,89448196900026,rejete_au_controle_actuel,sans_position,2026-10-08T12:37:07.016435+00:00,
93,89511230800021,rejete_au_classement,hors_filtre_nom,2026-10-08T12:30:28.908958+00:00,CONSULTANCE EN INGENIERIE & TRAVAUX
94,89739393000010,rejete_au_controle_actuel,ferme_ou_autre_departement,2026-10-08T12:37:07.180202+00:00,
77,89751291900019,rejete_au_controle_actuel,ferme_ou_autre_departement,2026-10-08T12:23:23.043387+00:00,
94,89757009900019,rejete_au_classement,hors_filtre_nom,2026-10-08T12:37:07.397834+00:00,CHANVREINE
93,89814766500019,rejete_au_classement,hors_filtre_nom,2026-10-08T12:30:29.107575+00:00,APB DIAG
77,89841025300014,rejete_au_controle_actuel,ferme_ou_autre_departement,2026-10-08T12:23:23.214383+00:00,
77,89841025300022,rejete_au_controle_actuel,ferme_ou_autre_departement,2026-10-08T12:23:23.395248+00:00,
77,89850564900027,rejete_au_classement,hors_filtre_nom,2026-10-08T12:23:23.601048+00:00,SEQUANA
93,89884623300028,rejete_au_controle_actuel,sans_position,2026-10-08T12:30:29.312110+00:00,
93,89906201200039,rejete_au_controle_actuel,unite_non_active,2026-10-08T12:30:29.520589+00:00,
93,89963053700020,rejete_au_classement,hors_filtre_nom,2026-10-08T12:30:29.714952+00:00,IRMENDIAG (IRMENDIAG)
77,90010260900014,rejete_au_classement,hors_filtre_nom,2026-10-08T12:23:24.014622+00:00,DIEUPART EXPERTISE
93,90011308500014,rejete_au_classement,hors_filtre_nom,2026-10-08T12:30:29.918290+00:00,LTC DIAGS
77,90026905100034,rejete_au_controle_actuel,sans_position,2026-10-08T12:23:24.252104+00:00,
77,90046025400015,rejete_au_controle_actuel,sans_position,2026-10-08T12:23:24.436618+00:00,
77,90057735400021,rejete_au_controle_actuel,sans_position,2026-10-08T12:23:24.637296+00:00,
77,90086928000017,rejete_au_controle_actuel,ferme_ou_autre_departement,2026-10-08T12:23:25.092062+00:00,
94,90097743000025,rejete_au_controle_actuel,ferme_ou_autre_departement,2026-10-08T12:37:07.594002+00:00,
93,90104276200020,rejete_au_controle_actuel,sans_position,2026-10-08T12:30:30.121714+00:00,
77,90143148600025,rejete_au_classement,hors_filtre_nom,2026-10-08T12:23:25.103201+00:00,SMART AUTOMATION MEASURE & CONTROL (SMART AUTOMATION MEASURE & CONTROL)
77,90160934700033,rejete_au_controle_actuel,ferme_ou_autre_departement,2026-10-08T10:36:44.377756+00:00,
77,90202581600015,rejete_au_controle_actuel,ferme_ou_autre_departement,2026-10-08T12:23:25.268458+00:00,
93,90226613900036,rejete_au_controle_actuel,ferme_ou_autre_departement,2026-10-08T12:30:30.321638+00:00,
94,90236022100037,rejete_au_controle_actuel,sans_position,2026-10-08T12:37:07.838324+00:00,
77,90271669500090,admissible_et_classe,,2026-10-08T10:36:44.583113+00:00,CARCAFRANCIA (CARCAFRANCIA)
93,90271669500322,admissible_et_classe,,2026-10-08T10:37:33.368311+00:00,CARCAFRANCIA (CARCAFRANCIA)
77,90271669500363,admissible_et_classe,,2026-10-08T10:36:44.788324+00:00,CARCAFRANCIA (CARCAFRANCIA)
77,90271669500496,admissible_et_classe,,2026-10-08T10:36:44.983845+00:00,CARCAFRANCIA (CARCAFRANCIA)
77,90271669500611,admissible_et_classe,,2026-10-08T10:36:45.194851+00:00,CARCAFRANCIA (CARCAFRANCIA)
93,90271669500819,admissible_et_classe,,2026-10-08T10:37:33.563959+00:00,CARCAFRANCIA (CARCAFRANCIA)
77,90271669500975,admissible_et_classe,,2026-10-08T10:36:45.392630+00:00,CARCAFRANCIA (CARCAFRANCIA)
77,90314671000012,rejete_au_controle_actuel,ferme_ou_autre_departement,2026-10-08T12:23:25.476710+00:00,
94,90325691500021,rejete_au_controle_actuel,unite_non_active,2026-10-08T12:37:08.055818+00:00,
77,90330949002101,admissible_et_classe,,2026-10-08T12:23:25.747212+00:00,RYDGE CONSEIL
94,90337060900021,rejete_au_controle_actuel,ferme_ou_autre_departement,2026-10-08T12:37:08.209476+00:00,
94,90352486600014,rejete_au_classement,hors_filtre_nom,2026-10-08T12:37:08.589626+00:00,DIGICAPTURE
93,90386907100519,rejete_au_classement,hors_filtre_nom,2026-10-08T12:30:30.955000+00:00,APAVE INFRASTRUCTURES ET CONSTRUCTION FRANCE
77,90386907100931,rejete_au_classement,hors_filtre_nom,2026-10-08T12:23:25.942039+00:00,APAVE INFRASTRUCTURES ET CONSTRUCTION FRANCE
93,90386961800756,rejete_au_classement,hors_filtre_nom,2026-10-08T12:30:31.168636+00:00,APAVE EXPLOITATION FRANCE
94,90386961800764,rejete_au_classement,hors_filtre_nom,2026-10-08T12:37:08.739429+00:00,APAVE EXPLOITATION FRANCE
77,90386961800871,rejete_au_classement,hors_filtre_nom,2026-10-08T12:23:26.099731+00:00,APAVE EXPLOITATION FRANCE
94,90386961800954,rejete_au_classement,hors_filtre_nom,2026-10-08T12:37:08.814849+00:00,APAVE EXPLOITATION FRANCE
77,90386961801507,rejete_au_classement,hors_filtre_nom,2026-10-08T12:23:26.394846+00:00,APAVE EXPLOITATION FRANCE
77,90403989800039,rejete_au_controle_actuel,sans_position,2026-10-08T12:23:26.506321+00:00,
94,90418581600017,rejete_au_controle_actuel,ferme_ou_autre_departement,2026-10-08T12:37:09.014513+00:00,
77,90478113500010,rejete_au_classement,hors_filtre_nom,2026-10-08T12:23:26.765241+00:00,EDITIONS GRASSION (PLACE DES IMAGES)
93,90498715300023,rejete_au_controle_actuel,sans_position,2026-10-08T12:30:31.340195+00:00,
77,90519318100013,rejete_au_controle_actuel,sans_position,2026-10-08T12:23:26.932479+00:00,
77,90523904200013,rejete_au_controle_actuel,unite_non_active,2026-10-08T10:36:45.587388+00:00,
94,90812788900016,rejete_au_controle_actuel,sans_position,2026-10-08T12:37:09.614249+00:00,
77,90822330800010,rejete_au_controle_actuel,ferme_ou_autre_departement,2026-10-08T12:23:27.121795+00:00,
94,90822756400022,rejete_au_classement,hors_filtre_nom,2026-10-08T12:37:09.826080+00:00,EDITECH DIAGNOSTICS
77,90842357700026,rejete_au_classement,hors_filtre_nom,2026-10-08T12:23:27.341291+00:00,MRT DIAGNOSTIC (MRT DIAGNOSTIC)
77,90877902800020,rejete_au_controle_actuel,ferme_ou_autre_departement,2026-10-08T12:23:27.735624+00:00,
94,90894323600012,rejete_au_controle_actuel,ferme_ou_autre_departement,2026-10-08T10:38:36.012195+00:00,
94,90926056400036,rejete_au_controle_actuel,unite_non_active,2026-10-08T10:38:36.190388+00:00,
94,90939003100039,rejete_au_controle_actuel,sans_position,2026-10-08T12:37:10.018261+00:00,
77,90939490000015,rejete_au_controle_actuel,ferme_ou_autre_departement,2026-10-08T12:23:27.937570+00:00,
77,90982188600019,rejete_au_controle_actuel,ferme_ou_autre_departement,2026-10-08T12:23:28.152922+00:00,
77,90987764900014,rejete_au_controle_actuel,sans_position,2026-10-08T12:23:28.571214+00:00,
93,91025145300023,rejete_au_controle_actuel,ferme_ou_autre_departement,2026-10-08T12:30:31.758766+00:00,
77,91044659000028,rejete_au_controle_actuel,sans_position,2026-10-08T12:23:28.584941+00:00,
93,91048480700011,rejete_au_classement,hors_filtre_nom,2026-10-08T12:30:31.950578+00:00,DIAGNOSTIC ET AUDIT ENERGIE (DNA ENERGIE)
93,91062611800020,rejete_au_controle_actuel,ferme_ou_autre_departement,2026-10-08T12:30:32.150091+00:00,
77,91083472000013,rejete_au_controle_actuel,ferme_ou_autre_departement,2026-10-08T12:23:28.757012+00:00,
94,91087446000017,rejete_au_controle_actuel,unite_non_active,2026-10-08T10:38:36.384490+00:00,
94,91087446000025,rejete_au_controle_actuel,unite_non_active,2026-10-08T10:38:36.594583+00:00,
77,91098442600015,rejete_au_classement,hors_filtre_nom,2026-10-08T12:23:28.969174+00:00,ALEATEC (ALEATEC)
77,91098442600023,rejete_au_classement,hors_filtre_nom,2026-10-08T12:23:29.173088+00:00,ALEATEC (ALEATEC)
94,91164331000012,rejete_au_controle_actuel,sans_position,2026-10-08T12:37:10.222083+00:00,
77,91164918400023,rejete_au_controle_actuel,sans_position,2026-10-08T12:23:29.792285+00:00,
77,91167942100014,rejete_au_controle_actuel,sans_position,2026-10-08T12:23:29.994092+00:00,
94,91219941100022,rejete_au_controle_actuel,ferme_ou_autre_departement,2026-10-08T12:37:10.420370+00:00,
94,91259261500013,rejete_au_controle_actuel,ferme_ou_autre_departement,2026-10-08T10:38:36.835494+00:00,
94,91336089700015,rejete_au_classement,hors_filtre_nom,2026-10-08T12:37:10.832530+00:00,NOVEA FRANCE
93,91337169600018,rejete_au_controle_actuel,unite_non_active,2026-10-08T12:30:32.367743+00:00,
77,91395283400012,rejete_au_controle_actuel,ferme_ou_autre_departement,2026-10-08T12:23:30.213935+00:00,
94,91407450500019,rejete_au_controle_actuel,sans_position,2026-10-08T12:37:11.028695+00:00,
94,91408762200025,rejete_au_controle_actuel,unite_non_active,2026-10-08T12:37:11.240219+00:00,
77,91427023600039,rejete_au_controle_actuel,unite_non_active,2026-10-08T12:23:30.454921+00:00,
77,91462004200020,rejete_au_controle_actuel,sans_position,2026-10-08T12:23:30.602865+00:00,
93,91476360200010,rejete_au_controle_actuel,sans_position,2026-10-08T12:30:32.548751+00:00,
94,91482091500025,rejete_au_classement,hors_filtre_nom,2026-10-08T12:37:11.462806+00:00,MY AUDIT ENERGIE
94,91484868400017,rejete_au_classement,hors_filtre_nom,2026-10-08T12:37:11.683920+00:00,ALB EXPERTISE
94,91486794000027,rejete_au_controle_actuel,sans_position,2026-10-08T12:37:11.970843+00:00,
77,91499522000011,rejete_au_controle_actuel,sans_position,2026-10-08T12:23:30.814051+00:00,
94,91503218900010,rejete_au_classement,hors_filtre_nom,2026-10-08T12:37:12.049985+00:00,PILION
94,91764785100026,rejete_au_classement,hors_filtre_nom,2026-10-08T12:37:12.286484+00:00,MIA LLC (PERFORMANCES DIAGNOSTICS)
93,91782975600043,rejete_au_controle_actuel,unite_non_active,2026-10-08T12:30:32.839256+00:00,
94,91786268200023,rejete_au_controle_actuel,sans_position,2026-10-08T12:37:12.802244+00:00,
94,91820119500016,rejete_au_controle_actuel,ferme_ou_autre_departement,2026-10-08T10:38:37.025491+00:00,
77,91820119500024,rejete_au_controle_actuel,ferme_ou_autre_departement,2026-10-08T10:36:45.855227+00:00,
77,91833140600010,rejete_au_controle_actuel,sans_position,2026-10-08T12:23:31.182125+00:00,
93,91871049200029,rejete_au_classement,hors_filtre_nom,2026-10-08T12:30:32.969246+00:00,L.A INSPECTION
77,91888193900014,rejete_au_controle_actuel,sans_position,2026-10-08T12:23:31.593367+00:00,
77,91900662700039,rejete_au_controle_actuel,sans_position,2026-10-08T12:23:31.418163+00:00,
93,91903492600049,rejete_au_controle_actuel,sans_position,2026-10-08T12:30:33.245688+00:00,
94,91923948300010,rejete_au_controle_actuel,ferme_ou_autre_departement,2026-10-08T10:38:37.200376+00:00,
77,91934065300014,rejete_au_controle_actuel,ferme_ou_autre_departement,2026-10-08T12:23:31.622799+00:00,
94,91938322400012,rejete_au_controle_actuel,ferme_ou_autre_departement,2026-10-08T12:37:12.865784+00:00,
94,91984484500017,rejete_au_classement,hors_filtre_nom,2026-10-08T12:37:13.358498+00:00,ENERGIE WOOD (ENERGIE WOOD)
94,92036428800018,rejete_au_controle_actuel,ferme_ou_autre_departement,2026-10-08T10:38:37.403865+00:00,
77,92048752700037,rejete_au_controle_actuel,sans_position,2026-10-08T12:23:31.836303+00:00,
94,92049014100016,rejete_au_controle_actuel,ferme_ou_autre_departement,2026-10-08T12:37:13.481510+00:00,
77,92050238200012,rejete_au_controle_actuel,ferme_ou_autre_departement,2026-10-08T12:23:32.158181+00:00,
77,92069548300015,rejete_au_controle_actuel,ferme_ou_autre_departement,2026-10-08T12:23:32.259180+00:00,
94,92086893200012,rejete_au_controle_actuel,sans_position,2026-10-08T12:37:13.682116+00:00,
93,92087544000017,rejete_au_controle_actuel,ferme_ou_autre_departement,2026-10-08T10:37:33.756424+00:00,
77,92123839000014,rejete_au_controle_actuel,ferme_ou_autre_departement,2026-10-08T12:23:33.084767+00:00,
77,92149454800040,rejete_au_controle_actuel,sans_position,2026-10-08T12:23:33.275017+00:00,
93,92170351800024,rejete_au_classement,hors_filtre_nom,2026-10-08T12:30:33.368686+00:00,ESTIMA-DIAG
94,92172259100036,rejete_au_controle_actuel,sans_position,2026-10-08T12:37:13.888655+00:00,
93,92181225100012,rejete_au_controle_actuel,unite_non_active,2026-10-08T12:30:33.574085+00:00,
93,92202686900029,rejete_au_controle_actuel,ferme_ou_autre_departement,2026-10-08T10:37:33.975312+00:00,
93,92507552500038,rejete_au_controle_actuel,ferme_ou_autre_departement,2026-10-08T12:30:33.971005+00:00,
93,92537566900023,rejete_au_controle_actuel,unite_non_active,2026-10-08T12:30:34.174648+00:00,
93,92779110300017,rejete_au_controle_actuel,unite_non_active,2026-10-08T12:30:34.395012+00:00,
94,92818869700017,rejete_au_controle_actuel,sans_position,2026-10-08T12:37:14.091078+00:00,
77,92910326500021,rejete_au_controle_actuel,ferme_ou_autre_departement,2026-10-08T10:36:46.039729+00:00,
93,92952834700016,rejete_au_controle_actuel,ferme_ou_autre_departement,2026-10-08T12:30:34.785495+00:00,
94,93033565800017,rejete_au_controle_actuel,ferme_ou_autre_departement,2026-10-08T12:37:14.516106+00:00,
93,93264336400015,rejete_au_controle_actuel,ferme_ou_autre_departement,2026-10-08T10:37:34.172194+00:00,
77,93303367200017,rejete_au_controle_actuel,sans_position,2026-10-08T12:23:33.477451+00:00,
94,93307574900020,rejete_au_controle_actuel,sans_position,2026-10-08T12:37:14.684222+00:00,
93,93356466800012,rejete_au_controle_actuel,unite_non_active,2026-10-08T12:30:34.994584+00:00,
93,93367197600019,rejete_au_controle_actuel,ferme_ou_autre_departement,2026-10-08T12:30:35.189691+00:00,
94,93399886600026,rejete_au_controle_actuel,sans_position,2026-10-08T12:37:14.883047+00:00,
77,93405324000024,rejete_au_controle_actuel,sans_position,2026-10-08T12:23:33.689426+00:00,
77,93406779400016,rejete_au_controle_actuel,sans_position,2026-10-08T12:23:33.894588+00:00,
93,93439089900011,rejete_au_controle_actuel,ferme_ou_autre_departement,2026-10-08T12:30:35.387728+00:00,
77,93439751400019,rejete_au_controle_actuel,sans_position,2026-10-08T12:23:34.253120+00:00,
77,93481621600014,rejete_au_controle_actuel,sans_position,2026-10-08T12:23:34.304992+00:00,
77,93524306300036,rejete_au_controle_actuel,sans_position,2026-10-08T12:23:34.580266+00:00,
77,93537335700026,rejete_au_controle_actuel,ferme_ou_autre_departement,2026-10-08T10:36:46.234422+00:00,
94,93828251400026,rejete_au_controle_actuel,sans_position,2026-10-08T12:37:15.200721+00:00,
93,93838689300078,admissible_et_classe,,2026-10-08T10:37:35.492545+00:00,START PEOPLE 10
93,93838689300540,admissible_et_classe,,2026-10-08T10:37:34.680371+00:00,START PEOPLE 10
94,94777216600015,rejete_au_controle_actuel,ferme_ou_autre_departement,2026-10-08T12:37:15.288340+00:00,
93,94779198400018,rejete_au_controle_actuel,ferme_ou_autre_departement,2026-10-08T10:37:34.876679+00:00,
93,94784554100012,rejete_au_controle_actuel,ferme_ou_autre_departement,2026-10-08T12:30:35.614358+00:00,
77,94836714900010,rejete_au_classement,hors_filtre_nom,2026-10-08T12:23:34.747141+00:00,CENTRE DE CHRONO TACHYGRAPHIE DE PARIS NORD EST (CCTPNE)
77,94836714900028,rejete_au_classement,hors_filtre_nom,2026-10-08T12:23:34.925382+00:00,CENTRE DE CHRONO TACHYGRAPHIE DE PARIS NORD EST (CCTPNE)
93,94843010300028,rejete_au_classement,hors_filtre_nom,2026-10-08T12:30:35.797781+00:00,JL IT (JL IT)
77,94853117300037,rejete_au_controle_actuel,sans_position,2026-10-08T12:23:35.500880+00:00,
94,94856060200013,rejete_au_classement,hors_filtre_nom,2026-10-08T12:37:15.507289+00:00,DIAGACTION
77,95108339300011,rejete_au_classement,hors_filtre_nom,2026-10-08T12:23:35.500702+00:00,TEKNI
94,95112988100029,rejete_au_controle_actuel,sans_position,2026-10-08T12:37:15.711622+00:00,
94,95121049100027,rejete_au_controle_actuel,sans_position,2026-10-08T12:37:15.916762+00:00,
77,95154694400012,rejete_au_controle_actuel,sans_position,2026-10-08T12:23:35.698716+00:00,
77,95173572900026,rejete_au_controle_actuel,sans_position,2026-10-08T12:23:35.753701+00:00,
77,95178331500017,rejete_au_controle_actuel,ferme_ou_autre_departement,2026-10-08T12:23:35.969794+00:00,
77,95227471000013,rejete_au_controle_actuel,unite_non_active,2026-10-08T12:23:36.166874+00:00,
94,95272480500025,rejete_au_controle_actuel,sans_position,2026-10-08T12:37:16.317217+00:00,
94,95315918300029,rejete_au_controle_actuel,ferme_ou_autre_departement,2026-10-08T12:37:16.514889+00:00,
77,95324773100011,rejete_au_controle_actuel,sans_position,2026-10-08T12:23:36.446020+00:00,
77,95348186800032,rejete_au_controle_actuel,sans_position,2026-10-08T12:23:36.589267+00:00,
77,95354095200025,rejete_au_controle_actuel,non_diffusible,2026-10-08T10:36:46.442465+00:00,
77,95354095200033,rejete_au_controle_actuel,non_diffusible,2026-10-08T10:36:46.647439+00:00,
93,95375803400011,rejete_au_controle_actuel,unite_non_active,2026-10-08T10:37:35.089882+00:00,
77,95380601500012,rejete_au_classement,hors_filtre_nom,2026-10-08T12:23:36.795960+00:00,SAS VR 77 (CHRONO ACTION)
77,95380601500046,rejete_au_classement,hors_filtre_nom,2026-10-08T12:23:36.998864+00:00,SAS VR 77 (CHRONO ACTION)
77,95396866600016,rejete_au_controle_actuel,sans_position,2026-10-08T12:23:37.466717+00:00,
94,95450974100144,admissible_et_classe,,2026-10-08T12:37:16.937809+00:00,CREDIT LYONNAIS (LCL)
94,95450974100151,admissible_et_classe,,2026-10-08T12:37:17.153530+00:00,CREDIT LYONNAIS (LCL)
94,95450974100169,admissible_et_classe,,2026-10-08T12:37:17.670727+00:00,CREDIT LYONNAIS (LCL)
94,95450974100177,admissible_et_classe,,2026-10-08T12:37:17.617582+00:00,CREDIT LYONNAIS (LCL)
94,95450974100185,admissible_et_classe,,2026-10-08T12:37:17.803582+00:00,CREDIT LYONNAIS (LCL)
94,95450974100193,admissible_et_classe,,2026-10-08T12:37:18.123733+00:00,CREDIT LYONNAIS (LCL)
94,95450974104716,admissible_et_classe,,2026-10-08T10:38:37.620906+00:00,CREDIT LYONNAIS (LCL)
93,95450974104757,admissible_et_classe,,2026-10-08T10:37:35.294868+00:00,CREDIT LYONNAIS (LCL)
93,95450974104773,admissible_et_classe,,2026-10-08T10:37:35.527329+00:00,CREDIT LYONNAIS (LCL)
93,95450974104781,admissible_et_classe,,2026-10-08T10:37:35.698871+00:00,CREDIT LYONNAIS (LCL)
93,95450974104799,admissible_et_classe,,2026-10-08T10:37:36.010304+00:00,CREDIT LYONNAIS (LCL)
93,95450974104807,admissible_et_classe,,2026-10-08T10:37:37.129970+00:00,CREDIT LYONNAIS (LCL)
93,95450974104823,admissible_et_classe,,2026-10-08T10:37:37.472752+00:00,CREDIT LYONNAIS (LCL)
93,95450974104831,admissible_et_classe,,2026-10-08T10:37:36.525589+00:00,CREDIT LYONNAIS (LCL)
93,95450974104856,admissible_et_classe,,2026-10-08T10:37:36.719536+00:00,CREDIT LYONNAIS (LCL)
93,95450974104872,admissible_et_classe,,2026-10-08T10:37:37.955110+00:00,CREDIT LYONNAIS (LCL)
93,95450974104880,admissible_et_classe,,2026-10-08T10:37:37.130338+00:00,CREDIT LYONNAIS (LCL)
93,95450974104898,admissible_et_classe,,2026-10-08T10:37:37.473186+00:00,CREDIT LYONNAIS (LCL)
93,95450974104906,admissible_et_classe,,2026-10-08T10:37:38.567564+00:00,CREDIT LYONNAIS (LCL)
77,95450974115399,admissible_et_classe,,2026-10-08T12:23:37.619174+00:00,CREDIT LYONNAIS (LCL)
77,95450974116876,admissible_et_classe,,2026-10-08T12:23:37.936229+00:00,CREDIT LYONNAIS (LCL)
77,95450974116918,admissible_et_classe,,2026-10-08T12:23:38.036334+00:00,CREDIT LYONNAIS (LCL)
77,95450974116942,admissible_et_classe,,2026-10-08T12:23:38.499131+00:00,CREDIT LYONNAIS (LCL)
77,95450974117106,admissible_et_classe,,2026-10-08T12:23:38.494072+00:00,CREDIT LYONNAIS (LCL)
77,95450974117171,admissible_et_classe,,2026-10-08T12:23:38.650507+00:00,CREDIT LYONNAIS (LCL)
94,95450974118955,admissible_et_classe,,2026-10-08T12:37:18.157140+00:00,CREDIT LYONNAIS (LCL)
94,95450974118963,admissible_et_classe,,2026-10-08T12:37:18.382356+00:00,CREDIT LYONNAIS (LCL)
94,95450974119177,admissible_et_classe,,2026-10-08T12:37:18.582341+00:00,CREDIT LYONNAIS (LCL)
94,95450974119193,admissible_et_classe,,2026-10-08T12:37:18.795705+00:00,CREDIT LYONNAIS (LCL)
94,95450974119284,admissible_et_classe,,2026-10-08T12:37:18.999336+00:00,CREDIT LYONNAIS (LCL)
94,95450974119466,admissible_et_classe,,2026-10-08T12:37:19.241841+00:00,CREDIT LYONNAIS (LCL)
94,95450974119490,admissible_et_classe,,2026-10-08T12:37:19.407466+00:00,CREDIT LYONNAIS (LCL)
94,95450974119516,admissible_et_classe,,2026-10-08T12:37:19.605482+00:00,CREDIT LYONNAIS (LCL)
94,95450974119557,admissible_et_classe,,2026-10-08T12:37:19.812950+00:00,CREDIT LYONNAIS (LCL)
94,95450974119581,admissible_et_classe,,2026-10-08T12:37:20.024791+00:00,CREDIT LYONNAIS (LCL)
94,95450974119623,admissible_et_classe,,2026-10-08T12:37:20.226840+00:00,CREDIT LYONNAIS (LCL)
94,95450974119631,admissible_et_classe,,2026-10-08T12:37:20.458073+00:00,CREDIT LYONNAIS (LCL)
94,95450974119664,admissible_et_classe,,2026-10-08T12:37:20.568541+00:00,CREDIT LYONNAIS (LCL)
94,95450974119680,admissible_et_classe,,2026-10-08T12:37:20.784411+00:00,CREDIT LYONNAIS (LCL)
94,95450974119748,admissible_et_classe,,2026-10-08T12:37:20.979675+00:00,CREDIT LYONNAIS (LCL)
93,95450974119870,admissible_et_classe,,2026-10-08T12:30:36.019530+00:00,CREDIT LYONNAIS (LCL)
93,95450974119912,admissible_et_classe,,2026-10-08T12:30:36.209380+00:00,CREDIT LYONNAIS (LCL)
94,95450974119961,admissible_et_classe,,2026-10-08T12:37:21.177549+00:00,CREDIT LYONNAIS (LCL)
94,95450974119979,admissible_et_classe,,2026-10-08T12:37:21.388208+00:00,CREDIT LYONNAIS (LCL)
93,95450974120027,admissible_et_classe,,2026-10-08T12:30:36.481850+00:00,CREDIT LYONNAIS (LCL)
93,95450974120050,admissible_et_classe,,2026-10-08T12:30:36.620062+00:00,CREDIT LYONNAIS (LCL)
93,95450974120134,admissible_et_classe,,2026-10-08T12:30:36.821428+00:00,CREDIT LYONNAIS (LCL)
93,95450974120282,admissible_et_classe,,2026-10-08T12:30:37.018414+00:00,CREDIT LYONNAIS (LCL)
93,95450974120399,admissible_et_classe,,2026-10-08T12:30:37.242726+00:00,CREDIT LYONNAIS (LCL)
94,95450974120415,admissible_et_classe,,2026-10-08T12:37:21.815453+00:00,CREDIT LYONNAIS (LCL)
93,95450974120472,admissible_et_classe,,2026-10-08T12:30:37.432591+00:00,CREDIT LYONNAIS (LCL)
93,95450974120548,admissible_et_classe,,2026-10-08T12:30:37.630814+00:00,CREDIT LYONNAIS (LCL)
93,95450974120621,admissible_et_classe,,2026-10-08T12:30:37.927927+00:00,CREDIT LYONNAIS (LCL)
93,95450974120662,admissible_et_classe,,2026-10-08T12:30:38.046642+00:00,CREDIT LYONNAIS (LCL)
94,95450974120688,admissible_et_classe,,2026-10-08T12:37:21.801675+00:00,CREDIT LYONNAIS (LCL)
94,95450974120829,admissible_et_classe,,2026-10-08T12:37:22.008500+00:00,CREDIT LYONNAIS (LCL)
94,95450974120894,admissible_et_classe,,2026-10-08T12:37:22.202238+00:00,CREDIT LYONNAIS (LCL)
94,95450974120951,admissible_et_classe,,2026-10-08T12:37:22.512534+00:00,CREDIT LYONNAIS (LCL)
94,95450974121041,admissible_et_classe,,2026-10-08T12:37:22.683667+00:00,CREDIT LYONNAIS (LCL)
94,95450974121280,admissible_et_classe,,2026-10-08T12:37:23.094871+00:00,CREDIT LYONNAIS (LCL)
94,95450974121413,admissible_et_classe,,2026-10-08T12:37:23.094798+00:00,CREDIT LYONNAIS (LCL)
94,95450974121470,admissible_et_classe,,2026-10-08T12:37:23.291414+00:00,CREDIT LYONNAIS (LCL)
94,95450974121488,admissible_et_classe,,2026-10-08T12:37:23.495658+00:00,CREDIT LYONNAIS (LCL)
94,95450974121504,admissible_et_classe,,2026-10-08T12:37:23.707528+00:00,CREDIT LYONNAIS (LCL)
94,95450974122379,admissible_et_classe,,2026-10-08T12:37:23.912079+00:00,CREDIT LYONNAIS (LCL)
93,95450974122692,admissible_et_classe,,2026-10-08T12:30:38.250207+00:00,CREDIT LYONNAIS (LCL)
94,95450974123906,admissible_et_classe,,2026-10-08T12:37:24.138213+00:00,CREDIT LYONNAIS (LCL)
77,95450974124060,admissible_et_classe,,2026-10-08T12:23:38.863179+00:00,CREDIT LYONNAIS (LCL)
93,95450974124102,admissible_et_classe,,2026-10-08T12:30:38.463749+00:00,CREDIT LYONNAIS (LCL)
94,95450974124748,admissible_et_classe,,2026-10-08T12:37:24.323811+00:00,CREDIT LYONNAIS (LCL)
77,95450974125133,admissible_et_classe,,2026-10-08T12:23:39.071248+00:00,CREDIT LYONNAIS (LCL)
93,95450974125257,admissible_et_classe,,2026-10-08T12:30:38.667455+00:00,CREDIT LYONNAIS (LCL)
94,95450974126453,admissible_et_classe,,2026-10-08T12:37:24.567382+00:00,CREDIT LYONNAIS (LCL)
93,95450974126586,admissible_et_classe,,2026-10-08T12:30:38.851756+00:00,CREDIT LYONNAIS (LCL)
94,95450974126933,admissible_et_classe,,2026-10-08T12:37:24.773380+00:00,CREDIT LYONNAIS (LCL)
77,95450974126966,admissible_et_classe,,2026-10-08T12:23:39.269762+00:00,CREDIT LYONNAIS (LCL)
77,95450974127170,admissible_et_classe,,2026-10-08T12:23:39.472147+00:00,CREDIT LYONNAIS (LCL)
94,95450974127949,admissible_et_classe,,2026-10-08T12:37:24.929697+00:00,CREDIT LYONNAIS (LCL)
77,95450974128384,admissible_et_classe,,2026-10-08T12:23:39.667312+00:00,CREDIT LYONNAIS (LCL)
93,95450974128392,admissible_et_classe,,2026-10-08T12:30:39.085305+00:00,CREDIT LYONNAIS (LCL)
77,95450974129853,admissible_et_classe,,2026-10-08T12:23:39.889476+00:00,CREDIT LYONNAIS (LCL)
94,95450974129861,admissible_et_classe,,2026-10-08T12:37:25.237492+00:00,CREDIT LYONNAIS (LCL)
94,95450974129929,admissible_et_classe,,2026-10-08T12:37:25.338718+00:00,CREDIT LYONNAIS (LCL)
93,95450974130232,admissible_et_classe,,2026-10-08T12:30:39.267071+00:00,CREDIT LYONNAIS (LCL)
93,95450974130646,admissible_et_classe,,2026-10-08T12:30:39.470549+00:00,CREDIT LYONNAIS (LCL)
93,95450974130885,admissible_et_classe,,2026-10-08T12:30:39.683970+00:00,CREDIT LYONNAIS (LCL)
93,95450974130927,admissible_et_classe,,2026-10-08T12:30:39.929051+00:00,CREDIT LYONNAIS (LCL)
94,95450974131008,admissible_et_classe,,2026-10-08T12:37:25.652788+00:00,CREDIT LYONNAIS (LCL)
77,95450974131297,admissible_et_classe,,2026-10-08T12:23:40.095354+00:00,CREDIT LYONNAIS (LCL)
77,95450974131339,admissible_et_classe,,2026-10-08T12:23:40.307660+00:00,CREDIT LYONNAIS (LCL)
94,95450974131875,admissible_et_classe,,2026-10-08T12:37:25.748602+00:00,CREDIT LYONNAIS (LCL)
77,95450974132089,admissible_et_classe,,2026-10-08T12:23:40.493861+00:00,CREDIT LYONNAIS (LCL)
93,95450974132139,admissible_et_classe,,2026-10-08T12:30:40.096119+00:00,CREDIT LYONNAIS (LCL)
77,95450974132154,admissible_et_classe,,2026-10-08T12:23:40.714523+00:00,CREDIT LYONNAIS (LCL)
94,95450974132600,admissible_et_classe,,2026-10-08T12:37:25.959614+00:00,CREDIT LYONNAIS (LCL)
77,95450974133012,admissible_et_classe,,2026-10-08T12:23:40.915977+00:00,CREDIT LYONNAIS (LCL)
93,95450974133145,admissible_et_classe,,2026-10-08T12:30:40.285035+00:00,CREDIT LYONNAIS (LCL)
77,95450974133160,admissible_et_classe,,2026-10-08T12:23:41.187921+00:00,CREDIT LYONNAIS (LCL)
93,95450974133772,admissible_et_classe,,2026-10-08T12:30:40.481865+00:00,CREDIT LYONNAIS (LCL)
77,95450974134184,admissible_et_classe,,2026-10-08T12:23:41.494906+00:00,CREDIT LYONNAIS (LCL)
77,95450974134291,admissible_et_classe,,2026-10-08T12:23:41.614197+00:00,CREDIT LYONNAIS (LCL)
93,95450974134333,admissible_et_classe,,2026-10-08T12:30:40.696288+00:00,CREDIT LYONNAIS (LCL)
77,95450974134846,admissible_et_classe,,2026-10-08T12:23:41.739441+00:00,CREDIT LYONNAIS (LCL)
94,95450974134861,admissible_et_classe,,2026-10-08T12:37:26.161552+00:00,CREDIT LYONNAIS (LCL)
77,95450974135934,admissible_et_classe,,2026-10-08T12:23:41.953950+00:00,CREDIT LYONNAIS (LCL)
94,95450974136148,admissible_et_classe,,2026-10-08T12:37:26.363474+00:00,CREDIT LYONNAIS (LCL)
94,95450974137070,admissible_et_classe,,2026-10-08T12:37:26.584554+00:00,CREDIT LYONNAIS (LCL)
77,95450974137484,admissible_et_classe,,2026-10-08T12:23:42.327887+00:00,CREDIT LYONNAIS (LCL)
94,95450974137625,admissible_et_classe,,2026-10-08T12:37:26.778646+00:00,CREDIT LYONNAIS (LCL)
77,95450974137781,admissible_et_classe,,2026-10-08T12:23:42.359034+00:00,CREDIT LYONNAIS (LCL)
94,95450974137971,admissible_et_classe,,2026-10-08T12:37:26.991708+00:00,CREDIT LYONNAIS (LCL)
94,95450974138037,admissible_et_classe,,2026-10-08T12:37:27.187917+00:00,CREDIT LYONNAIS (LCL)
94,95450974138383,admissible_et_classe,,2026-10-08T12:37:27.331540+00:00,CREDIT LYONNAIS (LCL)
93,95450974138540,admissible_et_classe,,2026-10-08T12:30:40.895329+00:00,CREDIT LYONNAIS (LCL)
93,95450974138565,admissible_et_classe,,2026-10-08T12:30:41.091353+00:00,CREDIT LYONNAIS (LCL)
94,95450974138664,admissible_et_classe,,2026-10-08T12:37:27.592750+00:00,CREDIT LYONNAIS (LCL)
93,95450974139555,admissible_et_classe,,2026-10-08T12:30:41.304387+00:00,CREDIT LYONNAIS (LCL)
93,95450974139704,admissible_et_classe,,2026-10-08T12:30:41.505047+00:00,CREDIT LYONNAIS (LCL)
94,95450974139886,admissible_et_classe,,2026-10-08T12:37:27.797102+00:00,CREDIT LYONNAIS (LCL)
77,95450974139944,admissible_et_classe,,2026-10-08T12:23:42.592665+00:00,CREDIT LYONNAIS (LCL)
93,95450974139951,admissible_et_classe,,2026-10-08T12:30:41.739887+00:00,CREDIT LYONNAIS (LCL)
93,95450974139977,admissible_et_classe,,2026-10-08T12:30:41.906106+00:00,CREDIT LYONNAIS (LCL)
93,95450974140249,admissible_et_classe,,2026-10-08T12:30:42.109918+00:00,CREDIT LYONNAIS (LCL)
93,97120405200676,admissible_et_classe,,2026-10-08T10:37:37.751144+00:00,HILTI-FRANCE
94,97120405201658,admissible_et_classe,,2026-10-08T10:38:37.824793+00:00,HILTI-FRANCE
93,97120405201799,admissible_et_classe,,2026-10-08T12:30:42.318113+00:00,HILTI-FRANCE
93,97120405201807,admissible_et_classe,,2026-10-08T12:30:42.547326+00:00,HILTI-FRANCE
93,97120405202037,admissible_et_classe,,2026-10-08T12:30:42.721110+00:00,HILTI-FRANCE
77,97220001804994,admissible_et_classe,,2026-10-08T12:23:42.769947+00:00,FIDUCIAL CONSULTING (FIDUCIAL CONSULTING) (FIDINFOR)
94,97220001805918,admissible_et_classe,,2026-10-08T10:38:38.031606+00:00,FIDUCIAL CONSULTING (FIDUCIAL CONSULTING) (FIDINFOR)
77,97220001807724,admissible_et_classe,,2026-10-08T12:23:42.972668+00:00,FIDUCIAL CONSULTING (FIDUCIAL CONSULTING) (FIDINFOR)
77,97220001807757,admissible_et_classe,,2026-10-08T12:23:43.241363+00:00,FIDUCIAL CONSULTING (FIDUCIAL CONSULTING) (FIDINFOR)
77,97220001808490,admissible_et_classe,,2026-10-08T12:23:43.383991+00:00,FIDUCIAL CONSULTING (FIDUCIAL CONSULTING) (FIDINFOR)
77,97220001809225,admissible_et_classe,,2026-10-08T12:23:43.595507+00:00,FIDUCIAL CONSULTING (FIDUCIAL CONSULTING) (FIDINFOR)
77,97220001810124,admissible_et_classe,,2026-10-08T12:23:43.803095+00:00,FIDUCIAL CONSULTING (FIDUCIAL CONSULTING) (FIDINFOR)
77,97350535701521,admissible_et_classe,,2026-10-08T12:23:43.996897+00:00,FEDEX EXPRESS FR
93,97350535701711,admissible_et_classe,,2026-10-08T12:30:42.921387+00:00,FEDEX EXPRESS FR
93,97350535701729,admissible_et_classe,,2026-10-08T12:30:43.144023+00:00,FEDEX EXPRESS FR
77,97350535701836,admissible_et_classe,,2026-10-08T12:23:44.212100+00:00,FEDEX EXPRESS FR
77,97351001901215,admissible_et_classe,,2026-10-08T12:23:44.412863+00:00,DELTA SECURITY SOLUTIONS (IDS)
77,97750147700029,rejete_au_classement,hors_filtre_nom,2026-10-08T12:23:44.601986+00:00,AXM DIAG
93,97767273200418,rejete_au_controle_actuel,sans_position,2026-10-08T12:30:43.334517+00:00,
93,97781618000011,rejete_au_controle_actuel,unite_non_active,2026-10-08T12:30:43.715587+00:00,
94,97787963400011,rejete_au_controle_actuel,ferme_ou_autre_departement,2026-10-08T12:37:28.206734+00:00,
94,97793052800012,rejete_au_classement,hors_filtre_nom,2026-10-08T12:37:28.416728+00:00,POLYXO
94,97811765300029,rejete_au_classement,hors_filtre_nom,2026-10-08T12:37:28.555699+00:00,DIAGOBAH ILE DE FRANCE
94,97825024900015,rejete_au_controle_actuel,ferme_ou_autre_departement,2026-10-08T12:37:28.821858+00:00,
94,97855063000039,rejete_au_controle_actuel,sans_position,2026-10-08T12:37:28.963981+00:00,
77,97873041400056,rejete_au_controle_actuel,sans_position,2026-10-08T12:23:44.809865+00:00,
94,97923760900024,rejete_au_controle_actuel,ferme_ou_autre_departement,2026-10-08T10:38:38.221785+00:00,
77,97942026200029,rejete_au_controle_actuel,sans_position,2026-10-08T12:23:45.031890+00:00,
77,97957271600012,rejete_au_classement,hors_filtre_nom,2026-10-08T12:23:45.228166+00:00,CEZIA DIAGNOSTICS
93,97963166000011,rejete_au_controle_actuel,ferme_ou_autre_departement,2026-10-08T10:37:38.972666+00:00,
77,97971781600016,rejete_au_controle_actuel,sans_position,2026-10-08T12:23:45.435458+00:00,
77,97986400600023,rejete_au_controle_actuel,sans_position,2026-10-08T12:23:45.693153+00:00,
77,97986400600031,rejete_au_controle_actuel,sans_position,2026-10-08T12:23:45.854328+00:00,
77,97986400600049,rejete_au_controle_actuel,sans_position,2026-10-08T12:23:46.059427+00:00,
77,97986400600056,rejete_au_controle_actuel,sans_position,2026-10-08T12:23:46.485345+00:00,
77,97986400600064,rejete_au_controle_actuel,sans_position,2026-10-08T12:23:46.485599+00:00,
77,97986400600072,rejete_au_controle_actuel,sans_position,2026-10-08T12:23:46.792460+00:00,
77,97986400600080,rejete_au_controle_actuel,sans_position,2026-10-08T12:23:46.913065+00:00,
77,97986400600098,rejete_au_controle_actuel,sans_position,2026-10-08T12:23:47.093421+00:00,
77,97986400600106,rejete_au_controle_actuel,sans_position,2026-10-08T12:23:47.316445+00:00,
77,97986400600585,rejete_au_controle_actuel,sans_position,2026-10-08T12:23:47.508431+00:00,
93,97987940000021,rejete_au_controle_actuel,unite_non_active,2026-10-08T12:30:43.721292+00:00,
93,98002525800016,rejete_au_classement,hors_filtre_nom,2026-10-08T12:30:43.923397+00:00,KABAM
77,98007862000021,rejete_au_controle_actuel,unite_non_active,2026-10-08T10:36:46.849881+00:00,
77,98036909400019,rejete_au_controle_actuel,sans_position,2026-10-08T12:23:47.708629+00:00,
77,98071294700012,rejete_au_controle_actuel,sans_position,2026-10-08T12:23:48.123875+00:00,
94,98084423700027,rejete_au_classement,hors_filtre_nom,2026-10-08T12:37:29.168233+00:00,CPM DIAGNOSTICS
93,98090813100017,rejete_au_controle_actuel,unite_non_active,2026-10-08T12:30:44.335045+00:00,
93,98097358000015,rejete_au_classement,hors_filtre_nom,2026-10-08T12:30:44.541025+00:00,ADMEX
93,98100504400012,rejete_au_controle_actuel,unite_non_active,2026-10-08T10:37:39.184567+00:00,
94,98134736200049,rejete_au_controle_actuel,sans_position,2026-10-08T12:37:29.468642+00:00,
93,98162197200026,rejete_au_classement,hors_filtre_nom,2026-10-08T12:30:44.742593+00:00,MAF AUDIT ENERGIES
93,98166669600019,rejete_au_classement,hors_filtre_nom,2026-10-08T12:30:44.948093+00:00,DIAG SOLUTION
94,98317737900010,rejete_au_controle_actuel,ferme_ou_autre_departement,2026-10-08T12:37:29.648071+00:00,
77,98321064200028,rejete_au_classement,hors_filtre_nom,2026-10-08T12:23:48.322355+00:00,SECUGRIMPE
77,98332395700263,rejete_au_controle_actuel,sans_position,2026-10-08T12:23:48.506014+00:00,
94,98342031600017,rejete_au_classement,hors_filtre_nom,2026-10-08T12:37:29.749385+00:00,ORANGES CONTROLES
94,98399389000042,rejete_au_controle_actuel,sans_position,2026-10-08T12:37:30.341488+00:00,
77,98418127100011,rejete_au_controle_actuel,sans_position,2026-10-08T12:23:48.716838+00:00,
94,98455643100018,rejete_au_controle_actuel,ferme_ou_autre_departement,2026-10-08T12:37:30.528823+00:00,
77,98477023000030,rejete_au_controle_actuel,sans_position,2026-10-08T12:23:48.909269+00:00,
93,98481721300015,rejete_au_classement,hors_filtre_nom,2026-10-08T12:30:45.563175+00:00,TAMPER DIAGNOSTICS
93,98501938900016,rejete_au_controle_actuel,unite_non_active,2026-10-08T12:30:45.757600+00:00,
93,98516630500088,rejete_au_controle_actuel,sans_position,2026-10-08T12:30:45.963834+00:00,
94,98533865600020,rejete_au_classement,hors_filtre_nom,2026-10-08T12:37:30.730525+00:00,CQCM
93,98739598500029,rejete_au_controle_actuel,sans_position,2026-10-08T12:30:46.175511+00:00,
94,98751086400026,rejete_au_controle_actuel,sans_position,2026-10-08T12:37:30.988298+00:00,
77,98760351100013,rejete_au_classement,hors_filtre_nom,2026-10-08T12:23:49.110558+00:00,E.D.B 77
77,98779280100019,rejete_au_classement,hors_filtre_nom,2026-10-08T12:23:49.326356+00:00,AXM ENERGIE
77,98783791100021,rejete_au_controle_actuel,sans_position,2026-10-08T12:23:49.526736+00:00,
77,98783791100039,rejete_au_controle_actuel,sans_position,2026-10-08T12:23:49.725629+00:00,
77,99882350402106,admissible_et_classe,,2026-10-08T10:36:47.053840+00:00,"ADECCO FRANCE (ADECCO FRANCE, LHH RECRUITMENT SOLUTIONS, AKKODIS TALENT, QAPA)"
77,99882350408467,admissible_et_classe,,2026-10-08T12:23:49.987105+00:00,"ADECCO FRANCE (ADECCO FRANCE, LHH RECRUITMENT SOLUTIONS, AKKODIS TALENT, QAPA)"
94,99882350411453,admissible_et_classe,,2026-10-08T12:37:31.210970+00:00,"ADECCO FRANCE (ADECCO FRANCE, LHH RECRUITMENT SOLUTIONS, AKKODIS TALENT, QAPA)"
93,99882350413798,admissible_et_classe,,2026-10-08T12:30:46.400455+00:00,"ADECCO FRANCE (ADECCO FRANCE, LHH RECRUITMENT SOLUTIONS, AKKODIS TALENT, QAPA)"
93,99882350413806,admissible_et_classe,,2026-10-08T12:30:46.586117+00:00,"ADECCO FRANCE (ADECCO FRANCE, LHH RECRUITMENT SOLUTIONS, AKKODIS TALENT, QAPA)"
94,99882350416510,admissible_et_classe,,2026-10-08T12:37:31.359690+00:00,"ADECCO FRANCE (ADECCO FRANCE, LHH RECRUITMENT SOLUTIONS, AKKODIS TALENT, QAPA)"
77,99882350416973,admissible_et_classe,,2026-10-08T12:23:50.133929+00:00,"ADECCO FRANCE (ADECCO FRANCE, LHH RECRUITMENT SOLUTIONS, AKKODIS TALENT, QAPA)"
77,99882350418730,admissible_et_classe,,2026-10-08T12:23:50.376827+00:00,"ADECCO FRANCE (ADECCO FRANCE, LHH RECRUITMENT SOLUTIONS, AKKODIS TALENT, QAPA)"
94,99882350419035,admissible_et_classe,,2026-10-08T12:37:31.543848+00:00,"ADECCO FRANCE (ADECCO FRANCE, LHH RECRUITMENT SOLUTIONS, AKKODIS TALENT, QAPA)"
77,99882350426410,admissible_et_classe,,2026-10-08T12:23:50.574091+00:00,"ADECCO FRANCE (ADECCO FRANCE, LHH RECRUITMENT SOLUTIONS, AKKODIS TALENT, QAPA)"
77,99882350432012,admissible_et_classe,,2026-10-08T12:23:50.779061+00:00,"ADECCO FRANCE (ADECCO FRANCE, LHH RECRUITMENT SOLUTIONS, AKKODIS TALENT, QAPA)"
77,99882350432129,admissible_et_classe,,2026-10-08T12:23:50.991354+00:00,"ADECCO FRANCE (ADECCO FRANCE, LHH RECRUITMENT SOLUTIONS, AKKODIS TALENT, QAPA)"
94,99882350432178,admissible_et_classe,,2026-10-08T12:37:31.847265+00:00,"ADECCO FRANCE (ADECCO FRANCE, LHH RECRUITMENT SOLUTIONS, AKKODIS TALENT, QAPA)"
93,99882350432780,admissible_et_classe,,2026-10-08T12:30:46.836642+00:00,"ADECCO FRANCE (ADECCO FRANCE, LHH RECRUITMENT SOLUTIONS, AKKODIS TALENT, QAPA)"
93,99882350433101,admissible_et_classe,,2026-10-08T12:30:46.992713+00:00,"ADECCO FRANCE (ADECCO FRANCE, LHH RECRUITMENT SOLUTIONS, AKKODIS TALENT, QAPA)"
93,99882350433119,admissible_et_classe,,2026-10-08T12:30:47.198524+00:00,"ADECCO FRANCE (ADECCO FRANCE, LHH RECRUITMENT SOLUTIONS, AKKODIS TALENT, QAPA)"
93,99882350433127,admissible_et_classe,,2026-10-08T12:30:47.420890+00:00,"ADECCO FRANCE (ADECCO FRANCE, LHH RECRUITMENT SOLUTIONS, AKKODIS TALENT, QAPA)"
77,99882350434125,admissible_et_classe,,2026-10-08T12:23:51.208541+00:00,"ADECCO FRANCE (ADECCO FRANCE, LHH RECRUITMENT SOLUTIONS, AKKODIS TALENT, QAPA)"
94,99882350434844,admissible_et_classe,,2026-10-08T12:37:31.953499+00:00,"ADECCO FRANCE (ADECCO FRANCE, LHH RECRUITMENT SOLUTIONS, AKKODIS TALENT, QAPA)"
94,99882350435023,admissible_et_classe,,2026-10-08T12:37:32.270649+00:00,"ADECCO FRANCE (ADECCO FRANCE, LHH RECRUITMENT SOLUTIONS, AKKODIS TALENT, QAPA)"
93,99882350435361,admissible_et_classe,,2026-10-08T12:30:47.622497+00:00,"ADECCO FRANCE (ADECCO FRANCE, LHH RECRUITMENT SOLUTIONS, AKKODIS TALENT, QAPA)"
93,99882350435858,admissible_et_classe,,2026-10-08T12:30:47.811039+00:00,"ADECCO FRANCE (ADECCO FRANCE, LHH RECRUITMENT SOLUTIONS, AKKODIS TALENT, QAPA)"
77,99882350435932,admissible_et_classe,,2026-10-08T12:23:51.412583+00:00,"ADECCO FRANCE (ADECCO FRANCE, LHH RECRUITMENT SOLUTIONS, AKKODIS TALENT, QAPA)"
77,99882350437896,admissible_et_classe,,2026-10-08T12:23:51.604855+00:00,"ADECCO FRANCE (ADECCO FRANCE, LHH RECRUITMENT SOLUTIONS, AKKODIS TALENT, QAPA)"
77,99882350438134,admissible_et_classe,,2026-10-08T12:23:51.827864+00:00,"ADECCO FRANCE (ADECCO FRANCE, LHH RECRUITMENT SOLUTIONS, AKKODIS TALENT, QAPA)"
